id,표제어,표제어변형,축1,축2,축3,축4,캡션,이미지링크,중요도,과목,유형,시대,태그,출처
1,진경산수화,眞景山水畵,중국 남종화의 관념적 필법에서 벗어나 우리 국토의 실경을 직접 답사·사생하여 그린 조선 후기 화풍. 겸재 정선이 개척,,"의의: 중국 화보 중심의 관념산수에서 벗어나 우리 산천을 직접 답사해 그리는 독자적 화풍을 확립, 한국 회화사의 자주적 성취로 평가됨",배경: 조선 후기 성리학적 자연관과 문화적 자의식(조선중화주의) 고조를 배경으로 정선이 개척,"정선, 〈인왕제색도〉, 1751",https://commons.wikimedia.org/wiki/Special:FilePath/Inwangjesaekdo.jpg?width=900,1,한국미술사,사조,조선후기,정선;산수화;회화,
2,인왕제색도,仁王霽色圖,정선이 비 갠 직후의 인왕산을 그린 만년 대표작. 짙은 적묵으로 화강암 암벽의 육중한 양감을 표현,,"의의: 비 갠 뒤 인왕산의 실경을 적묵법·묵찰법으로 웅혼하게 표현, 정선 진경산수화의 최고 경지를 보여줌",배경: 정선이 인왕산 아래 살던 절친한 벗 이병연의 쾌유를 기원하며 1751년 제작한 것으로 추정,"정선, 〈인왕제색도〉, 1751",https://upload.wikimedia.org/wikipedia/commons/6/6f/After_Rain_at_Mt._Inwang.jpg,1,한국미술사,작품,조선후기,정선;산수화;국보,
3,금강전도,金剛全圖,정선이 금강산 일만이천봉을 원형 구도로 부감하여 담은 작품. 토산은 미점·암산은 수직준으로 대비,,의의: 부감법으로 금강산 전경을 한 화면에 압축해 진경산수화의 완성도를 보여주는 대표작,배경: 정선이 금강산을 직접 답사한 경험을 바탕으로 1734년경 제작,"정선, 〈금강전도〉, 1734",https://commons.wikimedia.org/wiki/Special:FilePath/Jeong_Seon-Geumgangjeondo.jpg?width=900,1,한국미술사,작품,조선후기,정선;산수화,
4,적묵법,積墨法,짙은 먹을 마르기 전에 여러 번 겹쳐 발라 쌓아 올려 깊이와 양감을 내는 필묵법,,,,"정선, 〈인왕제색도〉, 1751 — 적묵법",https://upload.wikimedia.org/wikipedia/commons/6/6f/After_Rain_at_Mt._Inwang.jpg,2,한국미술사,기법,조선후기,정선;필묵법,
5,미점법,米點法,붓을 뉘어 짧고 뭉툭한 점을 반복해 찍는 준법. 미불 부자에게서 유래하여 토산의 무성한 수목 표현에 사용,,,,"미우인, 〈운산도〉, 남송",https://commons.wikimedia.org/wiki/Special:FilePath/%E5%8D%97%E5%AE%8B_%E7%B1%B3%E5%8F%8B%E4%BB%81_%E9%9B%B2%E5%B1%B1%E5%9C%96_%E5%8D%B7-Cloudy_Mountains_MET_DP212993.jpg?width=800,2,한국미술사,기법,,준법;필묵법,
6,부벽준,斧劈皴,도끼로 팬 자국처럼 붓을 옆으로 쓸어 각지고 힘찬 바위를 표현하는 준법. 북종화 계열,,,,"마원, 〈답가도〉, 남송",https://commons.wikimedia.org/wiki/Special:FilePath/Ma_Yuan_-_Dancing_and_Singing-_Peasants_Returning_from_Work.jpg?width=800,2,한국미술사,기법,,준법,
7,피마준,披麻皴,삼 껍질을 늘어놓은 듯 부드럽고 긴 선을 겹쳐 흙산을 표현하는 준법. 남종화 계열,,,,"황공망, 〈부춘산거도〉(부분), 1350",https://commons.wikimedia.org/wiki/Special:FilePath/Huang_Gongwang._Dwelling_in_the_Fuchun_Mountains._detail._National_Palace_Museum%2C_Taipei.jpg?width=800,2,한국미술사,기법,,준법;남종화,
8,갈필,渴筆 / 乾筆,붓의 수분을 극도로 제한하여 거칠고 까칠하게 긋는 필법. 고졸하고 메마른 정취를 자아냄,,,,"김정희, 〈세한도〉, 1844",https://commons.wikimedia.org/wiki/Special:FilePath/SehandoLarge.jpg?width=800,2,한국미술사,기법,조선후기,김정희;문인화;필묵법,
9,세한도,歲寒圖,김정희가 제자 이상적의 변함없는 의리에 감사하여 그린 문인화. 갈필의 극도로 절제된 화면,,"의의: 극도로 절제된 필묵으로 문인화의 정신성을 극한까지 구현, 조선 문인화의 최고 경지로 평가됨",배경: 제주 유배 중 변함없이 의리를 지킨 제자 이상적에게 소나무·잣나무의 절개를 빗대어 그려줌,"김정희, 〈세한도〉, 1844",https://commons.wikimedia.org/wiki/Special:FilePath/SehandoLarge.jpg?width=900,1,한국미술사,작품,조선후기,김정희;문인화;국보,
10,서권기 문자향,書卷氣 文字香,깊은 학문적 소양에서 우러나는 책의 기운과 문자의 향기가 붓끝에 배어나는 경지. 김정희의 문인화론,,,,,,1,한국미술사,개념,조선후기,김정희,
11,추사체,秋史體,김정희가 한·예서의 고법을 연구해 이룬 개성적 서체. 파격적 구성과 필획의 강약 대비가 특징,,,,김정희 글씨 — 획의 굵기와 크기가 자유롭게 변한다,https://commons.wikimedia.org/wiki/Special:FilePath/Chusa-Chusache-01.jpg?width=900,2,한국미술사,개념,조선후기,김정희;서예,
12,풍속화,風俗畵,서민의 생업과 놀이 등 일상을 소재로 그린 조선 후기 회화 장르. 김홍도·신윤복·김득신이 대표,,"의의: 양반이 아닌 서민의 생업·놀이를 소재로 삼아 회화의 관심을 현실 생활로 확장, 조선 후기 사회상을 생생히 기록","배경: 실학의 현실 인식과 서민 의식 성장, 상업 경제 발달을 배경으로 김홍도·신윤복 등이 주도",,,1,한국미술사,사조,조선후기,회화,
13,씨름도,-,김홍도 단원풍속도첩의 대표작. 구경꾼을 원형으로 배치하고 배경을 생략해 중앙에 시선을 집중,,"의의: 원형 구도와 생략된 배경으로 서민 생활상을 생동감 있게 포착, 조선 후기 풍속화의 대표작으로 꼽힘",배경: 김홍도 단원풍속도첩에 수록된 작품으로 서민의 놀이 문화에 대한 관심을 배경으로 제작,"김홍도, 〈씨름〉, 18세기",https://upload.wikimedia.org/wikipedia/commons/thumb/e/ef/Danwon_Ssireum.jpg/1280px-Danwon_Ssireum.jpg,1,한국미술사,작품,조선후기,풍속화,
14,단오풍정,端午風情,신윤복이 단옷날 여인들의 정경과 이를 엿보는 승려를 함께 그린 작품. 담채의 산뜻한 색감,,의의: 여성의 일상과 정취를 대담하게 그려 조선 후기 풍속화의 감각적 색채와 시선을 대표,배경: 조선 후기 서민·중인 문화의 성장과 신윤복 개인의 파격적 화풍을 배경으로 제작,"신윤복, 〈단오풍정〉, 18세기 말~19세기 초",https://commons.wikimedia.org/wiki/Special:FilePath/Hyewon-Danopungjeong.jpg?width=900,1,한국미술사,작품,조선후기,풍속화,
15,몽유도원도,夢遊桃源圖,안견이 안평대군의 꿈 이야기를 사흘 만에 그린 작품. 왼쪽 현실에서 오른쪽 이상향으로 전개,,"의의: 안평대군의 꿈 이야기를 관념적 이상향으로 형상화, 조선 초기 안견파 화풍의 정수를 보여주는 최고 걸작으로 평가됨",배경: 안평대군이 무릉도원 꿈을 꾼 뒤 안견에게 그리게 하여 1447년 제작,"안견, 〈몽유도원도〉, 1447",https://commons.wikimedia.org/wiki/Special:FilePath/Ahn_Gyeon-Mongyu_dowondo.jpg?width=900,1,한국미술사,작품,조선전기,산수화,
16,안견,安堅,조선 전기 최고의 화원. 곽희파 화풍을 소화해 조선 전기 산수화의 한 유파를 이룸,,,,"안견, 〈몽유도원도〉, 1447",https://commons.wikimedia.org/wiki/Special:FilePath/Ahn_Gyeon-Mongyu_dowondo.jpg?width=900,2,한국미술사,인물,조선전기,화원;산수화,
17,고사관수도,高士觀水圖,강희안의 작품. 바위에 턱을 괴고 물을 바라보는 선비를 대담한 필치로 그린 소경산수인물화,,,,"강희안, 〈고사관수도〉, 조선 전기",https://commons.wikimedia.org/wiki/Special:FilePath/Joseon-Kang_Huian-Gosagwansudo.jpg?width=900,2,한국미술사,작품,조선전기,문인화,
18,초충도,草蟲圖,풀과 벌레를 소재로 한 그림. 신사임당의 작품이 널리 알려짐,,,,"신사임당, 〈초충도〉, 16세기 전반",https://commons.wikimedia.org/wiki/Special:FilePath/%EC%8B%A0%EC%82%AC%EC%9E%84%EB%8B%B9_%EC%B4%88%EC%B6%A9%EB%8F%84%28%E8%8D%89%E8%9F%B2%E5%9C%96%29_16%EC%84%B8%EA%B8%B0_%EC%A0%84%EB%B0%98_12948.jpg?width=900,3,한국미술사,작품,조선전기,,
19,도화서,圖畵署,조선시대 국가의 그림 업무를 담당하던 관청. 소속 화가를 화원이라 함,,,,,,2,한국미술사,개념,,화원,
20,사군자,四君子,매화·난초·국화·대나무. 선비의 지조와 절개를 상징하는 문인화 소재,,,,,,1,한국미술사,개념,,문인화,
21,십장생,十長生,해·산·물·돌·소나무·구름·불로초·거북·학·사슴 등 장수를 상징하는 소재,,,,,,3,한국미술사,개념,,민화,
22,단청,丹靑,목조 건축물에 오방색으로 무늬를 그려 장식하고 목재를 보호하는 전통 채색,,,,법주사 천장 단청,https://commons.wikimedia.org/wiki/Special:FilePath/Korea-Boeun-Beopjusa-Ceiling-01.jpg?width=800,2,한국미술사,기법,,건축,
23,석굴암 본존불,石窟庵 本尊佛,통일신라 불교 조각의 정점. 이상적 비례와 사실적 양감이 조화를 이룸,,의의: 완벽한 비례와 균제미로 통일신라 불교 조각의 정점을 이루며 인공 석굴이라는 뛰어난 건축·과학 기술을 보여줌,배경: 불국토 구현 이상과 신라의 축적된 석조 기술을 배경으로 김대성이 발원해 조성,"〈석굴암 본존불〉, 통일신라 8세기",https://commons.wikimedia.org/wiki/Special:FilePath/%EC%84%9D%EA%B5%B4%EC%95%94_%EB%B3%B8%EC%A1%B4%EB%B6%881.jpg?width=900,1,한국미술사,작품,통일신라,불상;국보,
24,금동미륵보살반가사유상,金銅彌勒菩薩半跏思惟像,한쪽 다리를 무릎에 얹고 손가락을 뺨에 댄 채 사유하는 자세의 삼국시대 불상,,의의: 깊은 사색에 잠긴 표정과 부드러운 신체 표현으로 삼국시대 불교 조각의 정수를 보여주며 일본 목조 반가사유상에도 영향,배경: 미륵 신앙(미래불에 대한 기다림)의 유행을 배경으로 조성,"〈금동미륵보살반가사유상〉(국보 78호), 삼국",https://commons.wikimedia.org/wiki/Special:FilePath/Pensive_Bodhisattva_%28National_Treasure_No._78%29_01.jpg?width=900,1,한국미술사,작품,삼국,불상;국보,
25,서산마애삼존불,瑞山磨崖三尊佛,백제의 미소로 불리는 마애불. 온화하고 자애로운 미소가 특징,,,,"〈서산 용현리 마애여래삼존상〉, 백제 — 백제의 미소",https://commons.wikimedia.org/wiki/Special:FilePath/Rock_carved_Buddha_triad_in_Seosan%2C_South_Korea.jpg?width=900,2,한국미술사,작품,삼국,불상;백제,
26,수인,手印,불상의 손 모양. 부처의 깨달음과 서원을 상징적으로 나타냄,,,,,,2,한국미술사,개념,,불상,
27,항마촉지인,降魔觸地印,오른손을 무릎 아래로 내려 땅을 가리키는 수인. 석가가 마귀를 항복시킨 순간을 상징,,,,,,2,한국미술사,개념,,불상,
28,광배,光背,불상의 몸에서 발하는 빛을 형상화한 장식. 두광과 신광으로 구분,,,,,,3,한국미술사,개념,,불상,
29,미륵사지 석탑,彌勒寺址石塔,백제의 석탑. 현존 최고·최대의 석탑으로 목탑 양식을 돌로 번안,,의의: 현존하는 가장 오래되고 큰 석탑으로 목탑 양식을 돌로 재현한 초기 석탑 양식을 보여줌,배경: 백제 무왕이 미륵 신앙에 따라 조성한 미륵사의 서탑으로 건립,"〈익산 미륵사지 석탑〉, 백제 — 복원 후",https://commons.wikimedia.org/wiki/Special:FilePath/%EC%9D%B5%EC%82%B0_%EB%AF%B8%EB%A5%B5%EC%82%AC%EC%A7%80_%EC%84%9D%ED%83%91%282019%EB%85%84%29_%EB%82%A8%EB%8F%99%EC%B8%A1%EB%A9%B4.jpg?width=900,1,한국미술사,작품,삼국,탑;백제;국보,
30,정림사지 오층석탑,定林寺址五層石塔,백제 석탑의 완성형. 얇고 넓은 옥개석과 경쾌한 체감률이 특징,,,,"〈부여 정림사지 오층석탑〉, 백제",https://commons.wikimedia.org/wiki/Special:FilePath/Jeongnimsa_Temple_04.jpg?width=900,2,한국미술사,작품,삼국,탑;백제,
31,감은사지 삼층석탑,感恩寺址三層石塔,통일신라 초기 석탑의 전형. 이중기단 위 삼층으로 웅장하고 장중,,,,"〈감은사지 삼층석탑〉, 통일신라 682",https://commons.wikimedia.org/wiki/Special:FilePath/Gameunsa_%EA%B0%90%EC%9D%80%EC%82%AC%EC%A7%80_%E6%84%9F%E6%81%A9%E5%AF%BA%E5%9D%80_%285341515869%29.jpg?width=900,2,한국미술사,작품,통일신라,탑,
32,불국사 삼층석탑,佛國寺三層石塔,석가탑·무영탑으로 불리는 통일신라 석탑의 완성. 무구정광대다라니경이 발견됨,,의의: 통일신라 석탑의 전형(이중기단+3층탑신)을 완성해 이후 석탑의 표준이 됨,배경: 불국토 구현이라는 신라인의 이상을 실현하고자 석굴암과 함께 김대성이 발원해 조성,"〈불국사 삼층석탑(석가탑)〉, 통일신라 8세기",https://commons.wikimedia.org/wiki/Special:FilePath/Seokgatap_pagoda_%28Bulguksa%29.jpg?width=900,1,한국미술사,작품,통일신라,탑;국보,
33,다보탑,多寶塔,정형에서 벗어난 통일신라의 이형 석탑. 목조 건축을 옮긴 듯 화려하고 복잡한 구조,,의의: 정형화된 신라 석탑 양식을 벗어난 이형 석탑의 대표작으로 통일신라 석조 기술의 정교함을 보여줌,배경: 법화경의 다보여래·석가여래 병존 사상을 시각화하고자 불국사에 조성,"〈다보탑〉, 통일신라 8세기",https://commons.wikimedia.org/wiki/Special:FilePath/Korea-Gyeongju-Bulguksa-Dabotap_Pagoda-01.jpg?width=900,1,한국미술사,작품,통일신라,탑;국보,
34,경천사지 십층석탑,敬天寺址十層石塔,고려 후기 원의 영향을 받은 대리석 탑. 조선 원각사지 십층석탑으로 계승,,,,"〈경천사지 십층석탑〉, 고려 1348",https://commons.wikimedia.org/wiki/Special:FilePath/Korea-Seoul-National_Museum_Gyeongcheonsa_Pagoda_0187%268-06.jpg?width=900,3,한국미술사,작품,고려,탑,
35,상감청자,象嵌靑磁,표면에 무늬를 파고 백토·자토를 메워 구운 고려의 독자적 청자 기법,,,,"〈청자 상감운학문 매병〉, 고려",https://commons.wikimedia.org/wiki/Special:FilePath/%EC%B2%AD%EC%9E%90_%EC%83%81%EA%B0%90_%EA%B5%AC%EB%A6%84_%ED%95%99_%EB%AC%B4%EB%8A%AC_%EB%A7%A4%EB%B3%91_%EA%B3%A0%EB%A0%A4-%E9%9D%91%E7%A3%81%E8%B1%A1%E5%B5%8C%E9%9B%B2%E9%B6%B4%E6%96%87%E6%A2%85%E7%94%81_%E9%AB%98%E9%BA%97-Maebyeong_decorated_with_cranes_and_clouds_MET_DT4857.jpg?width=800,1,한국미술사,기법,고려,도자;공예,
36,분청사기,粉靑沙器,회청색 태토에 백토를 분장한 조선 전기 도자. 자유분방하고 소박한 미감,,,,,,1,한국미술사,개념,조선전기,도자;공예,
37,백자 달항아리,白磁 壺,조선 후기의 순백 대형 항아리. 완전한 원이 아닌 넉넉한 비대칭이 자연스러운 미감을 형성,,"의의: 꾸밈없는 둥근 형태와 우윳빛 순백으로 조선 백자, 나아가 한국적 미의식(자연스러움)을 대표하는 상징이 됨",배경: 조선 후기 유교적 검약 미의식과 사옹원 관요의 백자 제작 전통을 배경으로 등장,"〈백자 달항아리〉, 조선 18세기",https://commons.wikimedia.org/wiki/Special:FilePath/Moon_jar._18thC.Joseon_Dynasty.British_Museum.jpg?width=900,1,한국미술사,작품,조선후기,도자;공예,
38,나전칠기,螺鈿漆器,전복·소라 껍데기를 얇게 갈아 무늬로 붙이고 옻칠한 공예,,,,"〈나전 칠 모란 넝쿨무늬 상자〉, 조선",https://commons.wikimedia.org/wiki/Special:FilePath/%EB%82%98%EC%A0%84_%EC%B9%A0_%EB%AA%A8%EB%9E%80_%EB%84%9D%EC%BF%A8_%EB%AC%B4%EB%8A%AC_%EC%83%81%EC%9E%90-%EC%A1%B0%EC%84%A0-%E8%9E%BA%E9%88%BF%E6%BC%86%E7%89%A1%E4%B8%B9%E5%94%90%E8%8D%89%E6%96%87%E7%AE%B1%E5%AD%90_%E6%9C%9D%E9%AE%AE-Box_with_decoration_of_peony_scrolls_MET_DP138503.jpg?width=800,3,한국미술사,기법,고려,공예,
39,금관,金冠,신라 고분에서 출토된 금제 관. 출자형 세움장식과 곡옥·영락 장식이 특징,,,,"〈천마총 금관〉, 신라 — 출자형 세움장식과 곡옥",https://commons.wikimedia.org/wiki/Special:FilePath/%EC%B2%9C%EB%A7%88%EC%B4%9D_%EA%B8%88%EA%B4%80.jpg?width=900,2,한국미술사,작품,삼국,공예,
40,배흘림기둥,-,기둥 중간을 볼록하게 하여 아래로 갈수록 가늘어 보이는 착시를 교정한 기법. 엔타시스와 상통,,,,"영주 부석사 무량수전, 고려",https://commons.wikimedia.org/wiki/Special:FilePath/Muryangsujeon_at_Buseoksa_01.jpg?width=800,1,한국미술사,기법,고려,건축,
41,주심포 양식,柱心包 樣式,공포를 기둥 위에만 배치하는 방식. 고려 시대 건축에 주로 사용되며 간결하고 단정,,,,,,2,한국미술사,개념,고려,건축,
42,다포 양식,多包 樣式,기둥 위뿐 아니라 기둥 사이에도 공포를 배치하는 방식. 조선 시대에 성행하며 화려하고 장중,,,,,,2,한국미술사,개념,조선전기,건축,
43,부석사 무량수전,浮石寺 無量壽殿,고려 목조 건축의 백미. 주심포 양식과 배흘림기둥의 조화,,의의: 배흘림기둥과 주심포 공포로 고려시대 목조건축의 비례미를 대표하는 현존 최고(最古)급 건물,배경: 아미타 신앙(무량수불)에 따라 산지 사찰 가람으로 조성,"영주 〈부석사 무량수전〉, 고려",https://commons.wikimedia.org/wiki/Special:FilePath/Muryangsujeon_at_Buseoksa_01.jpg?width=900,1,한국미술사,작품,고려,건축;국보,
44,이중섭,李仲燮,소를 반복해 그리며 굵고 힘찬 선으로 민족적 정서를 표출한 근대 화가. 은지화로도 유명,,의의: 소·아이 등 향토적 소재와 은지화 같은 독창적 기법으로 한국 근대 서양화의 대표 화가로 평가됨,배경: 한국전쟁으로 인한 가족 이산의 아픔과 궁핍한 삶 속에서 독자적 화풍을 전개,,,1,한국미술사,인물,근현대,,
45,박수근,朴壽根,화강암 표면 같은 두터운 마티에르 위에 서민의 일상을 단순한 형태로 그린 화가,,의의: 화강암 마티에르 같은 질감으로 서민의 소박한 삶을 그려 한국적 정서를 대표하는 화가로 평가됨,배경: 한국전쟁 전후의 궁핍한 서민 생활을 직접 체험하며 독자적 화풍을 전개,,,1,한국미술사,인물,근현대,,
46,김환기,金煥基,한국 추상미술의 선구자. 점을 무수히 찍어 화면을 채운 점화 연작으로 알려짐,,,,,,2,한국미술사,인물,근현대,,
47,백남준,白南準,비디오아트를 창시한 세계적 작가. TV와 영상 매체를 예술의 재료로 전환,,"의의: TV·비디오를 예술 매체로 처음 도입해 비디오아트라는 장르를 개척, 세계 미디어아트의 선구자로 평가됨",배경: 플럭서스 활동과 전자공학에 대한 관심을 결합해 전개,,,1,한국미술사,인물,근현대,,
48,라스코 동굴벽화,Lascaux,프랑스 구석기 동굴벽화. 들소·말 등을 생생하게 묘사하며 주술적 목적으로 추정,,,,"〈라스코 동굴벽화〉, 구석기",https://commons.wikimedia.org/wiki/Special:FilePath/LascauxStier.jpg?width=900,2,서양미술사,작품,선사,,
49,빌렌도르프의 비너스,Venus of Willendorf,과장된 가슴과 배를 지닌 구석기 여인 조각상. 다산과 풍요를 기원한 상징물,,,,"〈빌렌도르프의 비너스〉, 구석기",https://commons.wikimedia.org/wiki/Special:FilePath/Venus_of_Willendorf_frontview_retouched_2.jpg?width=900,2,서양미술사,작품,선사,조각,
50,콘트라포스토,Contrapposto,한쪽 다리에 무게를 두어 골반과 어깨 축이 반대로 기울어지는 자세. 자연스러운 생동감을 형성,,,,,https://upload.wikimedia.org/wikipedia/commons/thumb/8/80/Michelangelo%27s_David_-_right_view_2.jpg/1280px-Michelangelo%27s_David_-_right_view_2.jpg,1,서양미술사,원리,고대,조각,
51,파르테논 신전,Parthenon,아테네 아크로폴리스의 도리아식 신전. 그리스 고전기 비례미의 전형,,,,"〈파르테논 신전〉, 기원전 5세기",https://commons.wikimedia.org/wiki/Special:FilePath/Parthenon_%28south_side%29.jpg?width=900,2,서양미술사,작품,고대,건축;그리스,
52,엔타시스,Entasis,기둥 중간을 불룩하게 하여 가늘어 보이는 착시를 보정한 그리스 건축 기법,,,,"〈파르테논 신전〉, 기원전 5세기",https://commons.wikimedia.org/wiki/Special:FilePath/Parthenon_%28south_side%29.jpg?width=800,2,서양미술사,기법,고대,건축,
53,로마네스크,Romanesque,반원 아치와 두꺼운 벽·작은 창이 특징인 중세 건축 양식. 육중하고 어두운 실내,,,,"〈생트푸아 수도원 성당〉, 콩크 — 반원 아치와 두꺼운 벽",https://commons.wikimedia.org/wiki/Special:FilePath/Conques%2C_L%27abbatiale_Sainte-Foy_PM_17221.jpg?width=900,2,서양미술사,사조,중세,건축,
54,고딕,Gothic,첨두 아치와 리브 볼트로 벽을 얇게 하여 수직성과 채광을 극대화한 중세 양식,,"의의: 첨두아치·리브 볼트·플라잉 버트레스로 벽을 걷어내고 스테인드글라스로 채운 빛의 건축을 완성, 성당 건축의 정점을 이룸",배경: 12세기 프랑스 왕권·도시 상공업 발달과 신을 빛으로 상징하는 신학 사상을 배경으로 생드니 수도원장 쉬제르가 창시,〈아미앵 대성당〉 내부 — 첨두 아치와 리브 볼트,https://commons.wikimedia.org/wiki/Special:FilePath/Amiens_-_grandes_arches%2C_triforium_et_claire-voie.jpg?width=900,1,서양미술사,사조,중세,건축,
55,플라잉 버트레스,Flying Buttress,고딕 성당에서 지붕의 횡압력을 외부로 받아내는 부벽. 벽을 얇게 하고 큰 창을 가능하게 함,,,,,,1,서양미술사,개념,중세,건축;고딕,
56,스테인드글라스,Stained Glass,색유리를 납으로 이어 붙인 창. 고딕 성당에서 신비로운 빛으로 신의 은총을 상징,,,,"〈생트샤펠〉 스테인드글라스, 13세기",https://commons.wikimedia.org/wiki/Special:FilePath/Sainte_Chapelle_Interior_Stained_Glass.jpg?width=800,2,서양미술사,기법,중세,건축;고딕,
57,선원근법,Linear Perspective,하나의 소실점으로 선을 수렴시켜 깊이를 재현하는 기법. 브루넬레스키가 창안하고 알베르티가 이론화,,,,,,1,서양미술사,원리,르네상스,원근법;르네상스,
58,스푸마토,Sfumato,윤곽선을 안개처럼 흐릿하게 번지듯 처리하는 기법. 레오나르도 다 빈치가 확립,,,,"레오나르도 다 빈치, 〈모나리자〉, 1503~1519",https://commons.wikimedia.org/wiki/Special:FilePath/Mona_Lisa%2C_by_Leonardo_da_Vinci%2C_from_C2RMF_retouched.jpg?width=800,1,서양미술사,기법,르네상스,유화,
59,키아로스쿠로,Chiaroscuro / 명암법,명암의 점진적 대비로 입체감을 만드는 기법. 르네상스 이후 회화의 기본 원리,,,,"카라바조, 〈엠마오의 저녁 식사〉, 1601",https://commons.wikimedia.org/wiki/Special:FilePath/1602-3_Caravaggio%2CSupper_at_Emmaus_National_Gallery%2C_London.jpg?width=800,2,서양미술사,기법,르네상스,명암법,
60,최후의 만찬,The Last Supper,레오나르도가 예수의 배신 예고 직후 사도들의 동요를 그린 벽화. 소실점이 예수 머리에 위치,,"의의: 소실점을 예수 머리에 두고 열두 제자의 각기 다른 심리적 동요를 한 화면에 구현, 서사 회화의 새로운 전형을 세움",배경: 밀라노 산타 마리아 델레 그라치에 수도원 식당 벽화로 스포르차 가문의 후원을 받아 제작,"레오나르도 다 빈치, 〈최후의 만찬〉, 1495~1498",https://commons.wikimedia.org/wiki/Special:FilePath/Leonardo_da_Vinci_%281452-1519%29_-_The_Last_Supper_%281495-1498%29.jpg?width=900,1,서양미술사,작품,르네상스,원근법,
61,비너스의 탄생,The Birth of Venus,보티첼리가 조개 위에 선 비너스를 그린 작품. 우아한 곡선과 이교적 주제,,,,"보티첼리, 〈비너스의 탄생〉, 1485년경",https://commons.wikimedia.org/wiki/Special:FilePath/La_nascita_di_Venere_%28Botticelli%29.jpg?width=900,2,서양미술사,작품,르네상스,,
62,아테네 학당,The School of Athens,라파엘로가 고대 철학자들을 한자리에 그린 벽화. 좌우 대칭과 원근법의 모범,,,,"라파엘로, 〈아테네 학당〉, 1509~1511",https://commons.wikimedia.org/wiki/Special:FilePath/%22The_School_of_Athens%22_by_Raffaello_Sanzio_da_Urbino.jpg?width=900,2,서양미술사,작품,르네상스,원근법,
63,미켈란젤로,Michelangelo,조각·회화·건축을 아우른 르네상스 거장. 다비드상과 시스티나 천장화가 대표작,,"의의: 인체를 통해 신적 이상과 인간 정신의 힘을 동시에 구현, 조각·회화·건축 모두에서 전성기 르네상스의 정점을 보여줌",배경: 메디치가·교황청의 후원을 배경으로 고대 조각 연구와 신플라톤주의 사상을 결합,"미켈란젤로, 〈피에타〉, 1499",https://commons.wikimedia.org/wiki/Special:FilePath/Michelangelo%27s_Pieta_5450_cropncleaned_edit.jpg?width=900,1,서양미술사,인물,르네상스,조각;르네상스,
64,테네브리즘,Tenebrism,배경을 어둠으로 소거하고 인물에만 극단적 단일 광선을 투사하는 바로크 명암법,,,,"카라바조, 〈성 마태오의 소명〉, 1599~1600",https://commons.wikimedia.org/wiki/Special:FilePath/Caravaggio%2C_Michelangelo_Merisi_da_-_The_Calling_of_Saint_Matthew_-_1599-1600_%28hi_res%29.jpg?width=800,1,서양미술사,기법,바로크,명암법,
65,카라바조,Caravaggio,격렬한 명암 대비와 사실적 묘사로 바로크 회화를 연 화가,,의의: 극적인 명암 대비(테네브리즘)와 성인을 서민의 모습으로 그리는 사실주의로 바로크 회화의 새 장을 열고 유럽 전역에 카라바지스티를 낳음,배경: 반종교개혁 시기 대중이 공감할 수 있는 사실적 종교화에 대한 요구를 배경으로 활동,"카라바조, 〈홀로페르네스의 목을 치는 유디트〉, 1599년경",https://commons.wikimedia.org/wiki/Special:FilePath/Judith_Beheading_Holofernes_-_Caravaggio.jpg?width=900,1,서양미술사,인물,바로크,명암법,
66,렘브란트,Rembrandt,빛과 어둠으로 인물의 내면을 드러낸 네덜란드 화가. 야경과 자화상 연작이 유명,,"의의: 빛과 그림자의 극적 대비(렘브란트 라이팅)로 인물의 내면 심리를 표현, 집단 초상화를 생동감 있는 서사로 바꿔놓음",배경: 네덜란드 황금기의 시민 계급 초상화 수요를 배경으로 활동,"렘브란트, 〈야경〉, 1642",https://commons.wikimedia.org/wiki/Special:FilePath/La_ronda_de_noche%2C_por_Rembrandt_van_Rijn.jpg?width=900,1,서양미술사,인물,바로크,명암법;초상화,
67,로코코,Rococo,18세기 프랑스 귀족 취향의 섬세하고 우아한 양식. 파스텔 색조와 유희적 주제,,,,"프라고나르, 〈그네〉, 1767",https://commons.wikimedia.org/wiki/Special:FilePath/Fragonard%2C_The_Swing.jpg?width=900,2,서양미술사,사조,바로크,,
68,신고전주의,Neoclassicism,고대 그리스·로마의 균형과 이성을 이상으로 삼은 사조. 자크 루이 다비드가 대표,,"의의: 고대 그리스·로마의 균형·이성을 이상으로 삼아 계몽주의·프랑스 혁명의 시민적 덕목을 시각화, 낭만주의 이전 서양 미술 규범을 이룸","배경: 폼페이 발굴로 인한 고대 취향 재유행과 계몽주의 이성중심주의, 프랑스 혁명의 시민적 덕성 고취를 배경으로 대두","다비드, 〈호라티우스 형제의 맹세〉, 1784",https://commons.wikimedia.org/wiki/Special:FilePath/Jacques-Louis_David_-_Oath_of_the_Horatii_-_Google_Art_Project.jpg?width=900,1,서양미술사,사조,근대,다비드,
69,낭만주의,Romanticism,이성보다 감정과 상상력을 중시하며 격정적 색채와 동세를 강조한 사조. 들라크루아가 대표,,의의: 이성과 규범 대신 개인의 감정·상상력·이국취향을 앞세워 신고전주의의 대립항으로 자리잡고 이후 표현주의 등 주관적 미술의 원류가 됨,배경: 프랑스 혁명·나폴레옹 전쟁이 불러온 격동과 계몽주의적 이성만능주의에 대한 반발에서 대두,"들라크루아, 〈민중을 이끄는 자유의 여신〉, 1830",https://commons.wikimedia.org/wiki/Special:FilePath/Eug%C3%A8ne_Delacroix_-_La_libert%C3%A9_guidant_le_peuple.jpg?width=900,1,서양미술사,사조,근대,,
70,사실주의,Realism,이상화를 거부하고 눈에 보이는 현실과 노동하는 민중을 그린 사조. 쿠르베가 주도,,의의: 신화·역사·이상화를 거부하고 눈에 보이는 동시대 현실(노동자·농민)만을 그려 근대 회화의 태도를 바꿔놓음,배경: 1848년 혁명 이후 사회 현실에 대한 관심 고조와 낭만주의적 이상화에 대한 반발로 쿠르베가 주도,"쿠르베, 〈돌 깨는 사람들〉, 1849",https://commons.wikimedia.org/wiki/Special:FilePath/Gustave_Courbet_018.jpg?width=900,1,서양미술사,사조,근대,,
71,인상주의,Impressionism,빛과 대기에 따라 시시각각 변하는 순간적 인상을 포착하려 한 사조,,"의의: 아카데미의 실내 역사화 전통을 깨고 빛과 색의 순간적 인상을 야외에서 포착, 근대 회화·후기인상주의 이후 모든 현대미술의 출발점이 됨",배경: 튜브 물감의 발명으로 야외 작업이 가능해지고 살롱전의 보수성에 반발한 화가들이 독립 전시를 열며 대두,"모네, 〈인상, 해돋이〉, 1872",https://commons.wikimedia.org/wiki/Special:FilePath/Claude_Monet%2C_Impression%2C_soleil_levant%2C_1872.jpg?width=900,1,서양미술사,사조,근대,모네;빛,
72,색채 분할,Divisionism,순색을 팔레트에서 섞지 않고 화면에 병치하여 눈에서 광학적으로 혼색되게 하는 기법,,,,"쇠라, 〈그랑드 자트 섬의 일요일 오후〉, 1884~1886",https://commons.wikimedia.org/wiki/Special:FilePath/A_Sunday_on_La_Grande_Jatte%2C_Georges_Seurat%2C_1884.jpg?width=800,2,서양미술사,기법,근대,인상주의;모네,
73,점묘법,Pointillism,작은 색점을 규칙적으로 찍어 형태와 색을 구성하는 신인상주의 기법. 쇠라가 확립,,,,"쇠라, 〈그랑드 자트 섬의 일요일 오후〉, 1884~1886",https://commons.wikimedia.org/wiki/Special:FilePath/A_Sunday_on_La_Grande_Jatte%2C_Georges_Seurat%2C_1884.jpg?width=800,1,서양미술사,기법,근대,신인상주의;색채,
74,후기 인상주의,Post-Impressionism,인상주의의 빛 탐구를 넘어 구조·감정·상징을 추구한 흐름. 세잔·고흐·고갱,,"의의: 인상주의의 순간적 색채 인상에서 나아가 형태의 구조(세잔)·주관적 감정(고흐)·상징적 색면(고갱) 등 저마다의 조형 언어를 개척, 20세기 미술 각 갈래의 원류가 됨",배경: 인상주의가 대상의 형태·구조를 소홀히 한다는 반성에서 개별 화가들이 각자의 길을 모색하며 대두,"세잔, 〈생트빅투아르 산과 샤토 누아르〉",https://commons.wikimedia.org/wiki/Special:FilePath/Paul_Cezanne_-_Mont_Sainte-Victoire_and_Ch%C3%A2teau_Noir_-_Google_Art_Project.jpg?width=900,1,서양미술사,사조,근대,,
75,임파스토,Impasto,물감을 두껍게 쌓아 올려 붓 자국과 질감 자체를 드러내는 유화 기법,,,,"반 고흐, 〈별이 빛나는 밤〉, 1889",https://commons.wikimedia.org/wiki/Special:FilePath/Van_Gogh_-_Starry_Night_-_Google_Art_Project.jpg?width=800,2,서양미술사,기법,근대,유화,
76,세잔,Cézanne,자연을 원통·구·원뿔로 파악하고 다시점을 도입해 입체파의 길을 연 화가,,"의의: 자연을 원통·구·원추로 환원해 형태의 본질적 구조를 탐구, 입체파·20세기 추상미술의 직접적 아버지로 평가됨",배경: 인상주의의 순간적 색채 인상이 형태를 소홀히 한다는 문제의식에서 독자적 화풍을 전개,"세잔, 〈사과 바구니가 있는 정물〉, 1893년경",https://commons.wikimedia.org/wiki/Special:FilePath/Paul_C%C3%A9zanne_-_The_Basket_of_Apples_-_1926.252_-_Art_Institute_of_Chicago.jpg?width=900,1,서양미술사,인물,근대,입체파,
77,표현주의,Expressionism,대상의 재현보다 작가의 내면 감정을 왜곡된 형태와 강렬한 색으로 표출한 사조,,"의의: 사물의 외형보다 작가의 내면 감정·주관을 형태 왜곡과 강렬한 색채로 표출, 이후 신표현주의 등 감정 표출 미술의 원류가 됨",배경: 산업화된 도시 문명에 대한 불안과 소외를 배경으로 독일 다리파·청기사가 주도,,https://upload.wikimedia.org/wikipedia/commons/thumb/c/c5/Edvard_Munch%2C_1893%2C_The_Scream%2C_oil%2C_tempera_and_pastel_on_cardboard%2C_91_x_73_cm%2C_National_Gallery_of_Norway.jpg/1280px-Edvard_Munch%2C_1893%2C_The_Scream%2C_oil%2C_tempera_and_pastel_on_cardboard%2C_91_x_73_cm%2C_National_Gallery_of_Norway.jpg,1,서양미술사,사조,현대,,
78,야수파,Fauvism,원색의 강렬한 대비와 주관적 색채를 앞세운 20세기 초 사조. 마티스가 중심,,의의: 색채를 대상 재현에서 해방시켜 감정 표현의 독립적 수단으로 삼아 20세기 표현주의적 색채 사용의 물꼬를 틈,배경: 후기인상주의(고흐·고갱)의 주관적 색채 실험을 계승해 마티스 등이 1905년 살롱 도톤에서 발표,,,1,서양미술사,사조,현대,,
79,입체파,Cubism,대상을 여러 시점에서 분해하고 화면에 재구성한 사조. 피카소와 브라크가 창시,,의의: 단일 시점 원근법을 해체하고 대상을 여러 시점에서 동시에 재구성해 20세기 추상미술 전반의 문을 엶,배경: 세잔의 형태 단순화와 아프리카 원시미술의 발견을 배경으로 피카소·브라크가 주도,,,1,서양미술사,사조,현대,피카소,
80,아비뇽의 처녀들,Les Demoiselles d'Avignon,피카소가 인체를 각진 면으로 분해한 입체파의 출발점이 된 작품,,,,,,2,서양미술사,작품,현대,피카소;입체파,
81,콜라주,Collage,신문지·천 등 이질적 재료를 화면에 붙여 구성하는 기법. 입체파에서 시작,,,,"쿠르트 슈비터스, 메르츠빌트, 1930",https://commons.wikimedia.org/wiki/Special:FilePath/Kurt%20schwitters%2C%20maraak%2C%20variazione%20I%20%28merzbild%29%2C%201930.jpg?width=700,1,서양미술사,기법,현대,입체파,
82,미래주의,Futurism,속도와 기계 문명을 찬미하며 운동감을 화면에 담으려 한 이탈리아 사조,,,,"보초니, 〈도시가 일어나다〉, 1910",https://commons.wikimedia.org/wiki/Special:FilePath/The_City_Rises_by_Umberto_Boccioni_1910.jpg?width=900,2,서양미술사,사조,현대,,
83,다다,Dada,1차 대전의 참상에 반발해 기존 예술과 이성을 부정한 반예술 운동,,의의: 이성·논리·전통 미학을 전면 부정하고 우연·비합리를 예술로 끌어들여 이후 초현실주의·개념미술·플럭서스의 원류가 됨,배경: 1차대전의 참상이 서구 이성 문명에 대한 근본적 환멸을 낳으며 취리히 카바레 볼테르에서 대두,"뒤샹, 〈샘〉, 1917 (스티글리츠 촬영)",https://commons.wikimedia.org/wiki/Special:FilePath/Marcel_Duchamp%2C_1917%2C_Fountain%2C_photograph_by_Alfred_Stieglitz.jpg?width=900,1,서양미술사,사조,현대,,
84,레디메이드,Ready-made,기성품을 그대로 예술 작품으로 제시하는 방식. 뒤샹의 샘이 대표,,,,,,1,서양미술사,개념,현대,다다,
85,초현실주의,Surrealism,프로이트의 무의식 이론에 기대어 꿈과 잠재의식을 탐구한 사조. 브르통이 선언,,"의의: 프로이트의 무의식 이론을 미술에 접목해 이성 너머의 꿈·환상을 표현, 자동기술법·데페이즈망 등 새로운 창작법을 제시",배경: 다다의 반이성주의를 계승하며 브르통이 1924년 초현실주의 선언을 발표,,,1,서양미술사,사조,현대,마그리트;무의식,
86,데페이즈망,Dépaysement,사물을 본래 맥락에서 떼어내 낯선 곳에 배치해 충격을 주는 초현실주의 기법,,,,,,2,서양미술사,기법,현대,마그리트;초현실주의,
87,추상표현주의,Abstract Expressionism,2차 대전 후 미국에서 일어난 대형 추상 회화 운동. 액션 페인팅과 색면 추상으로 전개,,"의의: 유럽 아방가르드에 의존하던 미국 미술을 독자적 세계 사조로 격상, 회화의 크기·행위성·물성을 극대화",배경: 2차대전 이후 뉴욕이 세계 미술 중심지로 부상하며 초현실주의 망명 작가들의 자동기술법 영향 속에 대두,,,1,서양미술사,사조,현대,,
88,액션 페인팅,Action Painting,물감을 뿌리고 흘리며 그리는 행위 자체를 강조한 기법. 폴록이 대표,,,,,,1,서양미술사,기법,현대,추상표현주의,
89,색면 추상,Color Field Painting,거대한 색면을 통해 명상적 감정을 유도하는 추상. 로스코와 뉴먼,,,,,,2,서양미술사,사조,현대,,
90,팝아트,Pop Art,대중매체와 소비문화의 이미지를 차용한 사조. 워홀과 리히텐슈타인이 대표,,"의의: 순수미술과 대중문화(광고·만화)의 경계를 허물어 소비사회의 이미지를 예술로 승격, 고급/저급 미술 구분에 근본적 의문을 제기",배경: 2차대전 후 미국의 대량생산·대중매체 소비문화 번영을 배경으로 대두,,,1,서양미술사,사조,포스트모던,,
91,미니멀리즘,Minimalism,표현을 최소한의 기하 형태와 산업 재료로 환원한 사조,,"의의: 작가의 개성·표현성을 배제하고 단순 기하 형태 자체를 제시해 관람자의 신체적 지각 경험을 강조, 이후 개념미술·포스트미니멀리즘에 영향",배경: 추상표현주의의 과도한 주관성·표현성에 대한 반발로 저드·모리스 등이 주도,,,1,서양미술사,사조,포스트모던,,
92,개념미술,Conceptual Art,완성된 결과물보다 작품의 아이디어와 개념 자체를 본질로 보는 미술,,의의: 예술의 본질을 물리적 대상이 아닌 아이디어 자체로 재정의해 미니멀리즘 이후 현대미술의 비물질화·탈매체화를 이끎,"배경: 상품화된 미술 시장과 형식주의 비평에 대한 반발, 뒤샹의 레디메이드 전통에서 대두",,,1,서양미술사,사조,포스트모던,,
93,대지미술,Land Art,자연 대지를 재료이자 장소로 삼아 대규모로 작업하는 미술. 스미스슨의 나선형 방파제,,,,"스미슨, 〈나선형 방파제〉, 1970",https://commons.wikimedia.org/wiki/Special:FilePath/Spiral_Jetty_Smithson_Laramee.jpg?width=900,2,서양미술사,사조,포스트모던,,
94,설치미술,Installation Art,공간 전체를 구성하여 관람자가 그 안에서 체험하도록 하는 미술 형식,,,,,,2,서양미술사,개념,포스트모던,,
95,르 코르뷔지에,Le Corbusier,필로티·옥상정원·자유로운 평면 등 근대건축 5원칙을 제시한 건축가,,,,,,2,서양미술사,인물,현대,건축,
96,사혁 육법,謝赫 六法,중국 회화 비평의 기준이 된 여섯 원칙. 기운생동을 으뜸으로 삼음,,,,,,1,동양미술사,원리,,화론,
97,기운생동,氣韻生動,대상의 생명력과 정신이 화면에 살아 움직이듯 드러나는 경지. 육법의 첫째,,,,,,1,동양미술사,개념,,화론,
98,전신사조,傳神寫照,겉모습을 넘어 인물의 정신을 옮겨 그려야 한다는 화론. 고개지가 주창,,,,,,1,동양미술사,개념,,화론,
99,고개지,顧愷之,동진의 화가로 전신사조를 주창. 여사잠도·낙신부도가 전함,,,,"고개지 전칭, 〈여사잠도〉 부분",https://commons.wikimedia.org/wiki/Special:FilePath/Admonitions_Scroll_Scene_5.jpg?width=900,2,동양미술사,인물,,화론,
100,삼원법,三遠法,산수화의 세 가지 시점. 아래서 위를 보는 고원·앞에서 뒤를 보는 심원·가까이서 멀리 보는 평원,,,,,,1,동양미술사,원리,,곽희;산수화,
101,곽희,郭熙,북송의 화가로 임천고치를 저술하고 삼원법을 정리. 조춘도가 대표작,,,,"곽희, 〈조춘도〉, 1072",https://commons.wikimedia.org/wiki/Special:FilePath/Guo_Xi_-_Early_Spring_%28large%29.jpg?width=900,2,동양미술사,인물,,산수화;북송,
102,청명상하도,淸明上河圖,북송 장택단이 변경의 번화한 도시 풍경을 긴 두루마리에 담은 풍속화,,,,"장택단, 〈청명상하도〉 부분, 북송",https://commons.wikimedia.org/wiki/Special:FilePath/Along_the_River_During_the_Qingming_Festival_%28detail_of_original%29.jpg?width=900,2,동양미술사,작품,,풍속화;북송,
103,남종화,南宗畵,문인이 여기로 그린 수묵 위주의 관념적 산수화 전통. 부드러운 피마준을 즐겨 씀,,의의: 문인 사대부의 정신성과 자유로운 필묵을 중시하는 회화 전통을 이루어 조선 후기 문인화·진경산수화 등에 큰 영향,배경: 당 왕유의 파묵 산수에서 비롯해 원말사대가를 거치며 문인화의 정통으로 자리잡음,"예찬, 〈용슬재도〉, 1372 — 메마른 필치와 넓은 여백",https://commons.wikimedia.org/wiki/Special:FilePath/Ni_Zan._The_Rongxi_Studio.1372._74%2C7x35%2C3._National_Palace_Museum%2C_Taipei.jpg?width=900,1,동양미술사,사조,,문인화;동기창,
104,북종화,北宗畵,직업 화가가 채색과 정교한 필치로 그린 화풍. 각진 부벽준을 즐겨 씀,,의의: 정교한 구륵전채와 청록 채색으로 장식적·사실적 화풍을 이루었으나 남종화 우위론 이후 격이 낮은 화원화로 취급됨,배경: 당 이사훈 부자의 청록산수에서 비롯해 직업 화가·궁정 화원의 계보로 이어짐,"이당, 〈만학송풍도〉, 1124 — 각진 부벽준",https://commons.wikimedia.org/wiki/Special:FilePath/Li_Tang_-_Wind_in_Pines_Among_a_Myriad_Valleys.jpg?width=900,1,동양미술사,사조,,동기창,
105,상남폄북론,尙南貶北論,남종화를 높이고 북종화를 낮춘 명말 동기창의 회화론,,,,,,3,동양미술사,개념,,동기창;화론,
106,미불,米芾,북송의 서화가. 붓을 뉘어 점을 찍는 미점법으로 안개 낀 산수를 표현,,,,"미불, 서첩",https://commons.wikimedia.org/wiki/Special:FilePath/Mi_Fu-On_Calligraphy.jpg?width=900,3,동양미술사,인물,,북송,
107,팔대산인,八大山人,명 왕실 후예로 극도로 생략된 필치와 흘겨보는 새 그림에 망국의 정한을 담은 화가,,,,"팔대산인, 산수 화첩",https://commons.wikimedia.org/wiki/Special:FilePath/Bada_Shanren_%28Zhu_Da%29_-_Landscape_album_-_1989.363.138a%E2%80%93l_-_Metropolitan_Museum_of_Art.jpg?width=900,3,동양미술사,인물,,문인화,
108,양주팔괴,揚州八怪,청대 양주에서 활동하며 개성적이고 파격적인 화풍을 추구한 화가들,,,,,,3,동양미술사,개념,,문인화,
109,청화백자,靑畵白磁,코발트 안료로 무늬를 그리고 유약을 씌워 구운 백자. 원대에 확립되어 동아시아로 확산,,,,"〈청화백자 병〉, 명",https://commons.wikimedia.org/wiki/Special:FilePath/Ming_Porcelain_Vase_01.jpg?width=800,2,동양미술사,기법,,도자;공예,
110,화상석,畵像石,한대 무덤과 사당의 돌에 새긴 부조. 당시 생활상과 신화를 담은 중요한 자료,,,,,,3,동양미술사,개념,,부조,
111,돈황 막고굴,敦煌 莫高窟,실크로드 요충지에 조성된 대규모 석굴 사원. 벽화와 소조상이 다수 전함,,,,"〈막고굴〉 제329굴 벽화, 돈황",https://commons.wikimedia.org/wiki/Special:FilePath/Mogao_Cave_329.jpg?width=900,2,동양미술사,작품,,벽화,
112,왕희지,王羲之,서예의 성인으로 불리는 동진의 서예가. 난정서가 행서의 전범,,,,"왕희지, 〈난정서〉 첫머리 '永和九年' (신룡본 모사)",https://commons.wikimedia.org/wiki/Special:FilePath/YongheJiunian.jpg?width=900,2,동양미술사,인물,,서예,
113,간다라 양식,Gandhara,헬레니즘의 영향으로 서구적 이목구비와 사실적 옷주름을 지닌 불상 양식,,의의: 처음으로 부처의 인간 형상을 조각해 무불상 시대를 끝내고 이후 불상 도상의 원형을 이룸,배경: 알렉산더 원정 이후 서북 인도에 정착한 그리스·로마 문화와 인도 불교가 만나 헬레니즘 조각 기법으로 부처를 표현하려는 시도에서 대두,"〈간다라 불입상〉, 1세기 — 서구적 이목구비와 사실적 옷주름",https://commons.wikimedia.org/wiki/Special:FilePath/Standing_Buddha%2C_Gandhara%2C_1st_century_AD%2C_schist_-_Ethnological_Museum%2C_Berlin_-_DSC01658.JPG?width=900,1,동양미술사,사조,인도,불상;인도,
114,마투라 양식,Mathura,인도 고유의 토착적 감각으로 만든 불상 양식. 얇은 옷과 관능적 육체미,,의의: 간다라와 별개로 인도 토착 조형 감각에 따라 부처를 표현한 초기 불상 양식으로 이후 굽타 불상의 토대가 됨,배경: 쿠샨 왕조 치하 인도 내륙 마투라에서 토착 약샤(정령상) 조각 전통이 불교와 결합해 대두,"〈마투라 불상〉, 2세기 — 붉은 사암과 얇은 옷",https://commons.wikimedia.org/wiki/Special:FilePath/Stele_with_Buddha_and_Two_Attendants%2C_India%2C_Mathura%2C_Uttar_Pradesh%2C_Kushan_period%2C_early_2nd_century_AD%2C_red_Sikri_sandstone_-_Arthur_M._Sackler_Museum%2C_Harvard_University_-_DSC00829.jpg?width=900,1,동양미술사,사조,인도,불상;인도,
115,굽타 양식,Gupta,간다라와 마투라를 종합해 인도 불상의 이상적 전형을 완성한 양식,,,,"〈사르나트 불두〉, 굽타 5세기",https://commons.wikimedia.org/wiki/Special:FilePath/Buddha_Head%2C_Gupta%2C_5th_Century_AD%2C_Sarnath%2C_Uttar_Pradesh.jpg?width=900,2,동양미술사,사조,인도,불상;인도,
116,아잔타 석굴,Ajanta,인도 데칸고원의 석굴 사원군. 풍부한 채색 벽화로 유명,,,,"〈연화수 보살〉, 아잔타 제1굴, 5세기",https://commons.wikimedia.org/wiki/Special:FilePath/Bodhisattva_Padmapani%2C_cave_1%2C_Ajanta%2C_India.jpg?width=900,3,동양미술사,작품,인도,벽화;인도,
117,스투파,Stupa,부처의 사리를 봉안한 반구형 무덤 형식의 인도 불탑. 동아시아 탑의 기원,,,,,,2,동양미술사,개념,인도,탑;인도,
118,산치 대탑,Sanchi,인도에 현존하는 대표적 스투파. 사방의 토라나에 부조 장식,,,,"〈산치 대탑〉, 인도 — 사방의 토라나",https://commons.wikimedia.org/wiki/Special:FilePath/Stupa_1%2C_Sanchi_02.jpg?width=900,3,동양미술사,작품,인도,탑;인도,
119,학문 중심 미술교육,DBAE,미술 제작·미술사·미학·미술비평 네 영역을 균형 있게 통합 지도하는 이론. 아이스너가 정립,,,,,,1,미술교육학,개념,,아이스너;교육과정,
120,아이스너,E. W. Eisner,DBAE를 체계화하고 미술교육의 학문적 정당성을 주장한 미술교육학자,,의의: DBAE(학문 중심 미술교육)를 주창해 미술을 제작·비평·미술사·미학 네 영역으로 체계화하고 교육적 감식안·비평 개념을 제시,배경: 창의성 중심 교육이 지식 기반 없이 자유 표현에만 치우쳤다는 반성에서 대두,,,1,미술교육학,인물,,DBAE;교육과정,
121,로웬펠드,V. Lowenfeld,아동의 미술 표현을 연령별 발달단계로 정리한 창의성 중심 미술교육의 대표 이론가,,의의: 아동 미술 발달 단계론과 시각형·촉각형 유형론을 정립해 창의성 중심 미술교육의 이론적 기틀을 놓음,배경: 나치를 피해 미국으로 이주하기 전 오스트리아에서의 맹인 미술교육 경험을 창의적 표현 이론으로 발전시킴,,,1,미술교육학,인물,,발달단계;아동미술,
122,난화기,亂畵期 / Scribbling Stage,로웬펠드 발달단계 중 2~4세. 무의미한 끄적임에서 점차 이름 붙이기로 발전,,,,,,2,미술교육학,개념,,로웬펠드;발달단계,
123,전도식기,前圖式期 / Preschematic Stage,로웬펠드 발달단계 중 4~7세. 두족인이 나타나고 형태와 색이 임의적,,,,,,2,미술교육학,개념,,로웬펠드;발달단계,
124,도식기,圖式期 / Schematic Stage,로웬펠드 발달단계 중 7~9세. 정형화된 도식의 반복과 기저선 등장이 특징,,,,,,1,미술교육학,개념,,로웬펠드;발달단계,
125,또래집단기,Gang Age,로웬펠드 발달단계 중 9~11세. 또래와 비교하며 사실적 표현에 대한 비판적 인식이 싹틈,,,,,,1,미술교육학,개념,,로웬펠드;발달단계,
126,의사실기,擬似實期 / Pseudo-naturalistic Stage,로웬펠드 발달단계 중 11~13세. 사실적 재현을 강하게 지향하며 좌절을 겪기 쉬운 시기,,,,,,2,미술교육학,개념,,로웬펠드;발달단계,
127,기저선,基底線 / Base Line,도식기 아동이 하늘과 땅을 구분하기 위해 화면 아래에 긋는 선,,,,,,1,미술교육학,개념,,로웬펠드;아동미술,
128,전개도식 표현,-,대상을 펼쳐 눕힌 듯 그리는 아동 표현. 시점을 하나로 통일하지 못해 나타남,,,,,,2,미술교육학,개념,,아동미술,
129,투시적 표현,-,가려서 보이지 않는 내부까지 꿰뚫어 그리는 아동의 표현 방식. 엑스레이 그림,,,,,,2,미술교육학,개념,,아동미술,
130,시각형과 촉각형,Visual / Haptic Type,로웬펠드가 나눈 표현 유형. 시각형은 관찰에 촉각형은 주관적 감정에 의존,,,,,,2,미술교육학,개념,,로웬펠드,
131,치젝,F. Cizek,아동의 자유로운 자기표현을 옹호하며 아동미술 운동을 이끈 교육자,,,,,,3,미술교육학,인물,,아동미술;창의성,
132,리드,H. Read,예술을 통한 교육을 주장하며 미술교육을 전인교육의 수단으로 본 이론가,,,,,,2,미술교육학,인물,,,
133,펠드만 비평 4단계,Feldman's Four Stages,서술→분석→해석→판단 순으로 진행되는 미술 비평 지도 모형,,,,,,1,미술교육학,원리,,감상교육,
134,미적 주사,Aesthetic Scanning,브라우디가 제안한 감상 지도법. 감각적·형식적·기술적·표현적 속성을 차례로 지각,,,,,,1,미술교육학,원리,,감상교육,
135,브라우디,H. S. Broudy,미적 주사를 통해 심미적 안목을 훈련해야 한다고 주장한 미술교육학자,,,,,,2,미술교육학,인물,,감상교육,
136,VTS,Visual Thinking Strategies,정답을 주지 않고 개방형 질문으로 학습자의 관찰과 근거 제시를 이끄는 감상 전략,,,,,,2,미술교육학,원리,,감상교육,
137,시각문화 미술교육,VCAE,순수미술을 넘어 광고·대중매체 등 일상의 시각 이미지를 비판적으로 읽도록 하는 미술교육,,,,,,1,미술교육학,개념,,,
138,미학,Aesthetics,예술의 본질과 아름다움의 가치를 탐구하는 철학 분야. DBAE의 한 영역,,,,,,1,미술교육학,개념,,미학;DBAE,
139,모방론,模倣論 / Mimesis,예술을 자연이나 실재의 모방으로 보는 관점. 플라톤과 아리스토텔레스에서 유래,,,,,,2,미술교육학,개념,,미학;예술론,
140,표현론,表現論,예술을 작가의 감정과 내면을 표출한 것으로 보는 관점,,,,,,2,미술교육학,개념,,미학;예술론,
141,형식주의,Formalism,작품의 의미보다 선·색·형태 등 조형 요소의 구성 자체에서 가치를 찾는 관점,,,,,,2,미술교육학,개념,,미학;예술론,
142,제도론,Institutional Theory,미술계라는 제도가 어떤 대상에 예술의 자격을 부여한다고 보는 관점. 단토와 디키,,,,,,2,미술교육학,개념,,미학;단토,
143,2022 개정 미술과 교육과정,-,미적 체험·표현·감상 영역을 중심으로 역량 함양을 강조한 현행 미술과 교육과정,,,,,,1,미술교육학,개념,,교육과정,
144,2022 개정 미술과 교과 역량,-,심미적 감성 역량 · 창의·융합 역량 · 시각적 소통 역량 · 정체성 역량 등을 제시. 2015 개정의 역량 명칭과 다르므로 구분할 것,확인: 나머지 1개 역량의 정확한 명칭은 고시 제2022-33호 원문으로 확정할 것,,,,,1,미술교육학,개념,,교육과정;역량;2022개정,2024A9
145,성취기준,-,학생이 학습을 통해 도달해야 할 지식과 기능을 진술한 교육과정의 기준,,,,,,2,미술교육학,개념,,교육과정;평가,
146,과정 중심 평가,-,결과물뿐 아니라 학습이 이루어지는 과정 전반을 관찰하고 피드백하는 평가 방식,,,,,,1,미술교육학,개념,,평가,
147,포트폴리오 평가,Portfolio,학습 과정에서 산출된 자료를 누적해 성장 과정을 종합적으로 평가하는 방법,,,,,,1,미술교육학,개념,,평가,
148,루브릭,Rubric,평가 요소별 수준을 구체적으로 기술한 채점 기준표. 평가의 객관성과 일관성을 높임,,,,,,1,미술교육학,개념,,평가,
150,다중지능 이론,Multiple Intelligences,가드너가 제시한 이론. 공간지능 등 다양한 지능을 인정하여 미술교육의 근거가 됨,,,,,,2,미술교육학,개념,,가드너,
151,창의성,Creativity,유창성·융통성·독창성·정교성을 요소로 하는 능력. 미술교육의 핵심 목표,,,,,,1,미술교육학,개념,,창의성,
152,브레인스토밍,Brainstorming,비판을 유보하고 자유롭게 아이디어를 다량 산출하는 발상법,,,,,,3,미술교육학,기법,,창의성,
153,비계 설정,Scaffolding,근접발달영역 안에서 교사가 제공하다가 점차 거두어들이는 임시 지원,,,,,,1,일반교육학,개념,,구성주의,
154,근접발달영역,ZPD,혼자서는 못 하지만 도움을 받으면 해낼 수 있는 영역. 비고츠키의 핵심 개념,,,,,,1,일반교육학,개념,,구성주의,
155,구성주의,Constructivism,지식은 전달되는 것이 아니라 학습자가 능동적으로 구성한다고 보는 관점,,,,,,1,일반교육학,개념,,학습이론,
156,피아제 인지발달단계,Piaget,감각운동기·전조작기·구체적 조작기·형식적 조작기로 이어지는 인지 발달 이론,,,,,,1,일반교육학,개념,,,
157,나선형 교육과정,Spiral Curriculum,같은 기본 개념을 학년이 올라가며 심화·반복해 다루는 브루너의 교육과정,,,,,,1,일반교육학,개념,,교육과정,
158,발견학습,Discovery Learning,교사가 답을 주지 않고 학습자가 스스로 원리를 찾아내게 하는 브루너의 학습법,,,,,,2,일반교육학,개념,,학습이론,
159,유의미 학습,Meaningful Learning,새 지식을 기존 인지구조에 관련지어 이해하는 학습. 오수벨이 제시,,,,,,2,일반교육학,개념,,학습이론,
160,선행조직자,Advance Organizer,새 학습 전에 제시하여 기존 지식과 연결하도록 돕는 개괄적 자료,,,,,,2,일반교육학,개념,,,
161,블룸 교육목표 분류,Bloom's Taxonomy,인지적 영역을 지식부터 평가까지 위계적으로 분류한 체계,,,,,,1,일반교육학,원리,,,
162,타일러 모형,Tyler Rationale,목표 설정→학습경험 선정→조직→평가로 이어지는 목표 중심 교육과정 개발 모형,,,,,,2,일반교육학,원리,,교육과정,
163,진단평가,-,수업 전 학습자의 선수 학습 수준과 특성을 파악하기 위한 평가,,,,,,2,일반교육학,개념,,평가,
164,형성평가,形成評價,수업 중 학습 상태를 점검하여 교수·학습을 개선하는 데 활용하는 평가,,,,,,1,일반교육학,개념,,평가,
165,총괄평가,總括評價,수업 종료 후 목표 달성도를 종합적으로 판정하는 평가,,,,,,2,일반교육학,개념,,평가,
166,협동학습,Cooperative Learning,이질적 소집단이 공동 목표를 위해 협력하는 수업 방식. 직소 모형이 대표,,,,,,1,일반교육학,개념,,,
167,ARCS 동기유발 모형,ARCS,주의·관련성·자신감·만족감의 네 요소로 학습 동기를 설계하는 켈러의 모형,,,,,,2,일반교육학,원리,,,
168,자기주도 학습,Self-directed Learning,학습자가 목표 설정부터 평가까지 주도적으로 이끌어가는 학습,,,,,,3,일반교육학,개념,,학습이론,
169,유화,油畵 / Oil Painting,안료를 건성유로 개어 그리는 회화. 건조가 느려 수정과 중첩이 자유로움,,,,"렘브란트, 〈자화상〉, 1659",https://commons.wikimedia.org/wiki/Special:FilePath/Rembrandt_van_Rijn_-_Self-Portrait_-_Google_Art_Project.jpg?width=800,1,표현기법,기법,,회화;유화,
170,템페라,Tempera,안료를 달걀노른자 등으로 개어 그리는 기법. 건조가 빠르고 색이 선명하나 수정이 어려움,,,,"보티첼리, 〈비너스의 탄생〉, 1485년경",https://commons.wikimedia.org/wiki/Special:FilePath/La_nascita_di_Venere_%28Botticelli%29.jpg?width=800,2,표현기법,기법,,회화,
171,프레스코,Fresco,젖은 회벽에 안료를 칠해 벽과 함께 굳히는 벽화 기법. 내구성이 뛰어나나 수정 불가,,,,"조토, 스크로베니 예배당 벽화, 1305년경",https://commons.wikimedia.org/wiki/Special:FilePath/Padova_Cappella_degli_Scrovegni_Innen_Fresken_1.jpg?width=800,1,표현기법,기법,,회화;벽화,
172,글레이징,Glazing / 그라시 / Glacis,투명한 물감을 얇게 여러 겹 덧칠해 깊은 색감을 내는 유화 기법,,,,"얀 반 에이크, 〈아르놀피니 부부의 초상〉, 1434",https://commons.wikimedia.org/wiki/Special:FilePath/Van_Eyck_-_Arnolfini_Portrait.jpg?width=800,2,표현기법,기법,,회화;유화,
173,마티에르,Matière / 물질회화,화면에 나타나는 물질적 재질감. 물감의 두께와 재료로 조성,,,,,,2,표현기법,개념,,회화,
174,데칼코마니,Décalcomanie,물감을 칠한 종이를 접거나 눌러 찍어 우연한 무늬를 얻는 기법,,,,,,2,표현기법,기법,,우연효과;초현실주의,
175,프로타주,Frottage,요철이 있는 표면에 종이를 대고 문질러 무늬를 옮기는 기법,,,,,,2,표현기법,기법,,우연효과;초현실주의,
176,마블링,Marbling,물 위에 뜬 물감의 무늬를 종이에 찍어내는 기법,,,,"마블링 종이에 그린 그림, 17세기 이란",https://commons.wikimedia.org/wiki/Special:FilePath/Shafi_-_A_marbled_picture_of_Rustam_catching_Rakhsh_-_2013.286_-_Cleveland_Museum_of_Art.tif?width=800,3,표현기법,기법,,우연효과,
177,몰골법,沒骨法,윤곽선 없이 먹과 색의 면만으로 형태를 나타내는 동양화 기법,,,,"서위, 〈화훼도〉, 명",https://commons.wikimedia.org/wiki/Special:FilePath/Xu_Wei%2C_Chinese_-_Sixteen_Flowers_-_Google_Art_Project.jpg?width=800,1,표현기법,기법,,동양화;필묵법,
178,구륵법,鉤勒法,윤곽선을 먼저 그리고 그 안을 채색하는 동양화 기법,,,,,,1,표현기법,기법,,동양화;필묵법,
179,발묵,潑墨,먹을 흠뻑 머금은 붓으로 번지듯 표현하여 자연스러운 농담을 얻는 기법,,,,"양해, 〈발묵선인도〉, 남송",https://commons.wikimedia.org/wiki/Special:FilePath/Immortal_in_Splashed_Ink.jpg?width=800,2,표현기법,기법,,동양화;필묵법,
180,파묵,破墨,먼저 칠한 먹이 마르기 전에 다른 농도의 먹을 더해 변화를 주는 기법,,,,,,2,표현기법,기법,,동양화;필묵법,
181,삼묵법,三墨法,한 붓에 농묵·중묵·담묵을 함께 묻혀 한 번에 농담 변화를 내는 기법,,,,,,2,표현기법,기법,,동양화;필묵법,
182,배채법,背彩法 / 복채법 / 후채법,비단이나 종이의 뒷면에서 채색하여 앞면에 은은하게 배어나오게 하는 기법,,,,"〈수월관음도〉, 고려",https://commons.wikimedia.org/wiki/Special:FilePath/Korea-Goryeo-Suweol.Gwaneumdo-Guimet.jpg?width=800,2,표현기법,기법,,동양화;초상화기법,
183,담채,淡彩,먹선 위에 옅고 산뜻한 색을 흐리게 우려내는 채색 기법,,,,,,2,표현기법,기법,,동양화,
184,문방사우,文房四友,종이·붓·먹·벼루를 이르는 말. 서화의 기본 도구,,,,벼루와 먹의 구조,https://commons.wikimedia.org/wiki/Special:FilePath/East_Asian_calligraphy_scheme_01-en.svg?width=800,2,표현기법,개념,,서예,
185,영자팔법,永字八法,永 한 글자에 담긴 여덟 가지 기본 필법. 서예 운필의 기초,,,,'永' 한 글자에 담긴 여덟 가지 획,https://commons.wikimedia.org/wiki/Special:FilePath/Yongzi_Bafa_0.svg?width=900,2,표현기법,원리,,서예,
186,전서,篆書,가장 이른 서체로 좌우 대칭적이고 곡선적. 도장 글씨에 주로 사용,,,,"〈낭야대각석〉 탁본, 진 — 소전",https://commons.wikimedia.org/wiki/Special:FilePath/%E7%90%85%E7%90%8A%E5%8F%B0%E5%88%BB%E7%9F%B3%E6%8B%93%E7%89%87.jpg?width=900,2,표현기법,개념,,서예;서체,
187,예서,隸書,전서를 간략히 한 서체로 가로획이 길고 파임이 강조됨,,,,"〈조전비〉 탁본, 한 — 파책이 뚜렷하다",https://commons.wikimedia.org/wiki/Special:FilePath/%E6%BC%A2%E9%83%83%E9%99%BD%E4%BB%A4%E6%9B%B9%E5%85%A8%E7%A2%91%E6%8B%93%E6%9C%AC%EF%BC%88%E5%86%8A%EF%BC%89.jpg?width=900,2,표현기법,개념,,서예;서체,
188,해서,楷書,점획이 또렷하고 반듯한 표준 서체. 서예 학습의 기본,,,,해서 4대가의 '書' 비교 — 구양순·안진경·유공권·조맹부,https://commons.wikimedia.org/wiki/Special:FilePath/%E6%A5%B7%E4%B9%A6%E5%9B%9B%E5%A4%A7%E5%AE%B6.jpg?width=900,2,표현기법,개념,,서예;서체,
189,행서,行書,해서를 흘려 쓴 서체로 실용성과 조형미를 겸함. 난정서가 전범,,,,"왕희지, 〈난정서〉(신룡본 모사), 353",https://commons.wikimedia.org/wiki/Special:FilePath/LantingXu.jpg?width=900,2,표현기법,개념,,서예;서체,
190,초서,草書,획을 극도로 흘려 이어 쓴 서체. 속도감과 추상적 조형미가 강함,,,,"회소, 〈자서첩〉(부분), 당 — 흘림의 극치",https://commons.wikimedia.org/wiki/Special:FilePath/%E5%94%90%E6%87%B7%E7%B4%A0%E8%87%AA%E6%95%98%E5%B8%96_%E5%8D%B7.png?width=900,2,표현기법,개념,,서예;서체,
191,볼록판화,凸版畵,판면의 볼록한 부분에 잉크를 묻혀 찍는 판화. 목판화와 리놀륨판화,,,,,,1,표현기법,개념,,판화,
192,오목판화,凹版畵,파인 홈에 잉크를 채우고 표면을 닦아낸 뒤 압력으로 찍는 판화. 에칭과 드라이포인트,,,,,,1,표현기법,개념,,판화,
193,평판화,平版畵,판면에 요철 없이 물과 기름의 반발을 이용해 찍는 판화. 석판화가 대표,,,,,,1,표현기법,개념,,판화,
194,공판화,孔版畵,판의 구멍으로 잉크를 밀어 통과시켜 찍는 판화. 실크스크린과 스텐실,,,,,,1,표현기법,개념,,판화;실크스크린,
195,에칭,Etching,방식제를 바른 금속판을 긁어낸 뒤 산으로 부식시켜 홈을 만드는 오목판화 기법,,,,"렘브란트, 〈세 그루의 나무〉, 1643",https://commons.wikimedia.org/wiki/Special:FilePath/Rembrandt_van_Rijn%2C_The_Three_Trees%2C_1643%2C_NGA_35123.jpg?width=800,1,표현기법,기법,,판화,
196,드라이포인트,Drypoint,금속판을 뾰족한 바늘로 직접 긁어 파는 기법. 긁힌 부스러기가 부드러운 선을 만듦,,,,"렘브란트, 〈세 개의 십자가〉, 1653",https://commons.wikimedia.org/wiki/Special:FilePath/Rembrandt_-_The_Three_Crosses_%28third_state%29_-_WGA19085.jpg?width=800,2,표현기법,기법,,판화,
197,아쿠아틴트,Aquatint / 애쿼틴트,송진 가루를 뿌려 부식시켜 넓은 면의 농담을 표현하는 오목판화 기법,,,,"고야, 〈로스 카프리초스〉 43번, 1799",https://commons.wikimedia.org/wiki/Special:FilePath/Goya-Capricho-43.jpg?width=800,2,표현기법,기법,,판화,
198,메조틴트,Mezzotint,판 전면에 미세한 흠집을 낸 뒤 밝을 부분을 문질러 없애며 표현하는 기법,,,,"맥아델, 〈에식스 백작부인〉, 1757",https://commons.wikimedia.org/wiki/Special:FilePath/Frances_Hanbury_Capel_Countess_of_Essex_1757_mezzotint_by_James_McArdell.jpg?width=800,3,표현기법,기법,,판화,
199,석판화,Lithography,물과 기름의 반발 원리로 찍는 평판화. 아라비아고무와 질산으로 제판,,,,"툴루즈로트렉, 〈물랭 루주: 라 굴뤼〉, 1891",https://commons.wikimedia.org/wiki/Special:FilePath/Toulouse-Lautrec_-_Moulin_Rouge%2C_btv1b53256866k.jpeg?width=800,1,표현기법,기법,,판화,
200,켄토,見当 / 맞춤표,다색 목판화에서 여러 색판을 정확히 겹쳐 찍기 위해 판 모서리에 파 두는 정렬 기준 홈,,,,,,3,표현기법,기법,,판화;목판화,
201,니시키에,錦絵,에도 시대의 다색 목판화. 색상별 판을 순서대로 겹쳐 찍어 완성,,,,,https://upload.wikimedia.org/wikipedia/commons/thumb/0/0a/The_Great_Wave_off_Kanagawa.jpg/1280px-The_Great_Wave_off_Kanagawa.jpg,2,표현기법,기법,,판화,
202,소조,塑造,점토처럼 무른 재료를 붙여 나가며 형상을 만드는 가산법 조소,,,,,,1,표현기법,개념,,조소,
203,조각,彫刻,돌이나 나무를 깎아내며 형상을 만드는 감산법 조소,,,,,,1,표현기법,개념,,조소,
204,실납법,蠟型法 / Lost-wax,밀랍 원형에 내외형토를 씌우고 가열해 밀랍을 녹여낸 빈 공간에 쇳물을 부어 주조하는 기법,,,,실납법 제작 과정 — 밀랍 원형,https://commons.wikimedia.org/wiki/Special:FilePath/Lost_wax_2.JPG?width=800,2,표현기법,기법,,조소,
205,테라코타,Terracotta,점토로 형태를 빚어 유약 없이 구운 것. 붉은 흙빛이 그대로 드러남,,,,"〈병마용〉, 진, 기원전 3세기",https://commons.wikimedia.org/wiki/Special:FilePath/Qin_Shihuang_Terracotta_Army%2C_Pit_1.jpg?width=800,2,표현기법,기법,,조소;도자,
206,아상블라주,Assemblage,기성품과 폐품 등 입체물을 모아 붙여 구성하는 삼차원 콜라주,,,,,,2,표현기법,기법,,조소,
207,모빌,Mobile,매달아 공기의 흐름에 따라 움직이도록 만든 조각. 칼더가 창안,,,,,,3,표현기법,개념,,조소,
208,먼셀 표색계,Munsell,색을 색상·명도·채도의 삼속성으로 기호화한 표색 체계. 우리나라 교육용 표준,,,,,,1,표현기법,원리,,색채학,
209,색의 삼속성,-,색을 규정하는 세 요소. 색상과 명도와 채도,,,,,,1,표현기법,원리,,색채학,
210,보색,補色,색상환에서 마주 보는 색. 나란히 두면 서로의 채도를 높여 선명해 보임,,,,,,1,표현기법,개념,,색채학;대비,
211,동시대비,同時對比,인접한 색의 영향으로 같은 색이 다르게 지각되는 현상,,,,,,1,표현기법,원리,,색채학;대비,
212,연변대비,緣邊對比,명도 단계가 맞닿은 경계에서 명도차가 실제보다 크게 지각되는 현상. 측면억제가 원인,,,,,,2,표현기법,원리,,색채학;대비,
213,부적 잔상,負的殘像 / Negative Afterimage,한 색을 응시한 뒤 백색 면에서 보색이 나타나는 현상. 추상체의 피로가 원인,,,,,,2,표현기법,원리,,색채학,
214,게슈탈트 원리,Gestalt,근접·유사·폐쇄·연속 등 부분을 하나의 형태로 묶어 지각하는 원리,,,,,,1,표현기법,원리,,지각,
215,황금비,黃金比,약 1대 1.618의 비례. 가장 안정되고 아름답다고 여겨져 조형에 널리 활용,,,,,,2,표현기법,원리,,,
216,타이포그래피,Typography,글자의 서체와 배열을 시각적으로 구성하는 디자인 분야,,,,세리프와 산세리프,diagrams/typography.svg,2,표현기법,개념,,디자인,
217,픽토그램,Pictogram,언어를 몰라도 뜻이 전달되도록 사물을 단순화한 그림 문자,,,,"〈DOT 픽토그램〉 — 미국 교통부·AIGA, 1974",https://commons.wikimedia.org/wiki/Special:FilePath/DOT_pictograms.svg?width=900,2,표현기법,개념,,디자인,
218,유니버설 디자인,Universal Design,연령이나 장애와 무관하게 누구나 사용할 수 있도록 하는 디자인 개념,,,,턱을 낮춘 횡단보도와 점자블록,https://commons.wikimedia.org/wiki/Special:FilePath/Pedestrian_crossing_TGSIs_audio_tactile_crossing_signal_and_kerb_ramp%2C_Murphy_Rd_and_Gympie_Rd_Chermside_IMGP0028.jpg?width=900,1,표현기법,개념,,디자인,
219,미술공예운동,Arts and Crafts Movement,기계 생산의 조악함을 비판하고 수공예의 가치를 회복하려 한 운동. 윌리엄 모리스가 주도,,"의의: 기계 생산의 조악한 제품에 맞서 수공예의 정직한 아름다움을 옹호, 이후 아르누보·독일공작연맹 등 근대 디자인 운동의 출발점이 됨",배경: 산업혁명으로 인한 기계 생산품의 질 저하와 노동 소외에 대한 반성으로 러스킨·모리스가 주도,"윌리엄 모리스, 〈트렐리스〉 벽지 도안, 1862",https://commons.wikimedia.org/wiki/Special:FilePath/William_Morris_design_for_Trellis_wallpaper_1862.jpg?width=900,1,표현기법,사조,,디자인사,
220,아르누보,Art Nouveau,식물 덩굴 같은 유려한 곡선을 특징으로 하는 19세기 말 장식 양식,,의의: 식물의 유기적 곡선을 건축·공예·그래픽 전반에 적용해 산업화된 역사주의 양식에서 벗어난 근대 장식 양식을 확립,"배경: 미술공예운동의 영향과 자포니즘, 신소재(철·유리)의 보급을 배경으로 19세기 말 유럽 전역에서 대두","무하, 〈웨이벌리 자전거〉 포스터, 1898",https://commons.wikimedia.org/wiki/Special:FilePath/Cycles_Waverley_affiche_Mucha_1898.jpg?width=900,1,표현기법,사조,,디자인사;장식,
221,바우하우스,Bauhaus,그로피우스가 설립한 조형학교. 예술과 기술의 통합을 내걸고 근대 디자인의 토대를 놓음,,"의의: 순수예술과 공예·산업 생산을 통합해 기능주의 근대 디자인 교육의 표준을 확립, 20세기 디자인·건축 교육 전반에 지대한 영향",배경: 독일공작연맹의 규격화 논의와 표현주의적 공예 이상이 결합해 그로피우스가 1919년 바이마르에 설립,"그로피우스, 〈바우하우스 데사우 교사〉, 1926",https://commons.wikimedia.org/wiki/Special:FilePath/Bauhaus_Dessau_2018.jpg?width=900,1,표현기법,사조,,디자인사,
222,아르데코,Art Deco,직선과 기하학적 형태를 강조한 1920~30년대의 장식 양식,,,,"〈크라이슬러 빌딩〉 첨탑, 뉴욕 1930",https://commons.wikimedia.org/wiki/Special:FilePath/Chrysler_Building_1_%284684845155%29.jpg?width=900,2,표현기법,사조,,디자인사;장식,
223,결정기,Period of Decision / 로웬펠드,"로웬펠드 발달 단계의 최종 단계(12-14세). 시각형과 촉각적 표현 성향이 뚜렷하게 나뉘며, 비판적 안목의 성장으로 표현을 기피하기 쉽고 동기유발과 교사의 적극적 격려가 중요한 시기.",,,,,,2,미술교육학,개념,,로웬펠드;발달단계,
224,U자형 발달 곡선,U-curve of Artistic Development / 가드너,"가드너가 주창한 발달 모델. 영아기(직관적 표현의 절정)에서 아동기 중기(사실성 집착으로 도식적이고 경직된 쇠퇴기)를 거쳐, 청소년기(창의적 개성의 회복)에 이르면서 표현력이 U자 곡선을 그린다는 이론.",,,,,,1,미술교육학,원리,,가드너;아동미술,
225,선도성,Spontaneity / 가드너,가드너의 발달 이론에서 영아기 및 유아기 아동들이 상징 양식이나 사회적 관습에 얽매이지 않고 발휘하는 직관적이고 자발적인 예술적 창작 성향.,,,,,,3,미술교육학,개념,,가드너;아동미술,
226,창의성 중심 미술교육,Creative Art Education,20세기 초중반 진보주의 사상과 어린이 중심주의를 배경으로 프란츠 치젝과 로웬펠드 등이 주도한 교육 사조. 아동의 자발적 표현 기회를 열어주고 창의성 계발과 자유로운 정서 표출을 목표로 함.,,의의: 아동의 자기표현과 정서 발달을 미술교육의 목표로 세워 표현기능 중심 교육을 대체하며 20세기 미술교육의 주류가 됨,배경: 진보주의 교육 사상과 아동 중심주의를 배경으로 치젝·로웬펠드 등이 주도,,,1,미술교육학,사조,,로웬펠드,
227,표현기능 중심 미술교육,Industrial Art Education / 실기중심,"19세기 산업혁명기, 기계화 산업 경쟁력을 위해 제도, 도안, 도학 등 정교하고 기하학적인 드로잉 기능 전수를 핵심으로 하던 미술교육 사조. 아카데믹한 기법 훈련을 중시함.",,의의: 정교한 드로잉·도안 기능을 체계적으로 가르쳐 산업 인력 양성에 기여했으나 아동의 창의성·개성을 억압한다는 비판을 받음,배경: 19세기 산업혁명기 기계화 산업의 국제 경쟁력 확보를 위한 도안·제도 인력 수요에서 대두,,,1,미술교육학,사조,,,
228,도구적 미술교육,Instrumental Art Education / 도구주의,"미술을 타 학문의 습득 효율성, 전인적 인성 도야, 치료적 가치, 도덕성 함양 등 미술 외적인 목적을 달성하기 위한 수단으로 바라보고 활용하는 미술교육적 관점.",,,,,,2,미술교육학,개념,,,
229,본질적 미술교육,Essentialist Art Education / 본질주의,"미술만이 가질 수 있는 독창적 학문성, 미적 가치, 창작 경험 등 내재적 가치를 교육해야 하며 타 분야의 하위 도구로 전락해서는 안 된다고 강력히 주장하는 미술교육 관점.",,,,,,2,미술교육학,개념,,DBAE,
230,생태미술교육,Eco-Art Education,"자연물 자체를 매체로 활용하고 생태학적 세계관을 바탕으로 인간과 자연의 공존, 환경 보호, 지속 가능한 공생을 조형 활동을 통해 성찰하고 실천하는 친환경 미술교육.",,,,,,2,미술교육학,개념,,현대교육,
231,공동체 중심 미술교육,Community-Based Art Education / CBAE,"학교와 지역 사회의 벽을 허물고 학생들이 거주하는 지역의 역사, 정치적 현안, 사회 문화적 맥락을 바탕으로 예술 프로젝트를 협동 설계함으로써 소속감과 사회 참여를 촉진하는 교육.",,,,,,2,미술교육학,개념,,현대교육,
232,융합인재교육,STEAM Art Education,"과학(S), 기술(T), 공학(E), 예술(A), 수학(M)을 결합하여 가르치는 다학제적 통합 모형. 미술의 심미적 감성, 디자인적 조형 설계 역량을 타 학문 영역에 융합해 문제 해결력을 신장함.",,,,,,1,미술교육학,원리,,현대교육,
233,귀납적 탐구학습 모형,Inductive Inquiry Model,미술 감상이나 기법 수업에서 구체적인 미술사적 시각 자료를 선제시하고 관찰을 통해 학생들이 공통점과 핵심 규칙을 추론하고 유목화하여 미적 개념을 스스로 유도하도록 돕는 모형.,,,,,,1,미술교육학,원리,,,
234,창의적 문제해결법,Creative Problem Solving / CPS,"오스본과 파네스가 체계화한 고도 문제 해결 과정. 과제 확인, 데이터 분석, 아이디어 산출 및 평가 단계를 거쳐 미술 디자인이나 표현 과정의 실제적 문제를 극복하는 모형.",,,,,,1,미술교육학,원리,,창의성,
235,반응 중심 학습법,Response-Centered Learning,"독자반응이론 및 수용미학에 기초한 교수법. 미술 작품과 대면할 때 학생 내면에 생성되는 날것 그대로의 미적 반응을 수용, 명료화하고 나아가 타인의 반응과 공유 및 심화하도록 단계화한 감상 학습법.",,,,,,1,미술교육학,원리,,,
236,직접 교수법,Direct Instruction,"시각적이고 신체적인 도구 사용 및 표현 기법을 가르칠 때 교사가 과제를 구조화하여 직접 시범(Demonstration)을 보이고, 학생들이 안내된 연습과 독립 연습을 거치게 설계한 교사 중심의 기법 전수법.",,,,,,2,미술교육학,원리,,,
237,토의·토론법,Discussion & Debate / 미술교과,"예술적 쟁점, 공공 미술의 가치, 혹은 난해한 개념미술의 해석을 둘러싸고 학습자 간 소통과 다양한 관점을 수용하며 비판적이고 다원적인 심미안과 설득력을 키우는 교수 기법.",,,,,,2,미술교육학,원리,,,
238,프로젝트법,Project Method / 킬패트릭,"학습자가 실제 생활과 결합된 의미 있는 도전 과제를 자발적으로 수립하고, 기획, 탐구, 실제 미술 창작, 발표에 이르는 전체 행위 과정을 주도하며 전인적 가치를 습득하는 학습 모형.",,,,,,2,미술교육학,원리,,,
239,교육적 감식안,Educational Connoisseurship / 아이스너,아이스너가 정립한 미술 비평식 평가 모형. 예술 작품이나 학생의 미적 결과물이 지닌 독특하고 미묘한 질적 가치와 차이를 지각해내고 식별해내는 사적 감상 기술 역량.,,,,,,1,미술교육학,개념,,아이스너,
241,바우하우스 마이스터 제도,Bauhaus Meister System,기존 순수 아카데미즘 교육에 반대해 조형 이념을 가르치는 '형태 마이스터'와 실제적인 매체 가공 및 수공예 기법을 훈련하는 '공방 마이스터'를 두어 통합적인 인재를 육성했던 복수 지도 체제.,,,,,,2,미술교육학,개념,,,
242,감상 보고서 평가,Aesthetic Appreciation Report Evaluation,"미술관 관람이나 교실 내 수업 후 자신이 보고 느낀 미적 감상, 분석 자료, 시대사적 이해를 비평문 혹은 감상 보고서 형태로 작성한 글을 토대로 논리적 감상 및 인지 역량을 정성 평가하는 방식.",,,,,,3,미술교육학,개념,,,
243,동료 평가,Peer Assessment / 동료평가,"모둠별 미술 활동이나 제작 발표 후 학생들이 동료의 작품, 태도, 문제 해결 과정에 대해 상호 피드백을 공유하고 평가를 보완하여 객관적인 시각을 습득하는 수행평가 기법.",,,,,,2,미술교육학,개념,,과정중심;평가,
244,자기 평가,Self-Assessment / 자기평가,"미술 제작의 각 단계와 도구 활용, 아이디어 구성에서 스스로의 강약점을 고찰하며 학습 태도를 성찰하고 스스로 성장 계획을 세우게 돕는 자기반성적 학습 도구이자 수행 평가 형태.",,,,,,2,미술교육학,개념,,,
245,미적 감수성,Aesthetic Sensitivity / 미술과 핵심역량,"사물과 생활 전반, 자연, 미술 작품에 대한 정서적 공감력과 미적 관심에 바탕하여 생활 속 미적 가치를 발견하고 향유하는 정서적 지각 역량.",구분: 2015 개정 미술과 교과 역량. 2022 개정에서는 역량 명칭이 달라졌으므로 혼동 주의,,,,,1,미술교육학,개념,,교육과정;역량;2015개정;미학,2024A9
246,시각적 소통 능력,Visual Communication / 미술과 핵심역량,"수많은 시각 정보와 다매체 속 이미지가 지닌 의미를 비판적으로 분해 및 디코딩하고, 자신의 발상과 메시지를 조형 매체를 사용하여 효과적으로 인코딩하여 상호 작용하는 능력.",구분: 2015 개정 미술과 교과 역량. 2022 개정에서는 역량 명칭이 달라졌으므로 혼동 주의,,,,,1,미술교육학,개념,,교육과정;역량;2015개정,
247,창의·융합 능력,Creative and Integrative Ability / 미술과 핵심역량,"미술의 다양한 조형적 기초와 다학제적 지식, 과학적 기술을 유기적으로 엮어내어 새로운 아이디어를 창출하고 이를 실생활 문제 해결에 기발하게 적응시키는 통합적 역량.",구분: 2015 개정 미술과 교과 역량. 2022 개정에서는 역량 명칭이 달라졌으므로 혼동 주의,,,,,1,미술교육학,개념,,교육과정;역량;2015개정,
248,미술 문화 향유 능력,Artistic Culture Enjoyment / 미술과 핵심역량,"지역사회와 인류 미술 문화유산에 대한 다문화적 지식을 축적하고 보존, 존중하여 생활 속에서 예술 문화를 향유하며 가치를 고무하고 가꾸어나가는 참여적 태도 역량.",구분: 2015 개정 미술과 교과 역량. 2022 개정에서는 역량 명칭이 달라졌으므로 혼동 주의,,,,,1,미술교육학,개념,,교육과정;역량;2015개정,
249,자기주도적 미술 학습 능력,Self-Directed Art Learning / 미술과 핵심역량,"자신의 관심사와 특기 적성을 토대로 미술 표현이나 감상의 주도적인 계획을 주체적으로 이행하고, 결과물에 대한 냉철한 평점 및 반성적 조치를 통해 평생 학습으로 연결하는 역량.",구분: 2015 개정 미술과 교과 역량. 2022 개정에서는 역량 명칭이 달라졌으므로 혼동 주의,,,,,1,미술교육학,개념,,교육과정;역량;2015개정,
250,수행평가,Performance Assessment,"결과물로서의 성적 뿐만 아니라 아이디어 생성 단계, 표현 기법의 숙련도, 자료 수집 노력 등 학생의 실제적 행위 전 과정을 관찰하고 평가하는 지향론적 미술 평가 방식.",,,,,,1,미술교육학,개념,,과정중심,
251,실기 평가,Practical Skills Evaluation,"전통 및 현대적 표현 기법, 조형 원리의 입체적 구현, 도구 다루기 등 신체적이고 감성적인 제작 실력을 준거 지향적 기준(루브릭)을 바탕으로 전문적으로 평가하는 방식.",,,,,,2,미술교육학,개념,,,
253,관찰법,Observation Method / 미술,"미술 표현 작업 도중이나 학습 과정에서 학생의 준비 상태, 도구 다루기의 안전성, 정서적 태도, 몰입 행동을 지속 관찰하며 누가 기록하여 질적으로 파악하는 평가법.",,,,,,2,미술교육학,개념,,질적평가;과정중심,
254,면담법,Interview Method / 미술교과,"특정 표현 의도나 창의적 고뇌가 엿보이는 학생을 대상으로 면대면 질문과 대답을 거쳐 작품의 비하인드 스토리, 미적 의도, 학습 곤란도를 깊이 있게 성찰하고 지원하는 방식.",,,,,,3,미술교육학,개념,,질적평가,
256,질적 비평 평가,Qualitative Criticism Assessment,"단순한 기계적 채점표(량)를 지양하고 미술 작품이 내포하는 고유한 예술적 가치, 독창성의 미세한 차이를 질적 수식어와 구체적 해석을 가미해 상세히 피드백하는 평가.",,,,,,3,미술교육학,개념,,아이스너;질적평가,
257,다문화 미술교육,Multicultural Art Education / 찰머스,"인류의 다양한 문화권의 전통 미술을 존중함으로써 자문화 중심주의에서 벗어나 다인종, 다문화의 평등과 이해를 강조하고 소수자의 삶을 미술 감상으로 조명하는 사조. 에프 찰머스가 대표적.",,의의: 단일 문화 중심 미술사관에서 벗어나 다양한 민족·문화의 미술을 동등하게 다루도록 교육과정을 넓힘,배경: 찰머스 등이 서구 백인 남성 중심 미술사 정전에 대한 비판과 다문화 사회로의 변화를 배경으로 주창,,,1,미술교육학,사조,,,
258,미술관 교육,Museum Art Education / 미술관미술교육,"학교 밖 교육의 대표 형태로, 실물 박물 및 오리지널 예술 작품과 조우하는 공간적 맥락을 살려 에듀케이터의 안내, 체험 중심 워크숍, 비평 활동을 벌여 미학적 가치를 체득하는 교육.",,,,,,2,미술교육학,개념,,,
259,감각 교육,Sensory Education / 몬테소리,"몬테소리가 창안한 유아기 미술 및 작업 교육 원리. 감각 기관을 정교하게 발달시켜 사물의 대칭, 색의 점진적 조화, 질감적 특징을 신체를 통해 총체적으로 감득하게 하는 교육.",,,,,,3,미술교육학,개념,,,
260,노작 교육,Labor Education / 노작적미술,"존 듀이와 케르셴슈타이너가 주장한 실천적 교육. 머리로만 암기하는 미술을 넘어 신체 노동(수공예, 톱질, 가죽 다듬기 등)을 가미한 노작 활동을 통해 지적 지식과 의지, 성취감을 통합하는 모형.",,,,,,2,미술교육학,개념,,,
261,은물,Spielgabe / Spielgaben / 프뢰벨,"프뢰벨이 개발한 인류 최초의 기하학적 블록 교구 세트. 공, 구체, 원기둥, 사각형 등의 기하학적 형태를 놀이를 통해 조립하고 해체하면서 우주의 우아한 내적 통일성을 직관적으로 습득함.",,,,,,2,미술교육학,개념,,아동미술,
262,감각 교구,Didactic Material / 몬테소리,몬테소리가 아동의 훈련을 위해 질량·색감·형상·표면 거칠기를 정교한 비율로 조정해 만든 교구. 스스로 실수를 발견하고 바로잡게 하는 자기 통제 기능이 있음,,,,,,2,미술교육학,개념,,,
263,미적 경험,Aesthetic Experience / 존 듀이,"존 듀이가 정립한 경험론적 미학. 분리된 박물관 속 대상이 아니라 일상 속에서 인간 유기체가 환경과 부단히 상호 작용하며 얻는 충만한 에너지, 형태적 완결성, 정서적 유대감이 결합된 최상의 상태.",,,,,,1,미술교육학,개념,,,
264,미학적 이해,Aesthetic Understanding / 미술교육,"사물의 형태적 단순 관찰을 넘어 예술 작품의 본질, 왜 기묘한 재료가 매체가 되는지, 미(美)의 정체가 무엇인지를 철학적이고 역사적으로 사고해낼 수 있는 고도의 고등 사고 능력.",,,,,,3,미술교육학,개념,,미학,
265,박물관학,Museology / 박물관교육,"미술관과 박물관의 역사적 의의, 오리지널 유산 수집·보존·전시·평가와 관람객의 유기적 상호 작용, 교육 콘텐츠 설계를 학문 체계로 연구하는 융합 학문.",,,,,,3,미술교육학,개념,,,
266,시각적 문해력,Visual Literacy / 비주얼 리터러시,"범람하는 미디어와 대중문화, 광고 속 이미지의 심층적 이데올로기 및 왜곡 사항을 비판적으로 해부해 읽어내고, 나아가 시각 이미지를 매체 삼아 자신의 감정을 정밀하게 조형화해 소통하는 능력.",,,,,,1,미술교육학,개념,,,
267,상호텍스트성,Intertextuality / 포스트모던미술교육,"하나의 미술 작품은 고립된 유일무이한 것이 아니라, 이전의 역사적 명작, 당대 사회적 기호, 광고 등 다른 다양한 텍스트와의 끊임없는 상호 연관, 차용, 참조 관계 속에서 의미가 생성된다는 성질.",,,,,,2,미술교육학,원리,,포스트모더니즘,
268,협동학습 모형,Cooperative Learning Model / 미술,"미술 프로젝트나 디자인 발상 시 이질적인 학생들이 소집단을 구성하여 서로의 역할(기획, 재료 가공, 홍보 등)을 나누고 격려하며 공동의 조형 목표를 상생하며 달성하는 구성주의 학습법.",,,,,,2,미술교육학,원리,,구성주의,
269,직소 모형,Jigsaw Method / 직소 협동학습,"학생들이 각자 소속된 모둠에서 서로 다른 하위 미술 파트(예: 에칭, 목판화, 석판화)를 배정받은 후 타 집단 전문가와 심도 학습을 나누고 다시 본부로 돌아와 상호 가르치는 소집단 학습법.",,,,,,2,미술교육학,원리,,,
270,성취수준,Achievement Levels / 교육과정,"성취기준을 통해 설정된 미술 학습 과제를 이수한 후 학생들이 보여줄 수 있는 지식, 실기 기능, 태도의 세부 행동 단계를 보통 '상, 중, 하'의 기술어로 체계화한 평가 척도.",,,,,,2,미술교육학,개념,,교육과정,
271,미적 인지 발달,Aesthetic Cognitive Development / 파슨스,"마이클 파슨스 등이 주창한 이론. 직관적 호불호 연상 단계에서 출발하여, 사실성 존중, 표현성 가치 숭상, 양식 및 기법적 조화 감상, 최종의 자율적 비평 단계에 도달하기까지의 미적 안목 발달.",,,,,,2,미술교육학,개념,,,
272,탈근대 미술교육,Postmodern Art Education / 포스트모던,"유일무이한 서구 백인 남성 중심의 단일 정전(Canon) 미술사에서 탈피하여 다문화주의, 페미니즘, 대중문화 차용, 탈기법적 아웃사이더 예술까지 미학적 문맥을 개방하고 수용하려는 교육적 움직임.",,,,,,2,미술교육학,사조,,포스트모더니즘,
273,의미 있는 형식,Significant Form / 클라이브 벨,"클라이브 벨의 형식주의 미학. 예술을 예술이게 하는 가치는 종교적 서사나 외관 묘사에 있는 것이 아니라, 오직 선, 색채, 조형적 면들의 특수한 배열이 일으키는 독특한 미적 미학 형식에 있다고 주장함.",,,,,,1,미술교육학,개념,,형식주의;미학,
274,매체 특정성,Medium Specificity / 클레멘트 그린버그,"클레멘트 그린버그의 모더니즘 미술 비평론. 각 예술 장르는 고유한 자기 매체의 물질적 조건과 속성을 한계선으로 밀어붙여 자율성을 획득해야 하며, 회화의 경우 '캔버스의 평면성(Flatness)'을 극대화해야 함.",,,,,,1,미술교육학,개념,,미학;형식주의,
275,예술계,Artworld / 아서 단토,"아서 단토가 주창한 미학 개념. 뒤샹의 '변기'처럼 비예술적 대상이 예술품으로 등극할 수 있는 것은 물리적 가공 덕이 아니라, 미술사적 맥락의 지식, 미학 이론의 분위기, 미술 담론의 구조가 준비되었기 때문이라는 이론.",,,,,,1,미술교육학,개념,,미학;단토;현대미학,
276,예술정의 불가론,Anti-essentialism of Art / 모리스 바이츠,비트겐슈타인의 '가족 유사성(Family Resemblance)'을 기반으로 모리스 바이츠가 주장한 비(非)본질주의 미학. 예술은 창조성과 변화를 열린 조건으로 두는 '열린 개념'이므로 본질을 단 하나의 필요충분조건으로 못박을 수 없음.,,,,,,1,미술교육학,개념,,미학,
277,아우라,Aura / 발터 벤야민,발터 벤야민이 정의한 미학 개념. 예술 오리지널 작품이 역사적 시간과 고유한 공간의 맥락 속에 속해 있음으로써 고고하게 뿜어내는 '일회적 신비와 영적인 숭고한 분위기'. 사진과 영화 같은 복제 기법으로 붕괴됨.,,,,,,1,미술교육학,개념,,미학;현대미학,
278,시뮬라크르,Simulacre / 장 보드리야르,"장 보드리야르가 주창한 개념. 원본이 실제로 존재하지 않는 모조 이미지나 기호를 뜻하며, 원본보다 더 실재 같은 대체물이 가치를 지배하는 현대 소비 사회를 분석함",,,,,,1,미술교육학,개념,,미학;포스트모더니즘,
279,도상해석학 3단계,Three Levels of Panofsky's Iconology,"에르윈 파노프스키의 도상학 분석법. 1단계: 전-도상학적 서술(자연적 주제, 1차적 선묘 지각), 2단계: 도상학적 분석(문헌 검증, 2차적 알레고리 식별), 3단계: 도상해석학적 해석(내재적 의미, 시대 정신과 작가의 무의식 성찰).",,,,,,1,미술교육학,원리,,미학,
280,예술의 제도적 정의,Institutional Theory of Art / 조지 디키,"단토의 예술계 개념을 실증화한 조지 디키의 미학. 미술 사회학적 제도권(화랑, 비평가 협회, 학계)의 승인 자격을 갖춘 대리인이 어떤 가공물에 대해 '미적 가치 감상 후보자'의 지위를 공인하여 부여함으로써 예술이 완성된다는 이론.",,,,,,2,미술교육학,개념,,미학,
281,비평적 대화,Critical Discourse / 미술비평,"미술 비평에서 단순히 주관적 느낌을 떠들어대는 수준을 탈피하여, 형식 분석, 사회적 가치 고찰, 인지적 설득력을 고루 지닌 텍스트와 말하기를 통해 예술을 대중에게 조리 있게 소통해내는 구조화된 논제.",,,,,,3,미술교육학,개념,,미학,
282,관계 미학,Relational Aesthetics / 니콜라 부리오,"니콜라 부리오가 제안한 동시대 미학. 예술을 갤러리에 고정된 신성한 오리지널 오브제 창작에 두지 않고, 관람객들의 우연한 마주침, 협업, 놀이, 일시적 연대를 형성해내는 전체 사회적 마당과 소통 구조로 파악함.",,,,,,1,미술교육학,개념,현대,미학,
283,예술 종말론,End of Art Thesis / 단토 / 헤겔,아서 단토가 제시한 화두. 팝아트(워홀의 브릴로 박스)에 이르러 예술은 눈에 보이는 양식적 시각 진화를 멈추고 '예술이란 무엇인가'라는 철학적 영역으로 용해되어 철학으로 변해버림으로써 미술 발전사는 완성되어 끝났다는 이론.,,,,,,2,미술교육학,개념,,미학;단토;현대미학,
284,미적 태도론,Aesthetic Attitude / 제롬 스톨니츠,"제롬 스톨니츠 등이 주장한 미학. 대상을 실용적 가치, 경제성, 도덕적 시선으로 보지 않고, 오직 관심사를 비워내고 대상의 고유 조형 질서에만 집중하는 무사심하고 동정적이며 자율적인 지각적 몰두 자세.",,,,,,2,미술교육학,개념,,미학;지각,
285,미적 무관심성,Disinterestedness / 임마누엘 칸트 / 무관심성,"칸트가 『판단력 비판』에서 제시한 원리. 대상을 실제로 소유하고 싶은 이기적 욕구나 쓸모에 대한 계산을 모두 밀어 두었을 때, 비로소 순수한 미적 쾌감이 생긴다고 보았다.",,,,,,1,미술교육학,개념,,미학,
286,숭고,The Sublime / 칸트 / 리오타르,"칸트와 리오타르가 정립한 미학 개념. 대상의 규모나 힘이 인간 지성과 감각의 한계선을 가볍게 압도할 때, 두려움과 공포를 동반하지만 동시에 인간 이성의 무한한 존엄을 자각하게 만드는 장엄하고 압도적인 미감.",,,,,,2,미술교육학,개념,,미학;숭고,
287,카타르시스,Catharsis / 배설 / 정화,"아리스토텔레스가 시학에서 제시한 비극론. 비극적 사건을 목격하며 유발되는 '공포와 연민'을 자극하고 마음껏 분출시켜 내면의 억압을 정화, 치유하고 정신적 안식을 유도하는 정화 작용.",,,,,,2,미술교육학,개념,,미학,
288,미메시스,Mimesis / 모방 / 재현,"플라톤과 아리스토텔레스가 탐구한 예술 모방론. 플라톤은 참된 본질(이데아)에서 세 번째 떨어진 단순한 가상 환영의 기만이라 폄훼했고, 아리스토텔레스는 인간 본능의 즐거운 재현이자 보편적 진실 습득의 수단이라 봄.",,,,,,1,미술교육학,개념,,미학,
289,가족 유사성,Family Resemblance / 비트겐슈타인,"비트겐슈타인의 철학으로, 어떤 대상들의 집합은 단 하나의 공통 불변의 고유 본질로 묶이는 것이 아니라, 가족 구성원들이 코, 눈, 입매 등 서로 부분적으로 중첩되는 무수한 유사성을 통해 엮인다는 이론.",,,,,,2,미술교육학,원리,,미학,
290,열린 개념,Open Concept / 모리스 바이츠,"미술의 범주는 과거의 명작에 상시 갇혀있지 않고, 새로운 시대적 매체와 전위적 도전을 상시 추가하여 그 테두리가 무한히 팽창하는 가동성을 가지므로 고정될 수 없다는 유동적 관념론.",,,,,,2,미술교육학,개념,,미학,
291,기호학적 비평,Semiotic Criticism / 바르트 / 소쉬르,"미술 작품을 단순 기법 묘사가 아닌 고도로 엮인 기호 체계(Sign)로 읽는 비평. 기표(Signifier)가 지닌 객관적 도상성 뒤에 자리 잡은 문화적, 사회적 합의의 암시와 기의(Signified)를 기호 분석법으로 해독함.",,,,,,2,미술교육학,개념,,미학;롤랑바르트,
292,정신분석학 비평,Psychoanalytic Criticism / 프로이트 / 융,"지그문트 프로이트의 무의식과 억압된 리비도 승화 이론, 혹은 칼 융의 집단 무의식적 원형을 토대로 작가의 무의식이 화면 구성, 기이한 상징성, 환각적 구도를 통해 어떻게 변주 표출되는지 추적함.",,,,,,2,미술교육학,개념,,미학;무의식;초현실주의,
293,사회사적 비평,Socio-historical Criticism / 아놀드 하우저,"아놀드 하우저 등의 미술사관에 기초한 비평. 예술가는 자율적인 천재가 아닌 당대 계급 구도, 물질 경제적 토대, 지배 권력 구조의 영항 아래 놓인 산물이므로 계급과 경제의 굴레 속에서 작품을 읽음.",,,,,,2,미술교육학,개념,,미학,
294,페미니즘 비평,Feminist Criticism,"미술사에서 교묘히 배제당해 온 여성 미술가들의 가치를 원천 발굴하고, 가부장적 가치관이 직조해 낸 남성 지배적 응시(Male Gaze)와 여성의 타자화, 누드화의 내면적 남성 탐욕 구도를 폭로하는 비평.",,,,,,1,미술교육학,개념,,미학,
295,해체주의 비평,Deconstructive Criticism / 자크 데리다,"자크 데리다의 탈구조주의 미학. 작품 속 영원불멸한 절대 진리나 유일한 작가의 의도는 존재하지 않는다고 전제하며, 단어와 기호의 차연(Differance)을 이용해 텍스트 내부의 이분법과 편견을 스스로 전복해 읽음.",,,,,,2,미술교육학,개념,,미학,
296,수용 미학,Reception Aesthetics / 야우스 / 이저,"작품의 의미는 작가의 천재성 속에 고정되어 완성되는 것이 아니라, 불완전하고 빈틈이 있는 작품의 '미결정성'과 '빈 공간(Gap)'을 독자(감상자)가 채워 능동적으로 상호 작용하며 완성된다고 봄.",,,,,,2,미술교육학,개념,,미학,
297,미적 지각론,Aesthetic Perception Theory,"사물의 과학적이고 수량적인 수치를 인지하는 단계를 뛰어넘어, 사물의 면, 선, 질감, 색상이 지닌 특유의 조형적 균형미와 내적 리듬감을 주체적 감성으로 강렬하게 지각해 내는 지각주의 미학.",,,,,,3,미술교육학,개념,,미학;지각,
298,내재적 비평,Intrinsic Criticism / 형식주의비평,"작가의 사회적 이력, 심리적 억압, 시대 정신 등 작품 외부의 연관 정보를 일절 배제하고, 오직 화면 내부의 구도, 필치, 명암법, 색상 자율성 등 형식적 요소만을 끈질기게 분석해 내는 방식.",,,,,,2,미술교육학,개념,,미학;형식주의,
299,외재적 비평,Extrinsic Criticism / 맥락주의비평,"예술 작품이 배태된 사회 환경, 정치적 검열 구조, 경제적 후원 체계(메디치 가 등), 작가의 내면사 등 작품 외부와 유기적으로 소통하고 지탱하는 거대 맥락에 중심을 두고 해석하는 비평.",,,,,,2,미술교육학,개념,,미학,
300,기호학,Semiotics / 기호이론,"인간 사회의 보편적 상징, 글, 이미지를 '기호(Sign)'로 간주하여 그 구성 원리(기표와 기의, 도상·지표·상징)를 통해 문화를 텍스트 삼아 해부해 나가는 학문 체계.",,,,,,2,미술교육학,개념,,미학,
301,시뮬라시옹,Simulation / 보드리야르,장 보드리야르가 주창한 개념. 실재가 부단히 모방되면서 종국에는 실재 없는 가상 기호들이 스스로 지위를 얻어 원본의 흔적을 소멸시키는 과정,,,,,,2,미술교육학,개념,,미학,
302,텍스트,Text / 롤랑 바르트,"롤랑 바르트가 고전적 권위인 '작품(Work)'에 대비해 제안한 개념. 저자가 고정하고 봉인한 단일한 성지가 아니라 독자의 참여와 상호 참조, 의미의 유희를 허용하는 열린 언어 망",,,,,,2,미술교육학,개념,,미학;롤랑바르트,
303,저자의 죽음,The Death of the Author / 바르트,"롤랑 바르트가 선언한 개념. 예술 작품의 궁극적 권위가 작가의 전적인 창작 의도에 갇혀있다는 편견을 뒤흔들며, 텍스트가 세상에 태어난 후 해석의 완전한 자유와 지배권은 전적으로 '독자'의 탄생에 달렸음.",,,,,,2,미술교육학,개념,,미학;롤랑바르트,
304,이데올로기 비평,Ideological Criticism / 마르크스주의,"예술 작품이 지배 계급의 허위의식을 미화하고 수용자에게 주입시키는 정교한 구조임을 밝혀내고, 그 안에 감추어진 계급 갈등의 모순을 고발하는 마르크스주의 비평.",,,,,,2,미술교육학,개념,,미학,
305,포스트콜로니얼리즘,Postcolonialism / 오리엔탈리즘,"에드워드 사이드 등의 탈식민주의 사상에 기초함. 서구 제국주의 시선이 왜곡하여 타자화시킨 아시아, 아프리카 등의 왜곡된 미적 묘사(오리엔탈리즘)를 폭로하고, 제3세계 전통 가치의 자율성 복구를 모색함.",,,,,,2,미술교육학,개념,,미학,
306,미학적 다원주의,Aesthetic Pluralism / 다원주의,"절대적 단일미, 혹은 하나의 미술사적 대서사(Grand Narrative)에 묶이는 것을 거부하고, 주변부 문화, 하위문화, 원시 예술 등 다양한 문화적 정체성이 각자 이룩해 낸 수많은 자율적 미들을 대등하게 인정함.",,,,,,2,미술교육학,개념,,미학;포스트모던,
307,환경 미학,Environmental Aesthetics,"갤러리에 걸린 인공 작품 중심의 소아적 미학에서 자연 경관, 도시 환경, 생태계 전체의 장대하고 거대한 상호 작용을 인간 지각의 총체와 어떻게 연결하는지 탐구하는 현대 미학적 유파.",,,,,,3,미술교육학,개념,,미학,
308,정면성의 원리,Law of Frontality / 이집트,"이집트 벽화와 조각에서 대상의 영원성을 묘사하기 위해 얼굴은 측면, 눈은 정면, 어깨와 가슴은 정면, 허리 아래 다리는 측면으로 결합하여 그린 기하학적 약속법.",,,,,,2,서양미술사,원리,고대,,
309,쿠로스,Kouros / 그리스,"그리스 아르카이익(고풍기) 시대의 실물 크기 젊은 남성 나체 입상. 뻣뻣하고 대칭적인 부동 자세, 한 발을 앞으로 내딛는 정면성, 입가에 잔잔한 미소(아르카이익 미소)가 특징.",,,,"〈쿠로스〉, 기원전 6세기",https://commons.wikimedia.org/wiki/Special:FilePath/Marble_statue_of_a_kouros_%28youth%29_MET_DT263.jpg?width=900,2,서양미술사,작품,고대,조각;그리스,
310,코레,Kore / 그리스,그리스 아르카이익 시대의 젊은 여성 채색 옷 입상. 남성상인 쿠로스와 달리 정교한 그리스식 옷주름(키톤)을 몸에 두르고 고요하게 정면을 응시하며 손에 공물을 쥔 형태.,,,,"〈페플로스를 입은 코레〉, 기원전 6세기",https://commons.wikimedia.org/wiki/Special:FilePath/ACMA_679_Kore_1.JPG?width=900,3,서양미술사,작품,고대,조각;그리스,
311,카논,Canon / 비례원칙,폴리클레이토스가 저술한 인체 비례론이자 창시작인 '창을 든 남자(도리포로스)'에 적용된 7등신의 기하학적 수학 비율. 대칭과 조화의 그리스 고전 조각 핵심 기준.,,,,,,2,서양미술사,원리,고대,,
312,라오콘 군상,Laocoon and His Sons,"헬레니즘 조각의 정점. 신의 저주로 두 마리 거대 뱀에 감겨 죽어가는 라오콘 신부와 아들들의 비장한 운명, 고통으로 일그러진 얼굴, 격정적 근육 동세와 역동적 구도를 완벽히 구현함.",,"의의: 극한의 신체적 고통과 감정을 격렬한 동세로 표현, 헬레니즘 조각의 파토스를 대표하며 르네상스 이후 서양 조각의 규범이 됨",배경: 트로이 신관 라오콘이 신의 노여움으로 벌받는 신화를 배경으로 로도스 조각가들이 제작,"〈라오콘 군상〉, 기원전 1세기경",https://upload.wikimedia.org/wikipedia/commons/1/17/Laocoon_Pio-Clementino_Inv1059-1064-1067.jpg,1,서양미술사,작품,고대,,
313,개선문,Triumphal Arch / 로마,로마 황제들의 전쟁 승전보와 치세를 영구 보전하기 위해 지은 아치형 문 구조물. 아치 양옆에 원기둥 장식을 덧대고 부조판을 얹어 장식과 기념비적 성격을 일체화함.,,,,"〈콘스탄티누스 개선문〉, 로마 315",https://commons.wikimedia.org/wiki/Special:FilePath/Arch_of_Constantine_%28Rome%29_%2Clateral_view.jpg?width=900,3,서양미술사,작품,고대,,
314,돔 구조,Dome Structure / 판테온,반구 모양의 지붕을 얹어 넓은 내부 기둥이 없는 개방 공간을 구축한 로마의 건축 공학. 판테온 신전의 거대한 콘크리트 돔(오쿨루스 채광창 포함)이 가장 대표적.,,,,,,2,서양미술사,원리,고대,,
315,카타콤,Catacombs / 지하묘굴,"로마 제국의 그리스도교 박해기 신도들이 비밀리 예배를 올리고 시신을 묻은 거대한 지하 분묘 터. 벽면에 그려진 선한 목자, 물고기 등 소박하고 상징적인 그림들이 기독교 미술의 원천이 됨.",,,,,,2,서양미술사,개념,중세,벽화,
316,성상 파괴 운동,Iconoclasm / 비잔틴,8-9세기 비잔틴 제국에서 레오 3세 황제의 주도로 일어난 그리스도상 및 성인 모사품들의 제작·파괴 논쟁. 성화(이콘) 숭배의 신비적 가치와 신학적 재현의 정당성을 두고 벌어진 충돌.,,,,,,2,서양미술사,개념,중세,,
317,아야 소피아,Hagia Sophia / 성소피아성당,"유스티니아누스 대제가 세운 비잔틴 양식의 걸작. 사각형 평면 위에 거대 원형 돔을 펜덴티브 공법으로 성공적으로 올렸으며, 내벽을 무수한 황금빛 유리 모자이크로 장식해 웅장함의 극치를 이룸.",,,,"〈아야 소피아〉, 비잔틴 6세기",https://commons.wikimedia.org/wiki/Special:FilePath/Hagia_Sophia_Mars_2013.jpg?width=900,2,서양미술사,작품,중세,건축,
318,피사 성당,Pisa Cathedral / 로마네스크,"이탈리아 로마네스크 건축의 총아. 흰 대리석 외벽과 둥근 반원 아치랑 갤러리 열주 장식을 거듭 얹었으며 지지 하중을 위해 두꺼운 벽체와 육중한 기둥, 교차 궁륭을 차용함.",,,,"〈피사 대성당〉, 이탈리아 로마네스크",https://commons.wikimedia.org/wiki/Special:FilePath/Pisa_Cathedral_2014.jpg?width=900,3,서양미술사,작품,중세,건축,
319,첨두 아치,Pointed Arch / 고딕,고딕 양식에서 반원 아치의 수평 하중 압력을 줄이기 위해 아치 윗부분을 뾰족한 끝각으로 모아 올린 아치. 수직 높이를 자유롭게 팽창시킬 수 있는 고딕 성당 공학의 핵심.,,,,,,2,서양미술사,원리,중세,고딕,
320,리브 볼트,Ribbed Vault / 늑골볼트,고딕 건축에서 사선 아치가 만나는 자리에 단단한 돌 갈빗대를 덧대고 그 사이를 가벼운 천장판으로 채워 지탱하는 늑골 궁륭 공법. 벽체가 받는 하중을 크게 덜어 낸다.,,,,,,2,서양미술사,원리,중세,고딕,
321,샤르트르 성당,Chartres Cathedral / 고딕,"프랑스 전성기 고딕 성당의 총본산. 두 탑의 모양이 다른 비대칭 정면과, 장엄한 장미 창 모자이크 및 플라잉 버트레스를 갖추어 얇고 높은 벽면 가공과 화려한 스테인드글라스 실내를 장식함.",,,,〈샤르트르 대성당〉 서쪽 정면 — 두 탑의 모양이 다르다,https://commons.wikimedia.org/wiki/Special:FilePath/Chartres_cathedral_%28West_fa%C3%A7ade%29.jpg?width=900,2,서양미술사,작품,중세,고딕,
322,조토 디 본도네,Giotto di Bondone / 조토,"중세 말 스콜라 철학 사조 속에서 그리스도와 성자들의 중세식 장식 평면을 허물고 사실적 양감, 정서적 비장미, 단축법적 인체 배치를 완벽히 부활시킨 이탈리아 현대 회화의 실질적 선구자.",,"의의: 비잔틴의 평면적 도상에서 벗어나 인체의 부피감과 공간감, 인물의 감정을 표현해 서양 회화에 사실주의의 문을 엶",배경: 중세 말 아시시·파도바 등지의 프레스코 벽화 주문을 배경으로 활동,"조토, 〈애도〉, 1305년경",https://commons.wikimedia.org/wiki/Special:FilePath/Giotto_-_Scrovegni_-_-36-_-_Lamentation_%28The_Mourning_of_Christ%29_adj.jpg?width=900,1,서양미술사,인물,르네상스,,
323,성 삼위일체,The Holy Trinity / 마사초,마사초가 피렌체 산타 마리아 노벨라 성당에 제작한 성화. 브루넬레스키가 창시한 1점 선원근법을 최초로 완벽하게 2차원 평면 회화에 이식해 깊이감과 가상 현실 공간을 구축함.,,의의: 브루넬레스키의 선원근법을 회화에 최초로 완벽히 구현해 평면에 실제 같은 3차원 공간의 환영을 만들어냄,"배경: 피렌체 산타 마리아 노벨라 성당의 벽면 제단화로 제작, 초기 르네상스 공간 실험을 대표","마사초, 〈성 삼위일체〉, 1425~1428",https://commons.wikimedia.org/wiki/Special:FilePath/Masaccio%2C_Holy_Trinity%2C_1425-28%2C_Santa_Maria_Novella%2C_Florence.jpg?width=900,1,서양미술사,작품,르네상스,,
324,필리포 브루넬레스키,Filippo Brunelleschi / 브루넬레스키,피렌체 대성당(두오모)의 거대 돔을 수학 공학으로 축조한 천재 건축가이자 조각가. 거울 실험과 작도법을 거쳐 평면상에 소실점을 찍는 '선원근법(Linear Perspective)'을 정밀 발명함.,,,,〈피렌체 대성당〉 — 브루넬레스키가 올린 돔,https://commons.wikimedia.org/wiki/Special:FilePath/Santa_Maria_del_Fiore_Cathedral_Florence_04_2024_0907.jpg?width=900,2,서양미술사,인물,르네상스,,
325,도나텔로,Donatello / 청동다비드,"초기 르네상스의 조각가. 고대 그리스의 '콘트라포스토'를 이식한 최초의 청동 누드 남성 입상 '다비드'를 제작해 고전의 감각, 육신의 자연성, 육중한 조각적 양감을 수백 년 만에 회복시킴.",,,,"도나텔로, 〈다비드〉, 1440년경 — 최초의 청동 누드 입상",https://commons.wikimedia.org/wiki/Special:FilePath/Donatello_-_David_-_Floren%C3%A7a.jpg?width=900,2,서양미술사,인물,르네상스,다비드;조각,
326,테리빌리타,Terribilita / 미켈란젤로 / 경외성,"미켈란젤로의 인물(예: 다비드 조각, 모세상 등)에서 뿜어져 나오는 초월적 힘, 내적인 격정, 신의 경지를 목격했을 때 감상자의 턱을 벌어지게 만드는 무섭고도 압도적인 위엄의 미감.",,,,,,2,서양미술사,개념,르네상스,르네상스,
327,티치아노 베첼리오,Titian / 베네치아 화파,"전성기 베네치아 화파를 이끈 화가. 드로잉과 이성적 구도 위주의 피렌체 전통과 달리 캔버스 위 유화를 주 무대 삼아 붉은 색조와 풍부하고 화려한 색채 대조, 빛의 분산을 통해 회화성을 구축함.",,의의: 캔버스 유화의 붓질과 색채(콜로레)로 피렌체의 소묘 중심 전통(디세뇨)에 맞서는 베네치아 화파를 완성,배경: 상업 도시 베네치아의 부와 캔버스·유화 안료 보급을 배경으로 활동,"티치아노, 〈우르비노의 비너스〉, 1538",https://commons.wikimedia.org/wiki/Special:FilePath/Tiziano_-_Venere_di_Urbino_-_Google_Art_Project.jpg?width=900,1,서양미술사,인물,르네상스,,
328,조르조네,Giorgione / 잠자는비너스,"베네치아 화파 초기를 이끈 거장. 신화적 대상을 배경 속 산수에 아련하고 시적으로 조화시킨 '폭풍우', '잠자는 비너스'를 그려 색과 대기가 인물과 혼화하는 서정주의의 길을 엶.",,,,"조르조네, 〈폭풍우〉, 1508년경",https://commons.wikimedia.org/wiki/Special:FilePath/6%2C99Mo-Giorgione_019.jpg?width=900,2,서양미술사,인물,르네상스,,
329,얀 반 에이크,Jan van Eyck / 아르놀피니,"북유럽 르네상스의 시조. 건조가 느려 미세 묘사가 쉬운 린시드 오일을 적극 도입하여 서양 '유화(Oil Painting)' 기법을 완성하였으며, '아르놀피니 부부의 초상'에서 극사실과 복합적 종교 도상을 녹임.",,"의의: 유화 기법(글레이즈)을 완성해 극세밀한 사실적 질감 표현을 가능케 함, 북유럽 르네상스 회화의 시조로 평가됨",배경: 플랑드르 부르고뉴 궁정의 후원과 상업 도시 브뤼헤의 번영을 배경으로 활동,,https://upload.wikimedia.org/wikipedia/commons/3/33/Van_Eyck_-_Arnolfini_Portrait.jpg,1,서양미술사,인물,르네상스,,
330,알브레히트 뒤러,Albrecht Durer / 뒤러,"독일 르네상스를 이끈 이론가이자 거장. 정교한 동판화와 목판화를 가공 유통해 명성을 쌓았으며 이탈리아의 비례론, 인체 대칭 연구를 수용해 자화상과 수많은 동식물 사생 정밀화를 개척함.",,"의의: 이탈리아 원근법·인체비례 이론을 북유럽에 소개하고 판화를 독립적 예술 장르로 격상, 북유럽 르네상스를 대표",배경: 이탈리아 유학을 통해 인문주의적 예술관을 흡수하고 인쇄술 발달로 판화의 대중적 보급이 가능해짐,"뒤러, 〈자화상〉, 1500",https://commons.wikimedia.org/wiki/Special:FilePath/Albrecht_D%C3%BCrer_-_1500_self-portrait_%28High_resolution_and_detail%29.jpg?width=900,1,서양미술사,인물,르네상스,판화,
331,긴 목의 마돈나,Madonna with the Long Neck / 파르미지아니노,"르네상스의 이상적 대칭과 수학적 균형에서 벗어나, 매너리즘(마니에리스모) 특유의 인위적으로 길게 늘어뜨린 왜곡 비례, 작위적인 기이한 공간 구성, 신비스러운 도상을 극단화한 회화.",,의의: 의도적으로 왜곡된 비례로 우아함을 극대화한 매너리즘 회화의 대표작,배경: 전성기 르네상스의 이상적 비례 규범을 의도적으로 비틀려는 매너리즘적 실험을 배경으로 제작,"파르미자니노, 〈긴 목의 마돈나〉, 1535년경",https://commons.wikimedia.org/wiki/Special:FilePath/Parmigianino_-_Madonna_and_Child_with_Angels%2C_known_as_the_Madonna_with_the_Long_Neck.jpg?width=900,1,서양미술사,작품,르네상스,,
332,지안 로렌초 베르니니,Gian Lorenzo Bernini / 베르니니,"바로크 조각의 정점. 돌이라는 단단한 재료에서 물결치는 옷자락, 살결을 짓누르는 실감, 격정적 사선 역동성을 끌어냈으며 '다비드', '성 테레사의 황홀경'을 통해 가톨릭의 신비와 신앙심을 시각화함.",,의의: 대리석에서 운동감·질감·감정을 극적으로 끌어내 바로크 조각의 정점을 이루고 로마의 도시 경관(광장·분수)을 완성,배경: 교황청의 반종교개혁 선전 정책과 후원을 배경으로 로마에서 활동,"베르니니, 〈아폴로와 다프네〉, 1622~1625",https://commons.wikimedia.org/wiki/Special:FilePath/Apollo_and_Daphne_%28Bernini%29_%28cropped%29.jpg?width=900,1,서양미술사,인물,바로크,,
333,피터 파울 루벤스,Peter Paul Rubens / 루벤스,"플랑드르 바로크의 제왕. 대량의 공방 조수를 활용해 대작을 쏟아냈으며 비틀린 인체 근육, 화면 가득 넘쳐나는 화려하고 관능적인 색채 대비와 대각선 역동 구도로 유럽 가톨릭 제단을 장식함.",,"의의: 풍부한 색채와 역동적 구성으로 플랑드르 바로크 회화를 대표, 외교관으로도 활동하며 전 유럽 궁정에 화풍을 전파",배경: 반종교개혁 가톨릭 플랑드르의 대규모 제단화·궁정화 수요를 배경으로 활동,"루벤스, 〈삼미신〉, 1635년경",https://commons.wikimedia.org/wiki/Special:FilePath/The_Three_Graces%2C_by_Peter_Paul_Rubens%2C_from_Prado_in_Google_Earth.jpg?width=900,1,서양미술사,인물,바로크,,
334,프란스 할스,Frans Hals / 집단초상화,네덜란드 시민 사회의 성장을 대변한 초상화가. 정적인 독사진과 달리 살아 움직이는 듯 웃는 군상의 연회를 거칠고 빠른 대담한 임파스토 필치로 묘사해 순간적 생동감을 극대화함.,,,,"할스, 〈웃는 기사〉, 1624",https://commons.wikimedia.org/wiki/Special:FilePath/Cavalier_soldier_Hals-1624x.jpg?width=900,2,서양미술사,인물,바로크,초상화,
335,요하네스 베르메르,Johannes Vermeer / 베르메르,"네덜란드 소박한 실내 정경과 여성들의 가사 활동을 정교하게 담은 화가. '우유 따르는 여인', '진주 귀걸이를 한 소녀' 등 빛을 받은 점묘식 광학적 질감을 카메라 옵스큐라식 구도로 환기함.",,"의의: 실내에 스며드는 빛과 정적인 일상을 극도로 섬세하게 묘사, 네덜란드 풍속화의 정수를 이룸","배경: 델프트의 시민 계층을 위한 소규모 실내 풍속화 수요를 배경으로 활동, 카메라 옵스큐라 활용 추정","베르메르, 〈진주 귀걸이를 한 소녀〉, 1665년경",https://commons.wikimedia.org/wiki/Special:FilePath/1665_Girl_with_a_Pearl_Earring.jpg?width=900,1,서양미술사,인물,바로크,빛,
336,디에고 벨라스케스,Diego Velazquez / 시녀들,"스페인 궁정 화가. '시녀들(라스 메니나스)'에서 거울에 비친 국왕 부부, 액자 밖을 보는 화가의 모습을 중첩한 복합 다시점 공간을 설계했으며, 인상주의를 예고한 자유롭고 회화적 필치로 이름을 남김.",,의의: 궁정화가로서 왕실 초상을 신분에 얽매이지 않는 인간적 사실성으로 그려 이후 마네·피카소 등 근현대 화가들의 재해석 대상이 됨,배경: 스페인 합스부르크 왕실의 궁정화가로 활동하며 이탈리아 유학을 통해 프리마 기법을 습득,"벨라스케스, 〈시녀들〉, 1656",https://commons.wikimedia.org/wiki/Special:FilePath/Las_Meninas%2C_by_Diego_Vel%C3%A1zquez%2C_from_Prado_in_Google_Earth.jpg?width=900,1,서양미술사,인물,바로크,,
337,니콜라 푸생,Nicolas Poussin / 푸생,"프랑스 고전주의 회화의 거장. 루벤스의 격정 색채에 대항해, 엄격한 선 드로잉, 수학적 비례, 조화로운 숭고미, 질서정연한 풍경 구도를 확립하여 프랑스 관전파(아카데미)의 지적 지주가 됨.",,의의: 엄격한 소묘와 이성적 구도로 프랑스 고전주의 회화의 규범을 세워 왕립 아카데미와 신고전주의에 큰 영향,배경: 루벤스의 격정적 색채 중심 화풍에 맞서 로마에서 고대 조각·라파엘로를 연구하며 독자적 화풍을 확립,"푸생, 〈아르카디아에도 나는 있다〉, 1638년경",https://commons.wikimedia.org/wiki/Special:FilePath/Nicolas_Poussin_-_Et_in_Arcadia_ego_%28deuxi%C3%A8me_version%29.jpg?width=900,1,서양미술사,인물,바로크,,
338,장 앙투안 와토,Jean-Antoine Watteau / 와토,프랑스 귀족들의 화려하고 가벼운 전원 연회인 '페트 갈랑트(Fetes Galantes)' 장르를 개척한 로코코의 거장. 파스텔톤의 우아하고 감미로운 붓터치와 아지랑이 피는 무대식 장식 공간을 구축함.,,의의: 귀족의 우아한 야외 유흥을 그린 페트 갈랑트라는 새 장르를 창시해 로코코 회화를 대표,배경: 루이 14세 사후 엄숙한 궁정 문화에서 파리 살롱 중심의 경쾌한 귀족 문화로 이행하며 대두,"와토, 〈키테라 섬으로의 순례〉, 1717",https://commons.wikimedia.org/wiki/Special:FilePath/L%27Embarquement_pour_Cyth%C3%A8re%2C_by_Antoine_Watteau%2C_from_C2RMF_retouched.jpg?width=900,1,서양미술사,인물,바로크,,
339,알프스를 넘는 나폴레옹,Napoleon Crossing the Alps / 자크루이다비드,자크 루이 다비드가 나폴레옹 황제의 패기를 찬양하기 위해 그린 대규모 선전용 역사화. 백마를 탄 위풍당당한 사선 동세와 명징하고 정교한 신고전주의 필치로 영웅의 카리스마를 각인시킴.,,,,"다비드, 〈알프스를 넘는 나폴레옹〉, 1801",https://upload.wikimedia.org/wikipedia/commons/thumb/4/4d/Napoleon_at_the_Great_St._Bernard_-_Jacques-Louis_David_-_Google_Cultural_Institute.jpg/1280px-Napoleon_at_the_Great_St._Bernard_-_Jacques-Louis_David_-_Google_Cultural_Institute.jpg,2,서양미술사,작품,근대,다비드,
340,장 오귀스트 도미니크 앵그르,Jean-Auguste-Dominique Ingres / 앵그르,다비드의 뒤를 이어 프랑스 신고전주의 아카데미즘을 사수한 화가. 낭만주의 들라크루아에 대항해 오직 명확하고 우아한 '선(Line)과 정교한 데생'이야말로 회화의 뼈대이자 진리라고 굳게 외침.,,의의: 명료한 윤곽선과 정교한 데생을 회화의 근본으로 고수해 낭만주의(들라크루아)와 대립하며 신고전주의 아카데미즘을 사수,배경: 다비드의 제자로서 프랑스 아카데미 화단의 정통을 계승,"앵그르, 〈그랑드 오달리스크〉, 1814",https://commons.wikimedia.org/wiki/Special:FilePath/Jean_Auguste_Dominique_Ingres%2C_La_Grande_Odalisque%2C_1814.jpg?width=900,1,서양미술사,인물,근대,,
341,메두사호의 뗏목,The Raft of the Medusa / 제리코,테오도르 제리코의 작품으로 프랑스 낭만주의 회화의 문을 연 거작. 군함 메두사호 침몰의 참상과 상급자들의 위선을 고발함. 뗏목 위 피골이 상접한 생존자들의 절규를 이중 삼각형 피라미드 구도로 표현함.,,의의: 당대 실제 해난 참사를 극적 구도로 그려 낭만주의 회화의 사회 비판적 힘을 보여줌,배경: 1816년 프랑스 정부의 무능으로 발생한 메두사호 침몰 사건에 대한 여론의 분노를 배경으로 제작,"제리코, 〈메두사호의 뗏목〉, 1819",https://commons.wikimedia.org/wiki/Special:FilePath/Theodore_Gericault_Raft_of_the_Medusa-1.jpg?width=900,1,서양미술사,작품,근대,,
342,민중을 이끄는 자유의 여신,Liberty Leading the People / 들라크루아,"외젠 들라크루아가 1830년 프랑스 7월 혁명의 타오르는 현장을 역동적으로 조명한 대표작. 삼색기를 들고 화약 안개 속을 내닫는 자유의 여신, 연기를 화려하고 타오르는 불같은 색채로 자아냄.",,의의: 알레고리(자유의 여신)와 현실(7월 혁명)을 결합해 낭만주의 역사화의 정치적 힘을 보여줌,배경: 1830년 프랑스 7월 혁명 직후 시민의 열기를 기념하고자 제작,"들라크루아, 〈민중을 이끄는 자유의 여신〉, 1830",https://upload.wikimedia.org/wikipedia/commons/thumb/a/a7/Eug%C3%A8ne_Delacroix_-_La_libert%C3%A9_guidant_le_peuple.jpg/1280px-Eug%C3%A8ne_Delacroix_-_La_libert%C3%A9_guidant_le_peuple.jpg,1,서양미술사,작품,근대,,
343,카스파르 다비트 프리드리히,Caspar David Friedrich / 프리드리히,독일 낭만주의 산수화를 이룩한 화가. 광활하고 적막하며 안개 낀 자연 앞에 왜소한 구경꾼의 뒷모습을 배치하는 구도(안개 바다 위의 방랑자)를 통해 경건한 종교적 감수성과 고요한 숭고미를 각인시킴.,,"의의: 인간을 자연의 압도적 크기 앞에 세워 숭고와 고독, 신비를 표현, 독일 낭만주의 풍경화를 대표",배경: 나폴레옹 전쟁기 독일 민족의식 고양과 범신론적 자연관을 배경으로 활동,"프리드리히, 〈안개 바다 위의 방랑자〉, 1818년경",https://commons.wikimedia.org/wiki/Special:FilePath/Caspar_David_Friedrich_-_Wanderer_above_the_sea_of_fog.jpg?width=900,1,서양미술사,인물,근대,숭고,
344,조셉 말러드 윌리엄 터너,J.M.W. Turner / 터너,"영국 낭만주의 풍경화가. 형태의 엄격한 모사를 지양하고, 폭풍우, 눈사태, 타오르는 불꽃의 빛과 증기, 안개를 소용돌이치는 색채 덩어리로 해체하여 종국에는 추상의 문턱까지 접근한 선구자.",,"의의: 빛과 대기의 비물질적 효과를 극한까지 추상화해 인상주의를 예고, 낭만주의 풍경화의 숭고미를 대표",배경: 산업혁명의 증기·연무 등 새로운 시각 경험과 영국 픽처레스크 풍경화 전통을 배경으로 활동,"터너, 〈전함 테메레르〉, 1839",https://commons.wikimedia.org/wiki/Special:FilePath/The_Fighting_Temeraire%2C_JMW_Turner%2C_National_Gallery.jpg?width=900,1,서양미술사,인물,근대,빛,
345,돌 깨는 사람들,The Stone Breakers / 쿠르베,귀스타브 쿠르베의 사실주의 독립 선언작. 가난한 노인과 소년이 묵묵히 자갈을 캐는 사회 비참한 노동 현장을 역사화 규격의 캔버스에 영웅적 가치 없이 무미건조하게 드러내 충격을 던짐.,,"의의: 이름 없는 노동자를 역사화 크기로 그려 사실주의 선언을 회화로 구현, 살롱의 위계(장르화보다 낮게 평가)에 도전",배경: 1848년 혁명 이후 노동 계급에 대한 사회적 관심을 배경으로 제작(2차대전 중 소실),"쿠르베, 〈돌 깨는 사람들〉, 1849",https://commons.wikimedia.org/wiki/Special:FilePath/Gustave_Courbet_018.jpg?width=900,1,서양미술사,작품,근대,,
346,풀밭 위의 점심식사,Le Dejeuner sur l'herbe / 마네,에두아르 마네가 살롱전 낙선전(1863)에 내놓아 엄청난 도덕적·기법적 지탄을 이끈 회화. 우화 속 여신이 아닌 실재 파리 매춘부를 사실적인 평면 누드로 묘사하여 모더니즘 평면의 문을 활짝 엶.,,"의의: 고전 신화의 나체를 동시대 파리의 부도덕한 정황으로 옮겨 그려 아카데미 회화 관습에 도전, 인상주의의 선구가 됨","배경: 1863년 낙선전에 출품, 살롱 심사의 보수성에 대한 논쟁을 촉발","마네, 〈풀밭 위의 점심식사〉, 1863",https://commons.wikimedia.org/wiki/Special:FilePath/Edouard_Manet_-_Luncheon_on_the_Grass_-_Google_Art_Project.jpg?width=900,1,서양미술사,작품,근대,,
347,인상: 일출,"Impression, Sunrise / 모네","클로드 모네의 르아브르 항구 아침을 담은 유화. 짧고 투박한 붓터치와 순색 묘사로 물안개와 해가 뜨는 찬란한 빛의 진동을 그렸으며, 비평가의 조롱에서 '인상주의'가 명명되는 계기가 됨.",,"의의: 빛의 순간적 인상을 빠른 붓질로 포착한 작품으로, 비평가의 조롱 섞인 평이 오히려 '인상주의'라는 사조명의 유래가 됨",배경: 1874년 낙선 화가들의 독립 전시(제1회 인상파전)에 출품,"모네, 〈인상, 해돋이〉, 1872",https://commons.wikimedia.org/wiki/Special:FilePath/Claude_Monet%2C_Impression%2C_soleil_levant.jpg?width=800,1,서양미술사,작품,근대,모네;인상주의,
348,피에르 오귀스트 르누아르,Pierre-Auguste Renoir / 르누아르,인상주의 동인 중 가장 따뜻하고 행복한 일상과 여성의 누드 사생에 집중한 거장. 나뭇잎 사이로 부서져 쏟아지는 찬란한 태양 빛의 산란을 무지개 같은 연분홍 색채와 부드러운 터치로 구현함.,,"의의: 인상주의 기법으로 인물·군중의 따뜻하고 관능적인 행복감을 표현, 인상주의를 대중적으로 친숙하게 만듦",배경: 파리 근교의 여가 문화(무도회·뱃놀이) 확산을 배경으로 활동,"르누아르, 〈물랭 드 라 갈레트의 무도회〉, 1876",https://commons.wikimedia.org/wiki/Special:FilePath/Renoir%2C_Pierre-Auguste_-_Dance_at_Le_Moulin_de_la_Galette%2C_1876.jpg?width=900,1,서양미술사,인물,근대,인상주의;빛,
349,에드가 드가,Edgar Degas / 드가,"인상주의 그룹의 화가이자 조각가. 야외 풍경 대신 경마장, 오케스트라, 발레 교습소의 무용수들을 순간적 포착 구도(스냅샷)와 인공 광원의 대조, 일본 우키요에식 비대칭 구도로 그려냄.",,"의의: 일본 판화의 과감한 구도와 사진의 우연한 프레이밍을 회화에 접목, 무용수·경마 등 근대적 순간을 포착",배경: 인상주의 그룹에 참여하면서도 야외 사생보다 도시의 인공조명 아래 인물 동작 관찰에 몰두,"드가, 〈발레 수업〉, 1874년경",https://commons.wikimedia.org/wiki/Special:FilePath/Edgar_Germain_Hilaire_Degas_021.jpg?width=900,1,서양미술사,인물,근대,,
350,그랑드 자트 섬의 일요일 오후,A Sunday on La Grande Jatte / 조르주쇠라,조르주 쇠라가 정립한 신인상주의(점묘법/분할주의)의 기념비적 대작. 물감을 팔레트에서 섞지 않고 캔버스 위에 순색의 미세 원색 점들을 촘촘히 병치하여 감상자의 망막에서 혼색되게 유도함.,,의의: 점묘법을 대형 화면에 구현한 신인상주의의 대표작으로 색채의 과학적 병치를 완성,"배경: 근교 여가 공간 그랑드 자트 섬의 중산층 풍경을 소재로, 슈브뢸의 색채 이론을 회화에 실험","쇠라, 〈그랑드 자트 섬의 일요일 오후〉, 1884~1886",https://upload.wikimedia.org/wikipedia/commons/7/7d/A_Sunday_on_La_Grande_Jatte%2C_Georges_Seurat%2C_1884.jpg,1,서양미술사,작품,근대,,
351,종합주의,Synthetism / 폴고갱 / 원시주의,"폴 고갱이 타히티와 브르타뉴에서 실천한 기법. 눈앞의 일시적인 인상을 복사하는 인상주의를 배제하고, 주체적 기억, 내면적 상징성, 장식적인 평면 평색면(클루아조니슴)을 하나로 종합해 표현함.",,,,"고갱, 〈설교 후의 환상〉, 1888",https://commons.wikimedia.org/wiki/Special:FilePath/La_vision_apr%C3%A8s_le_sermon_%28Paul_Gauguin%29.jpg?width=800,1,서양미술사,기법,근대,후기인상주의;고갱,
352,나비파,Les Nabis / 세뤼지에 / 예언자,고갱의 평면 원색 화풍에 감명을 받아 결성된 예술 동인. '회화란 군마나 누드이기 전에 오직 특정한 질서로 정렬된 색채의 표면'이라 정의하며 일상의 내밀한 서정과 평면 장식미를 구축함.,,,,"모리스 드니, 〈뮤즈들〉, 1893",https://commons.wikimedia.org/wiki/Special:FilePath/Les_Muses%2C_par_Maurice_Denis.jpg?width=900,2,서양미술사,사조,근대,장식,
353,오귀스트 로댕,Auguste Rodin / 로댕,"기계적 연마와 기성 우화 모사를 부수고 '지옥의 문', '생각하는 사람'을 이룩한 현대 조각의 아버지. 점토의 거친 손자국 마티에르, 부분 조각(토르소)의 자율적인 완결성 미학을 주창함.",,"의의: 이상화된 아카데미 조각에서 벗어나 표면의 빛과 그림자, 미완성의 표현력을 살려 근대 조각의 문을 엶",배경: 고전 조각의 매끈한 완결성에 반발해 인체의 생동감·감정 표현을 추구,"로댕, 〈생각하는 사람〉",https://commons.wikimedia.org/wiki/Special:FilePath/The_Thinker_Musee_Rodin.jpg?width=900,1,서양미술사,인물,근대,,
354,귀스타브 모로,Gustave Moreau / 모로,"프랑스 상징주의 거장. 성서와 신화(예: 살로메, 오르페우스)를 바탕으로 비현실적 보석 같은 질감, 가라앉은 꿈의 색채, 퇴폐적이고 몽환적인 내면 세계와 팜므파탈 이미지를 완성함.",,,,"모로, 〈오르페우스〉, 1865",https://commons.wikimedia.org/wiki/Special:FilePath/Gustave_Moreau_-_Orpheus_-_Google_Art_Project.jpg?width=900,2,서양미술사,인물,근대,,
355,앙리 마티스,Henri Matisse / 마티스,야수주의 거장. 아카데믹한 재현적 명암을 완전히 소거하고 강렬한 순색의 보색 대비를 통해 색채에 주체적 해방을 부여함. 말년에는 '색종이 가위질(데쿠파주)'을 통해 궁극의 추상 장식에 도달함.,,의의: 색채를 형태 재현에서 완전히 독립시켜 감정과 장식적 아름다움의 매체로 삼아 야수파를 이끌고 20세기 색채 회화에 지대한 영향,배경: 후기인상주의의 주관적 색채 실험을 계승해 1905년 살롱 도톤에서 강렬한 원색 작품으로 충격을 줌,"마티스, 〈춤〉, 1910",https://commons.wikimedia.org/wiki/Special:FilePath/Henri%20Matisse%20-%20Dance%201910.jpg?width=900,1,서양미술사,인물,현대,,
356,에른스트 루트비히 키르히너,Ernst Ludwig Kirchner / 다리파,"독일 드레스덴에서 결성된 다리파(디 브뤼케)의 영수. 니체의 철학에 고무되어 현대 문명의 부패와 고립감을 투박하고 날카로운 각진 선, 원시적 목판화 기법, 불안정한 보색 대조로 분출함.",,"의의: 원시미술의 거친 형태와 강렬한 색채로 대도시 문명의 불안·소외를 표현, 독일 다리파를 대표",배경: 산업화된 근대 도시(베를린)의 익명성과 신경증적 정서를 배경으로 활동,"키르히너, 〈베를린 거리〉, 1913",https://commons.wikimedia.org/wiki/Special:FilePath/Ernst_Ludwig_Kirchner%2C_1913%2C_Street%2C_Berlin%2C_oil_on_canvas%2C_120.6_x_91.1_cm%2C_MoMA.jpg?width=900,1,서양미술사,인물,현대,,
357,바실리 칸딘스키,Wassily Kandinsky / 청기사파,청기사파(더 블라우에 라이터)의 영수이자 미술사상 최초로 완전한 순수 기하학·서정 추상을 완성한 거장. 선과 색의 조합을 음악적 선율(콘서트)과 매치시켜 영적인 내면의 기운을 표출함.,,의의: 구체적 대상 재현 없이 색·선·형만으로 내면의 정신을 표현하는 최초의 추상회화를 확립,배경: 청기사파 활동 중 자신의 그림이 거꾸로 놓인 것을 보고 추상의 가능성을 발견했다는 일화를 계기로 전개,"칸딘스키, 〈구성 VII〉, 1913",https://commons.wikimedia.org/wiki/Special:FilePath/Composition_VII_-_Wassily_Kandinsky%2C_GAC.jpg?width=900,1,서양미술사,인물,현대,,
358,분석적 입체주의,Analytical Cubism / 형태해체,"피카소와 브라크가 시도한 입체주의 1단계. 대상을 여러 방향(다시점)에서 쪼갠 후 평면 격자 위에 다시 배열하여 단색조(갈색, 회색)로 통제해 3차원 입체를 본질적으로 해체 분석한 화풍.",,,,,,1,서양미술사,기법,현대,입체주의;피카소,
359,종합적 입체주의,Synthetic Cubism / 콜라주,"대상이 극도로 추상화되어 구상성을 잃자 신문지, 담뱃갑, 벽지를 캔버스에 직접 오려 붙이는 '파피에 콜레/콜라주'를 활용해, 물질적 실재감과 사물의 구체적 형태를 화면에 종합 복구해 낸 단계.",,,,,,1,서양미술사,기법,현대,입체주의,
360,파피에 콜레,Papier Colle / 종이붙이기,"피카소와 브라크가 시도한 기법. 신문지, 벽지, 상표 등 인쇄 종이 조각들을 캔버스 드로잉 위에 풀로 부착하여, 실제 종이가 전하는 질감과 회화 선조를 동시에 유희한 콜라주의 원형 기법.",,,,"쿠르트 슈비터스, 메르츠빌트, 1930",https://commons.wikimedia.org/wiki/Special:FilePath/Kurt%20schwitters%2C%20maraak%2C%20variazione%20I%20%28merzbild%29%2C%201930.jpg?width=700,2,서양미술사,기법,현대,입체주의,
361,로베르 들로네,Robert Delaunay / 오르피즘,입체주의의 격자 구도를 물려받아 프리즘 원형 색채 판들로 전환한 화가. 시인 아폴리네르에 의해 '오르피즘(음악의 신 오르페우스)'이라 불렸으며 역동적인 색채 진동과 자율성을 극대화함.,,,,,,2,서양미술사,인물,현대,,
362,움베르토 보치오니,Umberto Boccioni / 미래주의,"이탈리아 미래주의 조각의 거장. '공간 속에서 연속하는 독특한 형태의 신체'를 조각하여 기계 문명의 빠른 속도감, 사선적 바람의 저항, 다이내믹한 시간적 흐름을 공간에 물리적으로 각인시킴.",,,,"보치오니, 〈공간 속에서 연속하는 독특한 형태〉, 1913",https://commons.wikimedia.org/wiki/Special:FilePath/Unique_Forms_of_Continuity_in_Space_MET_DT6411.jpg?width=900,2,서양미술사,인물,현대,,
363,한스 아르프,Hans Arp / Jean Arp / 우연의법칙,"취리히 다다이즘의 영수. 의도적인 드로잉을 전면 파괴하고자 색지를 아무렇게나 찢어 바닥에 떨어뜨린 후, 중력과 우연이 남긴 형태 그대로 풀로 고정한 '우연의 법칙에 의한 콜라주'를 이룩함.",,,,,,2,서양미술사,인물,현대,다다,
364,쿠르트 슈비터스,Kurt Schwitters / 메르츠 / Merz,"독일 하노버 다다의 거장. 버스 차표, 철사망, 깨진 목재 등 길거리 쓰레기를 대량 결합하여 '메르츠(Merz)'라 이름 붙인 아상블라주를 쏟아냈으며, 생활 쓰레기의 전위적 조형 가치를 완성함.",,,,"슈비터스, 〈메르츠 드로잉 47〉, 1920",https://commons.wikimedia.org/wiki/Special:FilePath/MERZZEICHNUNG_47_%28MERZ_DRAWING_47%29.PNG?width=900,2,서양미술사,인물,현대,다다,
365,자동기술법,Automatism / 오토마티즘,"이성적인 검열이나 미학적 조화, 도덕적 의도를 완전히 정지시키고 붓이 가는 대로 빠르게 그리거나 글을 써 내려가 무의식에 잠긴 날것의 환상과 꿈을 인위 없이 건져내는 초현실주의 기법.",,,,,,1,서양미술사,기법,현대,초현실주의;무의식,
366,르네 마그리트,Rene Magritte / 데페이즈망,"벨기에 초현실주의 거장. 극사실주의 필치로 밤의 하늘과 낮의 거리를 한 화면에 포개거나, 방을 가득 채우는 거대 풋사과를 그리는 '데페이즈망(고정관념 탈피 이치 왜곡)'으로 충격을 줌.",,의의: 익숙한 사물을 낯선 문맥에 배치하는 데페이즈망으로 이미지와 언어·현실의 관계에 근본적 의문을 제기,배경: 벨기에 초현실주의를 대표하며 철학적·개념적 탐구에 몰두,,,1,서양미술사,인물,현대,마그리트;초현실주의,
367,올오버 페인팅,All-over Painting / 잭슨폴록 / 전면균질회화,잭슨 폴록의 액션 페인팅 구성법. 화면 중심부와 가장자리 영역의 위계 구도를 소멸시키고 대형 캔버스 전체에 균일한 강도로 흩뿌려진 페인트 궤적들로 가득 채워 중심 없는 무한 팽창을 연출함.,,,,,,1,서양미술사,기법,현대,추상표현주의,
368,마크 로스코,Mark Rothko / 색면추상,"추상표현주의 중 '색면 추상(Color-field Painting)'의 지존. 거대한 화면에 윤곽이 흐릿하고 은은히 번지는 거대 색면들을 수직 배열하여 관람객을 압도하는 내적 종교 신비와 정신성, 눈물을 유발함.",,"의의: 구체적 형상 없이 색면만으로 숭고·비극·황홀 등 보편적 정서를 환기, 색면회화의 대표 화가가 됨",배경: 추상표현주의 안에서 니체 비극론에 영향받아 신화적 주제를 색면으로 대체하며 전개,,,1,서양미술사,인물,현대,숭고,
369,장 뒤뷔페,Jean Dubuffet / 아르 브뤼,"프랑스 앵포르멜 시기, 주류 미술 제도의 위선과 아카데믹 기교를 거부하고 아동, 정신질환자, 아웃사이더들의 정제되지 않은 소박하고 정제 안 된 거친 본능적 미술인 '아르 브뤼(Art Brut)'를 개척함.",,의의: 정규 미술 교육 밖의 원초적 창작(아르 브뤼)을 예술로 재평가하고 두꺼운 마티에르로 반문명적 태도를 표출,배경: 전후 서구 문명·이성 중심주의에 대한 회의를 배경으로 활동,,,1,서양미술사,인물,현대,,
370,로버트 라우센버그,Robert Rauschenberg / 컴바인,"추상표현주의의 과장된 감상주의를 타파하고자, 길거리에서 주운 타이어, 박제 산양 등을 회화 캔버스와 접목한 '컴바인 페인팅(Combine Painting)'을 개척해 팝아트와 네오 다다의 시조가 됨.",,의의: 일상 오브제와 회화를 결합한 컴바인 페인팅으로 추상표현주의와 팝아트 사이의 다리를 놓음,배경: 네오다다의 흐름 속에서 존 케이지 등과 교류하며 예술과 삶의 경계 해체를 모색,,,1,서양미술사,인물,현대,,
371,실크스크린,Silkscreen / 앤디워홀 / 공판화,"앤디 워홀이 뉴욕 작업장 '팩토리'에서 마릴린 먼로, 캠벨 수프 통조림 이미지를 상업적으로 프린팅하는 데 쓴 공판화 기법. 예술가의 유일무이한 서사적 손자국을 배격하고 기계식 복제와 대량 유통을 천명함.",,,,스퀴지로 잉크를 밀어 찍는 실크스크린,https://commons.wikimedia.org/wiki/Special:FilePath/OSCAL_2017_silkscreen_printed_materials_28.jpg?width=900,2,서양미술사,기법,현대,실크스크린,
372,로이 리히텐슈타인,Roy Lichtenstein / 벤데이망점,"미국 팝아트 작가. 통속적 연애만화, 모험만화의 한 장면을 대형 스케일로 투사한 후, 상업 인쇄 특유의 둥근 점들인 '벤데이 망점(Ben-day Dots)'과 굵은 검은 윤곽선으로 복제해 예술과 일상의 경계를 지움.",,의의: 만화의 벤데이 망점을 회화 기법으로 승격시켜 순수미술과 대중 이미지의 경계를 허문 팝아트의 대표작을 남김,배경: 1960년대 미국 소비문화·만화 잡지의 대중적 인기를 배경으로 활동,,,1,서양미술사,인물,현대,,
373,클래스 올덴버그,Claes Oldenburg / 소프트조각,"미국 팝아트 조각가. 단단한 톱, 청소기 등을 부드러운 천이나 비닐로 크게 제작하는 '소프트 조각'을 벌였으며, 셔틀콕, 옷핀, 숟가락 등 일상 속 사소한 대상을 광장 거대 기념비로 가공함.",,의의: 일상 사물을 거대하거나 물러진 형태(소프트 조각)로 바꿔 팝아트에 유머와 신체적 감각을 더함,배경: 1960년대 미국 소비 문화와 해프닝 실험을 배경으로 활동,,,1,서양미술사,인물,현대,,
374,특정 객체,Specific Objects / 도널드 저드,"도널드 저드가 제시한 미니멀리즘 조형론. 기성의 평면 회화도 아니고, 조형적 덩어리 조각도 아닌, 산업용 알루미늄이나 아연 박스를 벽에 일정 배열로 나열한 자율적 3차원 입체 대상물.",,,,,,2,서양미술사,개념,현대,,
375,조셉 코수스,Joseph Kosuth / 하나이면서셋인의자,"개념미술의 개척자. '하나이면서 셋인 의자'에서 실물 나무 의자, 그 의자를 찍은 실물 크기 사진, 사전 속 의자의 정의 텍스트를 나란히 진열하여 미술의 본질은 눈에 보이지 않는 아이디어에 있음을 밝힘.",,"의의: 사물·정의·이미지를 나란히 제시해 예술의 본질이 물질이 아닌 아이디어(언어)에 있음을 주장, 개념미술의 대표작을 남김",배경: 비트겐슈타인의 언어철학과 뒤샹의 레디메이드 전통을 배경으로 활동,,,1,서양미술사,인물,현대,,
376,로버트 스미스슨,Robert Smithson / 나선형방파제,"미국 대지미술(Land Art)의 거장. 유타주 그레이트솔트호에 흙과 현무암 6,000톤을 동원해 만든 거대 조각 '나선형 방파제'를 통해 인공 미술의 자율성을 자연의 무한한 무질서도(엔트로피) 속으로 용해함.",,"의의: 갤러리를 벗어나 대지 자체를 재료·장소로 삼은 대지미술을 개척, 미술의 상품화에 저항하는 대안을 제시",배경: 미니멀리즘 이후 엔트로피 개념에 관심을 두며 유타 그레이트 솔트 레이크에 나선형 방파제를 조성,,,1,서양미술사,인물,현대,,
377,인터내셔널 클랭 블루,International Klein Blue / IKB / 이브클랭,누보 레알리즘의 이브 클랭이 화학적 연마를 통해 특허를 취득한 순수 무광택 울트라마린 블루 색상. 우주의 깊은 무화(無)의 상태와 순수 정신성을 가리키는 상징 매체로 사용됨.,,,,,,2,서양미술사,개념,현대,,
378,장 팅겔리,Jean Tinguely / 키네틱아트,스위스 누보 레알리즘 거장. 산업 폐기물 기어들을 멋대로 엮은 거대 기계 조작을 만든 후 작동 과정에서 스스로 소음을 내며 폭발하고 불타 파괴되는 '뉴욕 찬가' 같은 자폭 키네틱 조각을 주도함.,,,,,,2,서양미술사,인물,현대,,
379,아르망,Arman / 아르망페르난데즈 / 집적,"프랑스 누보 레알리즘 조각가. 기성용 폐튜브, 가스마스크, 아동용 놋쇠 인형 등 동일한 일상용품을 유리 상자에 대량 쓸어 담아 쌓아 올리는 '집적/축적(Accumulation)' 기법을 완성하여 소비 사회를 고발함.",,,,,,2,서양미술사,인물,현대,,
380,조셉 보이스,Joseph Beuys / 보이스 / 사회적조각,"독일 플럭서스의 거장이자 전설. 전후 비행기 추락사 직전 타타르족이 구출해 준 실존 경험에서 유래한 '양모 펠트와 동물 지방(지열)'을 영적 매체로 썼으며, 모든 인류가 예술가이자 조각 주체라는 '사회적 조각'을 외침.",,"의의: '모든 사람은 예술가다'를 내세워 예술을 사회적 조각(치유·소통의 실천)으로 확장, 플럭서스와 사회참여 미술에 큰 영향",배경: 2차대전 참전 경험(부상 후 펠트·지방으로 구조된 일화)을 배경으로 샤머니즘적 퍼포먼스를 전개,,,1,서양미술사,인물,현대,,
381,마리나 아브라모비치,Marina Abramovic / 퍼포먼스,"세르비아 출신 퍼포먼스 아티스트. 화랑에 기성의 오브제 없이 오직 작가의 나체 신체만을 매개로 관람객과의 위험천만한 신체 대면, 장기적 시선 눈맞춤을 이끌어내어 신체를 현대 미술의 도가니로 세움.",,,,,,2,서양미술사,인물,현대,,
382,주디 시카고,Judy Chicago / 디너파티,페미니즘 미술의 상징. 거대 정삼각형 테이블 위에 서양 역사 속 위대한 여성 신화적 인물 39명의 가상 자리를 도자기 플레이트와 화려한 자수 레이스로 꾸민 '디너 파티'를 세워 역사적 가부장제를 전복함.,,,,,,2,서양미술사,인물,현대,,
383,게오르크 바젤리츠,Georg Baselitz / 거꾸로그린그림,"독일 신표현주의의 영수. 캔버스 위에 인물이나 나무를 완전히 거꾸로 그려내는 파격을 통해, 감상자가 대상을 지적 문맥이나 문학적 스토리를 걷어내고 오직 순수한 물감 터치, 색채 덩어리로만 지각하게 유도함.",,"의의: 형상을 거꾸로 그려 회화의 서사적 재현을 무력화하고 색·붓질 자체에 주목하게 함, 신표현주의의 대표 전략을 제시",배경: 동독 출신으로 분단 독일의 정체성 문제를 배경으로 1969년부터 도상 전복을 시도,,,1,서양미술사,인물,현대,신표현주의,
384,안젤름 키퍼,Anselm Kiefer / 키퍼,"독일 신표현주의의 대가. 나치의 대학살 비극, 납, 모래, 말라붙은 밀짚, 타버린 타르 등 거친 물질적 마티에르를 화폭 가득 얹어 침통하고 비장한 파괴와 정화의 대서사 역사를 그려냄.",,의의: 폐허가 된 풍경과 두꺼운 마티에르로 나치 독일의 역사적 트라우마를 정면으로 다뤄 신표현주의의 역사적 성찰을 대표,배경: 전후 독일에서 금기시되던 나치 과거사를 예술로 직시하려는 시도에서 전개,,,1,서양미술사,인물,현대,신표현주의,
385,쟝 미쉘 바스키아,Jean-Michel Basquiat / 바스키아,"뉴욕 거리 낙서(SAMO)에서 출발해 미술 제도로 진입한 천재 흑인 화가. 아프리카 원시 마스크 해부학, 영웅 흑인 인물 왕관 상징을 투박한 아크릴 칼라와 크레용 낙서 선으로 변주해 신표현주의 물결을 이끎.",,의의: 거리 낙서(SAMO)를 미술관 회화로 끌어올려 인종·정체성 문제를 원시적이고 강렬한 화풍으로 표출,배경: 1980년대 뉴욕 하위문화(그래피티·힙합)와 워홀 등 팝아트 화단과의 교류를 배경으로 부상,,,1,서양미술사,인물,현대,,
386,키스 해링,Keith Haring / 해링,"뉴욕 지하철 빈 광고판의 검은 도화지 위에 분필로 빠르게 그린 아기, 개, 춤추는 인간 등 굵고 선명한 검은 아웃라인 회화. 하위 하위문화를 양지로 이끌고 에이즈 퇴치 등 대중 행동 예술을 벌임.",,,,,,2,서양미술사,인물,현대,,
387,루치오 폰타나,Lucio Fontana / 공간주의 / 슬래시,"이탈리아 공간주의(스파지알리시모) 개척자. 순색의 단색조로 칠한 캔버스 천을 날카로운 면도칼로 세로 단번에 그어 가르는 칼질(슬래시)을 통해 회화 가상을 가르고, 그 틈으로 실제 공간과 어둠을 수용함.",,의의: 캔버스를 긋거나 뚫어 회화 뒤의 실제 공간을 끌어들여 회화·조각의 경계를 해체하는 공간주의를 창시,배경: 전후 이탈리아에서 과학 기술 시대에 걸맞은 새로운 공간 개념의 예술을 모색하며 주창,,,1,서양미술사,인물,현대,,
388,빅토르 바자렐리,Victor Vasarely / 바자렐리 / 옵아트,"옵아트(Op Art)의 영수. 기하학적인 격자 모듈 안의 미묘한 형태 왜곡, 보색의 잔상 대비를 정밀 계산하여 평면 캔버스가 울렁거리거나 튀어나오는 듯한 시각적 입체 운동감을 선사함.",,,,,,2,서양미술사,인물,현대,,
389,신표현주의,Neo-Expressionism / 신표현,"1970년대 말에서 1980년대 초 미니멀리즘과 개념미술의 극단적인 금욕과 건조함에 대항해, 구체적인 인물 형상, 활화산 같은 강렬한 원색, 질펀하고 격정적인 붓질의 서사성을 회화에 회복시킨 사조.",,의의: 개념미술·미니멀리즘의 금욕적 비물질성에 맞서 회화의 감각적 물성과 서사성을 되살려 회화의 죽음론을 반박,배경: 1970년대 말 개념미술 중심 미술계에 대한 반발과 냉전기 독일의 정체성 성찰을 배경으로 바젤리츠·키퍼 등이 주도,,,1,서양미술사,사조,현대,신표현주의,
390,트랜스아방가르드,Transavantgarde / 이탈리아신표현,"아킬레 보니토 올리바가 명명한 이탈리아판 신표현주의. 전위의 직선적 진보 사관을 넘어서서, 이탈리아 고유의 신화와 향토색, 가벼운 우화적 구상을 자유로이 절충하는 회화 운동.",,,,,,2,서양미술사,사조,현대,,
391,차용 미술,Appropriation Art / 차용,"기존 대가의 명화, 광고 사진, 대중 매체의 검증된 이미지를 왜곡하지 않고 그대로 화폭에 이식해 전제(바라바라 셔먼 등)하는 포스트모던 미학. 고유한 원본성, 천재 신화를 해체함.",,,,,,1,서양미술사,기법,현대,포스트모더니즘,
392,시뮬라크르 미술,Simulacra Art / 가상미술,"제프 쿤스의 풍선 꽃 하이레벨 스테인리스 조각처럼 실제 현실보다 훨씬 압도적이고 번쩍거리며, 원본의 흔적을 소거한 조작된 가상 이미지를 유희하여 자본주의 소비 대중성을 찬미하는 흐름.",,,,,,2,서양미술사,사조,현대,포스트모던,
393,신즉물주의,Neue Sachlichkeit / 뉴작추,"1차 대전 직후 독일의 주관적 표현주의 환상에서 깨어나, 사회 부조리, 전쟁 부상병의 비참함, 바이마르 고위층의 부패를 지극히 정밀하고 차가우며 정교하고 극명하게 고발한 냉철한 사실주의 사조.",,"의의: 표현주의의 격정적 주관성에서 벗어나 사회 현실을 냉정하고 즉물적으로 묘사, 바이마르 공화국의 병폐를 고발",배경: 1차대전 패전 후 바이마르 공화국의 사회적 혼란과 환멸을 배경으로 딕스·그로스 등이 주도,,,1,서양미술사,사조,현대,,
394,빌 비올라,Bill Viola / 비디오아트,"현대 미디어 비디오 아트의 제왕. 초고속 비디오카메라를 통해 인간의 미세한 정서 변화, 물과 불의 유기적인 결합, 죽음과 생명의 우주 순환을 슬로우 모션 명화식 스케일로 정초함.",,의의: 영상 매체로 삶·죽음·시간 같은 명상적 주제를 다뤄 비디오아트를 관조적 예술 형식으로 격상,배경: 선불교 등 동양 사상과 초기 백남준의 비디오아트 전통을 배경으로 전개,,,1,서양미술사,인물,현대,,
395,데미안 허스트,Damien Hirst / yBa,"영국 젊은 아티스트(yBa) 동인을 주도한 포스트모던 작가. 포름알데히드 수조 속에 진짜 거대 상어를 절여 가두거나, 실제 해골에 8600여 개의 다이아몬드를 박은 조소로 자본과 삶, 죽음의 경계를 조롱함.",,의의: 죽음·질병 등 실존적 주제를 충격적 오브제(포름알데히드 동물)로 제시해 yBa(젊은 영국 작가)를 대표하며 미술 시장의 상업성 논쟁을 촉발,배경: 사치 컬렉션의 후원과 1988년 프리즈 전시를 배경으로 부상,,,1,서양미술사,인물,현대,,
396,오르피즘,Orphism / 색채입체,입체주의 구도를 넘겨받아 순수 원색 프리즘 동심원들의 교차로 회화 음악을 가공하려던 유파. 들로네 등이 주창해 형태적 묘사를 배격하고 오직 찬란한 순수 색채의 조화만을 꾀함.,,,,"들로네, 〈동시에 열린 창〉, 1912",https://commons.wikimedia.org/wiki/Special:FilePath/Robert_Delaunay_-_Windows_Open_Simultaneously_%28First_Part%2C_Third_Motif%29_-_1912_-_Tate_Modern.jpg?width=900,2,서양미술사,사조,현대,,
397,에콜 드 파리,Ecole de Paris / 파리파,"1-2차 대전 사이 전 세계에서 예술의 수도 파리 몽파르나스에 모여든 외국인 가난한 예술가 군상(모딜리아니, 샤갈, 수틴 등). 특정한 단일 사조 없이 고독, 향수, 애잔한 서정 회화를 이룸.",,,,"모딜리아니, 〈잔 에뷔테른〉, 1919",https://commons.wikimedia.org/wiki/Special:FilePath/Amedeo_Modigliani%2C_1919%2C_Jeanne_H%C3%A9buterne%2C_oil_on_canvas%2C_91.4_x_73_cm%2C_Metropolitan_Museum_of_Art.jpg?width=900,2,서양미술사,사조,현대,,
398,빗살무늬토기,Comb-patterned Pottery / 신석기,"한국 신석기 시대를 대표하는 토기. 뾰족한 밑동을 지녀 모래흙에 박아 사용했으며, 겉면에 생선뼈나 빗살 모양의 기하학적 선 무늬를 새겨 열전도율과 균열 방지를 극대화함.",,,,"〈빗살무늬토기〉, 신석기 — 뾰족한 밑동",https://commons.wikimedia.org/wiki/Special:FilePath/%EB%B9%97%EC%82%B4%EB%AC%B4%EB%8A%AC%ED%86%A0%EA%B8%B0.jpg?width=900,2,한국미술사,작품,선사,,
399,반구대 암각화,Bangudae Petroglyphs / 암각화,"울산 대곡리에 있는 청동기 시대 대표 바위그림. 고래, 호랑이, 사슴 등 300여 점의 수렵·포경 동세를 선각과 면각으로 입체화하여 풍요와 번성, 사냥 성공을 기원한 벽화 유산.",,의의: 고래·사슴 등을 새긴 선사시대 최대 규모 암각화로 한반도 선사인의 수렵·어로 생활과 신앙을 보여줌,배경: 풍요로운 사냥감을 기원하는 주술적 신앙을 배경으로 신석기~청동기에 걸쳐 제작된 것으로 추정,〈울주 대곡리 반구대 암각화〉,https://commons.wikimedia.org/wiki/Special:FilePath/%EC%9A%B8%EC%A3%BC_%EB%8C%80%EA%B3%A1%EB%A6%AC_%EB%B0%98%EA%B5%AC%EB%8C%80_%EC%95%94%EA%B0%81%ED%99%94.jpg?width=900,1,한국미술사,작품,선사,,
400,고구려 고분 벽화,Goguryeo Tomb Murals / 고분벽화,"고구려 고대의 우주관과 사후세계, 실생활 풍속을 흙벽 위에 그린 수평 프레스코식 벽화. 초기 풍속도 중심에서 후기 도교식 사신도 중심으로 이행하며 기개가 서린 선이 특징.",,의의: 현존하는 삼국시대 최고(最古)의 회화 자료로 당대 생활·신앙·복식을 생생히 전하며 이후 통일신라·발해 벽화에도 영향,배경: 영혼불멸 사상과 후장 풍습에 따라 무덤 내부를 사후 세계의 거처로 꾸미며 조성,"〈무용총 수렵도〉, 고구려 5세기",https://commons.wikimedia.org/wiki/Special:FilePath/Muyongchong_Suryeopdo.jpg?width=900,1,한국미술사,사조,삼국,,
401,사신도,Four Guardian Deities / 사신,"고구려 말기 고분(예: 강서대묘) 벽면을 장식한 청룡, 백호, 주작, 현무의 네 방위 수호신 그림. 도교적 우주관과 유려하고 탄력 넘치는 선묘, 신비로운 채색미의 극치를 보여줌.",,,,,,1,한국미술사,개념,삼국,고구려벽화,
402,백제금동대향로,Great Gilt-Bronze Incense Burner / 백제,"백제의 최고 조형 유산. 불교 연꽃 문양의 대좌 위에 도교 신선들이 거주하는 장엄한 봉래산을 봉황 형상 뚜껑으로 덮은 금동 향로로, 백제 특유의 온화하고 세련된 우주관이 깃듦.",,의의: 도교의 봉래산 신선 세계와 불교적 연꽃 도상을 결합해 백제 금속공예·사상의 정수를 보여주는 걸작,배경: 백제 왕실의 도교·불교 융합 사상과 뛰어난 주조 기술을 배경으로 제작,"〈백제 금동대향로〉, 6~7세기",https://upload.wikimedia.org/wikipedia/commons/thumb/e/e7/Burner_Baekje_cropped.jpg/1280px-Burner_Baekje_cropped.jpg,1,한국미술사,작품,삼국,백제;국보,
403,성덕대왕신종,Sacred Bell of Great King Seongdeok / 에밀레종,"통일신라 주조 예술의 결정체. 용두 모양 음통과 당좌, 몸체의 공양 비천 부조상이 독창적 조화미를 이루며, 맥놀이 현상 공학을 가미해 깊고 장엄한 소리가 수 킬로까지 퍼짐.",,,,"〈성덕대왕신종〉, 통일신라 771",https://commons.wikimedia.org/wiki/Special:FilePath/Bell_of_King_Seongdeok.jpg?width=900,2,한국미술사,작품,통일신라,국보,
404,발해 이불병좌상,Two Buddhas Seated Side-by-Side,"석가여래와 다보여래가 나란히 걸터앉은 형상의 발해 대표적 불상. 고구려 특유의 날카로운 불꽃 광배 무늬, 활달하고 당찬 옷주름 선조를 고스란히 계승해 발해의 정통성을 대변함.",,,,,,2,한국미술사,작품,통일신라,불상,
405,혜허,Hyeheo / 고려불화,고려 후기의 전설적 화승. 비단 장식 뒤에서 안료를 얹는 배채법과 정밀한 금박 장식을 통해 한 손에 버들가지를 쥐고 우아하게 서 있는 독창적인 '양류관음도'를 남김.,,"의의: 고려불화 수월관음도의 대표 작가로 이름이 밝혀진 드문 고려 화가로, 고려 불화의 높은 수준을 보여줌",배경: 원 간섭기 극락왕생 신앙에 따른 수월관음도 수요를 배경으로 활동,"혜허, 〈수월관음도〉, 고려 14세기",https://commons.wikimedia.org/wiki/Special:FilePath/%EC%88%98%EC%9B%94%EA%B4%80%EC%9D%8C%EB%8F%84%20%EA%B3%A0%EB%A0%A4-%E6%B0%B4%E6%9C%88%E8%A7%80%E9%9F%B3%E5%9C%96%20%E9%AB%98%E9%BA%97-Water-moon%20Avalokiteshvara%20MET%20DT5289.jpg?width=900,1,한국미술사,인물,고려,,
406,고려불화,Goryeo Buddhist Painting,"고려 귀족 불교의 정수. 주로 아미타불, 관음보살을 다루며 섬세하고 가느다란 금선 묘법, 원색 안료를 비단 뒷면에 거듭 올리는 배채법을 활용해 극도로 은은하고 신비스러운 채색 효과를 일굼.",,"의의: 화려한 금니 문양과 섬세한 필선, 배채법으로 극락왕생의 염원을 시각화, 세계적으로도 손꼽히는 불교회화의 정수로 평가됨",배경: 고려 왕실·권문세족이 원 간섭기 정치적 혼란 속에서 극락왕생을 기원하며 대규모로 발원,"〈수월관음도〉, 고려 — 기메 미술관",https://commons.wikimedia.org/wiki/Special:FilePath/Korea-Goryeo-Suweol.Gwaneumdo-Guimet.jpg?width=900,1,한국미술사,사조,고려,,
407,분청사기 상감 기법,Inlaid Buncheong Ware / 상감분청,고려 상감청자 기법을 이식한 조선 초 분청기법. 태토 표면에 문양선 음각 후 흰 흙(백토)을 채워 깎아내 문양이 백색 선조로 도드라지게 굽는 세련되고 단정한 장식 기법.,,,,"〈분청사기 상감 연화문 매병〉, 조선 초",https://commons.wikimedia.org/wiki/Special:FilePath/Maebyong_with_floral_inlaid_decoration._Joseon._Mus%C3%A9e_Guimet_MG_10327.jpg?width=800,2,한국미술사,기법,조선전기,분청사기,
408,분청사기 인화 기법,Stamped Buncheong Ware / 인화분청,"국화, 나비 모양 등의 나무·도자기 도장을 그릇 전체에 촘촘히 연속해서 찍어 홈을 낸 후, 백토를 쓸어 넣고 여분을 닦아내 잔잔한 기하학적 벌집 무늬를 완성하는 대량 제작 기법.",,,,"〈분청사기 국화무늬 발〉, 조선 초",https://commons.wikimedia.org/wiki/Special:FilePath/Bowl_with_inlaid_designs%2C_buncheong_ware%2C_Korea%2C_Joseon%2C_15th-16th_century%2C_stoneware_-_National_Museum_of_Natural_History%2C_United_States_-_DSC00508.jpg?width=800,2,한국미술사,기법,조선전기,분청사기,
409,분청사기 박지 기법,Sgraffito Buncheong Ware / 박지분청,"그릇 전면에 하얗게 백토 분장을 올린 후, 풀꽃이나 물고기 윤곽을 긁어내고 배경 영역의 백토까지 납작하게 긁어내 태토의 어두운 회색조와 백색 문양이 선명한 명도 대조를 이루게 함.",,,,"〈분청사기 박지 모란무늬 항아리〉, 조선 초",https://commons.wikimedia.org/wiki/Special:FilePath/Buncheong_Jar_with_Sgraffito_Peony_Design.jpg?width=800,1,한국미술사,기법,조선전기,분청사기,
410,분청사기 귀얄 기법,Brushed Buncheong Ware / 귀얄분청,"풀칠용 거친 넓은 붓에 걸쭉한 백토물을 묻혀 돌아가는 그릇 표면에 쓱쓱 쓸어 올림으로써, 거친 솔결과 붓이 지나간 궤적이 그대로 드러나게 하는 분장 기법.",,,,"〈분청사기 귀얄문 병〉, 조선 초",https://commons.wikimedia.org/wiki/Special:FilePath/Flattened_Jar_LACMA_M.2009.13_%281_of_3%29.jpg?width=800,2,한국미술사,기법,조선중기,분청사기,
411,분청사기 조화 기법,Incised Buncheong Ware / 조화선각,"백토 분장층이 마르기 전 날카로운 대나무칼이나 쇠칼로 물고기, 선 등을 음각 선조로 가볍게 그어내어 백색 분장층 틈새로 은은한 태토선이 도드라지게 연출하는 기법.",,,,"〈분청사기 조화 물고기무늬 병〉, 조선 초",https://commons.wikimedia.org/wiki/Special:FilePath/Buncheong_Bottle_with_Incised_Lotus_and_Fish_Design.jpg?width=800,2,한국미술사,기법,조선전기,분청사기,
412,분청사기 덤벙 기법,Dipping Buncheong / 분장분청 / 조삼,"그릇 발을 손으로 가볍게 잡고 백토물이 담긴 항아리에 통째로 덤벙 담갔다 꺼냄으로써, 백토물이 자연스럽게 아래로 흘러내려 고인 투박하고 극도로 소박한 조선식 미니멀 분장법.",,,,"〈분청사기 덤벙문 발〉, 조선 초",https://commons.wikimedia.org/wiki/Special:FilePath/WhiteBowl%2Cbuncheong.Joseon_early_1500.British_Museum.jpg?width=800,2,한국미술사,기법,조선중기,분청사기,
413,백자 청화,Blue and White Porcelain / 청화백자,"조선 백자의 대표 장르. 회백색 백토 표면에 페르시아에서 수입된 비싼 회회청(산화코발트 안료)으로 정교한 매조, 대나무를 그리고 투명 유약을 씌워 환원염으로 구워낸 벽청색 도자.",,,,,,1,한국미술사,개념,조선전기,도자,
414,철화백자,Underglaze Iron White Porcelain / 철화,"산화철 안료를 수묵 붓 삼아 활달하고 속도감 넘치는 용, 초목 무늬를 백자 표면에 그린 도자. 왜란 등으로 비싼 청화 안료 수입이 막히자 17세기 조선 중후기에 대유행한 소박하고 붉은 갈색조 백자.",,,,,,1,한국미술사,개념,조선중기,,
415,동화백자,Underglaze Copper White Porcelain / 진채백자,구리 안료(산화동)를 가공하여 백자 표면에 불꽃 무늬나 붉은 꽃잎을 묘사하는 장식성 높은 백자. 구리 안료는 소성 온도 조절이 까다로워 대단히 고급에 속하는 붉은 채색 도자.,,,,,,2,한국미술사,개념,조선후기,도자,
416,순백자,Plain White Porcelain / 순백자,"표면에 청화, 철화 등의 인위적인 채색 장식을 전면 배제하고, 오직 순수한 고령토 본연의 빛깔과 은은히 흐르는 투명 백자 유약의 넉넉한 선조 양감만으로 조선 선비의 무욕을 이룩한 자격.",,,,,,2,한국미술사,개념,조선전기,,
417,이상좌,Yi Sang-jwa / 송하보월도,조선 전기 노비 출신이나 뛰어난 그림솜씨로 도화서 화원이 된 인물. '송하보월도'에서 벼랑 밑 휘어진 소나무(남송 원체화풍/마하파)를 한각 구도의 굴철준 선으로 그려 명성을 떨침.,,,,,,2,한국미술사,인물,조선전기,화원,
418,김명국,Kim Myeong-guk / 달마도,조선 중기 광포한 호방 필치를 특징으로 한 절파 화풍의 대가. 술에 잔뜩 취해 단번에 그어 내리는 감필법(인물을 최소 선으로 묘사)을 활용해 신비로운 수묵 '달마도'를 일굼.,,,,,https://upload.wikimedia.org/wikipedia/commons/a/ab/Dalmado.jpg,2,한국미술사,인물,조선중기,,
419,김득신,Kim Deuk-sin / 파적도 / 야묘도추,"조선 후기 화원 화가. 정선과 김홍도의 필법을 물려받았으며 '파적도(야묘도추)'에서 도망치는 들고양이, 넘어진 병아리 주인 부부의 극적인 순간을 해학적이고 탄력 있게 담아냄.",,,,"김득신, 〈파적도(야묘도추)〉",https://commons.wikimedia.org/wiki/Special:FilePath/Kim_Deuksin_-_Pajeokdo.jpg?width=900,2,한국미술사,인물,조선후기,화원,
420,강세황,Kang Se-hwang / 표암 / 영통동구도,조선 후기 남종화 이론을 정리하고 화단을 이끈 사대부 예술가. '영통동구도'에서 수묵 채색 산수화 최초로 서양식 선원근법과 바위 양감 음영법을 적용해 새로운 기원을 정초함.,,의의: 시서화에 두루 능한 문인화가이자 화평가로 김홍도 등 화원들을 후원·지도해 조선 후기 화단의 안목을 높임,배경: 서양화법(원근법·음영법)을 접하고 이를 조선 화단에 소개하며 활동,"강세황, 〈자화상〉, 1782",https://commons.wikimedia.org/wiki/Special:FilePath/Korea-Self_portrait_of_Kang_Sehwang-01.jpg?width=900,1,한국미술사,인물,조선후기,,
421,책가도,Chaekgado / 책거리 / 민화,"조선 후기 서재의 책과 문방구, 도자기를 서가 격자틀 안에 질서 있게 진열하여 그린 민화. 입체 조화를 위해 역원근법(가까운 소실점이 멀게 팽창)과 입체 다시점을 기이하게 융합함.",,의의: 서가와 문방구를 소재로 학문 숭상과 부귀 기원을 함께 담아 민화와 궁중회화를 아우르는 조선 후기 대표 화목이 됨,"배경: 정조의 서화 애호와 서양 원근법 수용, 서민층의 신분 상승 욕구가 결합해 유행","〈책가도〉 병풍, 조선 후기",https://commons.wikimedia.org/wiki/Special:FilePath/Scholar%27s_Books_and_Objects_%28Chaekkeori%29.jpg?width=900,1,한국미술사,작품,조선후기,민화,
422,호작도,Hojakdo / 까치호랑이 / 민화,"까치와 호랑이, 소나무를 조화시킨 조선식 대표 장식 민화. 무서운 호랑이를 익살스럽고 멍청한 바보 표정으로 희화화하고 기쁜 소식을 전하는 까치를 배치해 새해 액운을 막는 주술성 벽사화.",,,,"〈호작도〉, 조선 후기 민화",https://commons.wikimedia.org/wiki/Special:FilePath/Korea-Minhwa-Magpie_and_tiger.jpg?width=900,2,한국미술사,작품,조선후기,민화,
423,서화협회,Seohwa Association / 서화협,"1918년 서울에서 서화의 부흥과 근대적 미술 교육 체계 수립을 위해 창립한 한국 최초의 근대식 미술인 단체. 고희동, 안중식 등이 참여해 전시와 미술 잡지 발간 등 계몽 활동을 주도함.",,,,,,1,한국미술사,개념,근대,미술단체;근대,
424,조선미술전람회,Joseon Art Exhibition / 선전,일제 강점기 조선총독부 주관으로 열린 국내 최대 관제 전람회. 일제 식민 이데올로기 수용을 유도하고 식민지의 슬프고 이국적 정취인 '향토색(Local Color)' 묘사를 강제해 우리 모던 추상을 왜곡함.,,,,,,1,한국미술사,개념,근대,미술단체;근대,
425,한국현대미술가협회,Contemporary Artists Association / 현대미협,"1957년 전후 기성 국전의 보수적 아카데미즘 질서에 항거하며 결성된 전위 모던 서양화 단체. 박서보, 김창열 등이 참여해 앵포르멜(뜨거운 물감 추상) 운동을 전개하며 한국 전위미술을 이끎.",,,,,,1,한국미술사,개념,현대,미술단체;한국현대,
426,신사실파,New Realists / 신사실,"1947년 김환기, 유영국, 이중섭 등이 한국 최초로 아카데미를 타파하고 한국 고유의 서정적 내밀성과 현대적 순수 추상 양식의 융합을 꾀하여 활동한 전위적 동인 모임.",,,,,,1,한국미술사,개념,현대,미술단체;한국현대,
427,백양회,Baekyanghoe / 동양화근대화,"1957년 동양화가 김기창, 박래현, 천경자 등이 창립한 미술 단체. 수묵 서화의 답답한 틀을 부수고 두터운 진채 안료, 반추상 실험을 감행하여 '동양화의 근대화와 채색화 부흥'을 외침.",,,,,,1,한국미술사,개념,현대,미술단체;한국현대,
428,나혜석,Na Hye-seok / 한국최초여성서양화가,"한국 최초의 여류 서양화가이자 문필가. 유려하고 거친 야수주의 기필로 조선 전경과 여성의 고뇌를 그렸으며, 조선의 가부장 이데올로기와 도덕적 위선을 통렬하게 해체하는 글과 그림을 남김.",,,,"나혜석, 〈자화상〉",https://commons.wikimedia.org/wiki/Special:FilePath/%EB%82%98%ED%98%9C%EC%84%9D_%EC%9E%90%ED%99%94%EC%83%81_%ED%9D%91%EB%B0%B1.jpg?width=900,2,한국미술사,인물,근대,,
429,고희동,Ko Hui-dong / 최초서양화가 / 춘곡,도쿄미술학교에서 서양화를 유학하고 돌아온 한국 최초의 서양화가. 명암법과 원근법을 이식하였으며 후일 동양화 필법과 절충하는 '동양화의 모던 변주'를 모색하고 서화협회를 창립해 이끎.,,,,,,2,한국미술사,인물,근대,,
430,단색화,Dansaekhwa / 단색조회화,"1970년대 이후 서구 미니멀리즘과 궤를 달리하며 부흥한 단색조 회화 운동. 백색, 회색 등 단조로운 색채 위에서 캔버스를 긁고 밀며 한지와 소통하는 신체 반복적 수행성과 물질성의 융합이 정점.",,의의: 서구 미니멀리즘과 달리 신체의 반복적 수행성과 한지·캔버스의 물성을 강조해 한국 현대미술을 국제적으로 대표하는 흐름이 됨,배경: 1970년대 이후 박서보 등이 서구 사대주의에서 벗어난 한국적 모더니즘을 모색하며 전개,,,1,한국미술사,사조,현대,,
431,민중미술,Minjung Art / 민중리얼리즘,"1980년대 제5공화국 독재 정권과 서구 추상 사대주의에 저항하며 결성된 리얼리즘 미술 운동. 서사적 기법, 걸개그림, 목판화를 활용해 민주화 투쟁과 기층 민중의 억압을 시각 폭로함.",,"의의: 서사적 형상과 걸개그림·목판화로 민주화 운동과 민중의 목소리를 시각화, 순수 모더니즘 중심 화단에 사회 참여의 문을 엶",배경: 1980년대 제5공화국 군부독재와 서구 추상 중심 화단에 대한 저항 의식을 배경으로 대두,,,1,한국미술사,사조,현대,목판화,
432,소경산수인물화,Small-scene Landscape / 소경인물,"조선 전기 강희안의 '고사관수도'처럼 거대한 우주 산수 중심의 북송식 대산수화에서 벗어나, 자연의 일부분을 잘라 근경에 배치하고 명상하는 대담한 선비를 화면의 중심 주체로 세운 구도.",,,,,,2,한국미술사,개념,조선전기,,
433,임모,Imitation / 서예기초 / 임서,"서예 학습에서 법첩(명필의 서체록)을 곁에 두고 명필의 필선을 눈으로 쫓으며 굵기와 간격, 운필 속도를 정교하게 따라 모사하여 붓글씨의 뼈대와 규칙을 터득하는 서예 기초법.",,,,〈순화각첩〉 — 법첩을 보고 익힌다,https://commons.wikimedia.org/wiki/Special:FilePath/Chunhua_ge_tie_Vol4.JPG?width=800,2,한국미술사,기법,,서예,
434,무용총 수렵도,Hunting Scene / 무용총벽화,5세기 무렵 고구려 지안 지방의 고분 무덤 벽화. 고구려 전사가 말 위에서 뒤돌아 화살을 당기는 '파르티안 활쏘기' 자세와 질주하는 사슴 무리를 대담한 사선 파도선 묘법으로 담아 역동성을 연출함.,,의의: 힘찬 사냥 장면으로 고구려인의 씩씩한 기상과 역동적 화풍을 보여주는 대표적 고분벽화,배경: 고구려 지배층의 사후 세계에서도 이어지는 무예·수렵 생활에 대한 염원을 배경으로 조성,"〈무용총 수렵도〉, 고구려 5세기",https://upload.wikimedia.org/wikipedia/commons/thumb/7/70/Muyongchong_Suryeopdo.jpg/1280px-Muyongchong_Suryeopdo.jpg,1,한국미술사,작품,삼국,고구려벽화,
435,덕흥리 고분 벽화,Deokheung-ri Tomb Mural,"고구려 유종의 무덤 벽화. 광범위한 견우직녀도, 무덤 주인 유주의 13태수 조례 알현 풍속도가 먹선으로 상세히 기재되어 고구려 관료 체제와 우주관, 고대 신화를 밝혀내는 타임캡슐 유산.",,,,,,2,한국미술사,작품,삼국,고구려벽화;풍속화,
436,천마총 천마도,Cheonmachong Heavenly Horse,"경주 신라 적석목곽분에서 나온 자작나무 껍질 말다래(장니) 위에, 흰 흙으로 사뿐히 달리는 하늘의 말을 그린 그림. 신라 고대 회화의 드문 예이자 도교적 비상의 수호 상징.",,의의: 자작나무 껍질에 그려진 현존 최고(最古)급 회화 유물로 신라 회화·공예 수준을 보여줌,배경: 신라 지배층의 사후 세계에서도 하늘을 나는 천마를 타고자 하는 신앙을 배경으로 말다래(장니)에 그려 부장,"〈천마총 장니 천마도〉, 신라 — 자작나무 껍질 말다래",https://commons.wikimedia.org/wiki/Special:FilePath/Korea-Silla-Cheonmado-03.jpg?width=900,1,한국미술사,작품,삼국,국보,
437,무령왕릉 석수,Guardian Stone Beast of Muryeong Tomb,"백제 무령왕릉 연도 통로를 수호하던 괴수 모양의 석조 동상(진묘수). 뭉툭한 주둥이, 머리의 철제 뿔을 통해 무덤 도굴과 나쁜 마귀를 막는 아늑하고 세련된 백제 조각의 미.",,,,"〈무령왕릉 석수〉, 백제 6세기",https://commons.wikimedia.org/wiki/Special:FilePath/%EB%AC%B4%EB%A0%B9%EC%99%95%EB%A6%89_%EC%84%9D%EC%88%98.jpg?width=900,2,한국미술사,작품,삼국,국보,
438,삼불상,Buddhist Triad / 삼존불,"석가여래나 본존불을 중심에 세우고, 좌우에 협시 보살(대세지, 관음보살 등) 두 분을 나란히 배열하여 삼위일체식 자비와 불법의 권위를 자아내는 보편적이고 입체적인 불상 배치.",,,,,,2,한국미술사,개념,,,
439,석굴암 십대제자상,Ten Disciples of Seokguram,"석굴암 주실 굴벽 주위에 본존불을 둘러싸고 돋을새김된 석가의 10대 수제자 부조상. 동양과 한국 조각 중 인체의 사실적 주름결, 비례, 성인의 내적인 침묵을 사실적으로 포착한 절정.",,,,,,2,한국미술사,작품,통일신라,부조;국보,
440,의경,Yijing / 意境 / 중국화론,작가의 주관적 사상과 뜻이 자연 경물·대기와 붓끝에서 온전히 융합되어 빚어지는 깊고 신비로운 예술적 정취. 중국 회화 미학의 핵심 개념.,,,,,,1,동양미술사,개념,,미학,
441,징회미상,Jinghuai Weixiang / 澄懷味象,"위진남북조 시대 종병이 편 와유론. 속세의 묵은 때와 탐욕을 맑게 씻어 낸 뒤, 마음의 눈으로 산수의 숭고한 도와 우주의 이치를 고요히 맛본다는 뜻.",,,,,,2,동양미술사,개념,위진남북조,화론,
442,함기심목,Hanqi Xinmu / 涵氣心目,"대자연 산수 속 기운을 자신의 심안(마음의 눈)과 붓끝에 가득 담아 각인한 후, 비로소 화폭에 한 치의 흐트러짐 없이 호방하게 표현해 내는 전통 와유적 관조 회화관.",,,,,,3,동양미술사,개념,,화론,
443,일기론,Yiqi / 逸氣 / 예찬,"원나라 사가 예찬이 주창한 화론. 사물의 외형을 똑같이 모사하는 데 얽매이지 않고, 붓장난과 극도로 절제된 필선으로 가슴속 선비의 맑은 기개를 드러내야 한다고 보았다.",,,,,,1,동양미술사,개념,원,문인화,
444,일획론,Yihua / 一畵論 / 석도,"청대 석도가 화론에서 편 사상. 세상 만물의 온갖 형태와 우주의 질서, 운필의 뼈대를 오직 단 하나의 거룩한 첫 붓질로 꿰뚫어 창조한다는 주장.",,,,,,1,동양미술사,원리,청,석도;개성파,
445,아용아법,I Use My Method / 我用我法,"청대 석도가 정립한 창작 미학. 고대의 위대한 성인이나 이전 거장들의 준법, 규범을 그대로 복사해 답습하는 것을 맹렬히 타파하고, 오직 나만의 독창적인 붓질과 나만의 규율을 써서 그릴 것.",,,,,,1,동양미술사,개념,청,석도;개성파,
446,서화동원론,Calligraphy and Painting Source / 書畵同源,"원대 조맹부 등이 주창한 미술론. 글씨를 쓰는 서예의 필법(예: 예서, 해서의 뼈대)과 사물을 그리는 회화의 운필선은 기원과 본질상 완전히 한 뿌리에서 나왔다는 이론.",,,,,,1,동양미술사,원리,,서예,
447,오대당풍,Wu's Style / 吳帶當風 / 오도자,"당나라 최고의 신필 오도자(吳道子)의 인물화 선조 묘사법. 붓놀림이 극도로 활달하고 굵기의 강약 변화가 유려하여, 그가 그린 인물의 옷자락이 마치 바람을 타고 하늘거리는 듯 생동감을 줌.",,,,,,2,동양미술사,개념,당,,
448,남북종론,Southern and Northern Schools / 南北宗論,"명대 동기창이 중국 미술사를 불교의 선종(남돈북점)에 빗대어 남종화와 북종화로 양분 정리한 회화론. 사대부 지성이 이끄는 서정 수묵 남종화를 찬양하고, 기교 화원의 화려한 북종화를 폄훼함.",,의의: 이후 중국·조선 화단에서 문인화(남종)를 화원화(북종)보다 우위에 두는 상남폄북의 가치관을 확립,배경: 명말 동기창이 선종의 남북 분파에 빗대어 화가의 신분과 화풍을 계보화하며 대두,,,1,동양미술사,사조,명,동기창;남종화,
449,개성파,Individualist Painters / 청대초기,"청나라 초 고법 답습 정통파에 저항하며 고유한 개성과 아픔을 표현한 망국 명 황실 출신의 화승 사승(석도, 팔대산인, 홍인, 곤잔). 일획론, 망국의 눈 부릅뜬 화조화를 부흥시킴.",,의의: 정통파의 복고적 모방을 거부하고 개인의 감흥과 개성적 필묵을 앞세워 이후 중국 근대 회화의 개성 존중 흐름에 영향,배경: 명 유민 화가들이 청 왕조 치하에서 정통파의 관학적 화풍에 반발하며 대두,"팔대산인, 〈연꽃과 오리〉",https://commons.wikimedia.org/wiki/Special:FilePath/Bada_Shanren_-_Lotus_and_Ducks_-_Google_Art_Project.jpg?width=900,1,동양미술사,사조,청,석도;개성파,
450,상형상리론,Shape and Reason / 소식 / 상리론,"북송 소식(소동파)이 주창한 문인화론. 눈에 보이는 일시적 겉모습의 닮음보다, 겨울 대나무가 굽어도 부러지지 않는 본질적 성질과 자연의 영원한 이치를 그려야 한다고 보았다.",,,,,,2,동양미술사,개념,북송,,
451,절파 화풍,Zhe School / 대진 / 절파,"명대 대진을 영수로 하여 절강 지방을 중심으로 발흥한 전문 직업 화가 파벌. 남송 원체화풍을 이어받아 화면에 거친 명암 대비, 호방하고 날카롭게 도끼자국을 내는 부벽준, 사선적 속도 기필을 개척함.",,,,"대진, 〈춘산적취도〉 — 절파의 거친 명암 대비",https://commons.wikimedia.org/wiki/Special:FilePath/DaiJin-DenseGreenOnSpringMountains-ShanghaiMuseum-May27-08.jpg?width=900,2,동양미술사,사조,명,,
452,오파 화풍,Wu School / 심주 / 오파,"명대 소주(오현) 지방을 거점으로 문인 교양을 지닌 사대부들이 형성한 문인화가 파벌. 심주, 문징명 등이 대표적이며, 원나라 대가들의 피마준, 갈필법을 고요하고 섬세하게 정돈해 고전 문인화를 계승함.",,,,"심주, 〈여산고〉, 1467 — 오파 문인화",https://commons.wikimedia.org/wiki/Special:FilePath/Lofty_Mt.Lu_by_Shen_Zhou.jpg?width=900,2,동양미술사,사조,명,남종화,
453,정통파,Orthodox School / 사왕오운 / 청대,"청대 초기, 오파의 고전 필법과 동기창 화론을 정본 삼아 충실히 답습·모사·계승하려던 보수적 관학파 화가들(왕시민·왕감·왕휘·왕원기 등 사왕). 기교적 세련미와 엄격한 서예 고법을 보존함",,,,"왕휘 등 사왕, 옛 대가를 본뜬 산수",https://commons.wikimedia.org/wiki/Special:FilePath/Landscapes_after_Ancient_Masters_%28IA_mma_landscapes_after_ancient_masters_65075%29.jpg?width=900,2,동양미술사,사조,청,,
454,도철문,Taotie Motif / 饕餮紋 / 은나라,"중국 하, 은, 주 고대 청동제 예배 기기에 새겨진 괴수의 얼굴 형상 기하학 문양. 눈, 입, 뿔을 흉포하고 기괴하게 대칭 구성하여 왕권의 범접할 수 없는 종교 주술적 권위와 신비감을 뽐냄.",,,,,,2,동양미술사,개념,고대,,
455,채도,Painted Pottery / 彩陶 / 앙소문화,"중국 신석기 시대 대표 유적인 앙소 문화의 도자기. 붉은 점토 태토 표면에 철, 망간 안료로 그물, 물고기, 기하학적 파도무늬를 검고 하얗게 사생하여 채색한 토기 유산.",,,,"〈채도〉, 앙소 문화, 신석기",https://commons.wikimedia.org/wiki/Special:FilePath/Neolithic_painted_pottery_basin%2C_Yangshao_Culture%2C_Miaodigou_type%2C_Henan%2C_1956.jpg?width=900,3,동양미술사,작품,선사,,
456,흑도,Black Pottery / 黑陶 / 용산문화,"중국 신석기 후기 용산 문화를 대변하는 토기. 회전식 물레를 차용해 표면을 계란 껍질처럼 얇게 빼냈으며(난각도), 밀폐 가마 속에 가스를 가둬 그을음 탄소를 침투시켜 윤택 있는 까만색을 띰.",,,,"〈흑도〉, 용산 문화 — 달걀 껍질처럼 얇다",https://commons.wikimedia.org/wiki/Special:FilePath/Longshan_Black_Pottery_Vase._Mus%C3%A9e_Guimet_MA_5978.jpg?width=900,3,동양미술사,작품,선사,,
457,우점준,Raindrop Slashed / 雨點皴 / 범관,"북송 대산수화의 거장 범관이 '계산행려도'에서 산맥 바위들의 거칠고 육중한 부피감을 묘사하고자, 붓끝을 세워 빗방울 같은 작은 수직 먹점들을 촘촘히 무수하게 내려 찍은 준법.",,,,"범관, 〈계산행려도〉, 북송",https://commons.wikimedia.org/wiki/Special:FilePath/Fan_Kuan_-_Travelers_Among_Mountains_and_Streams_-_Google_Art_Project.jpg?width=800,2,동양미술사,기법,북송,준법,
458,해조묘,Crab-claw Branch / 蟹爪描 / 곽희,"북송 곽희 산수화의 나무 묘사법. 겨울철 메마른 활엽수의 잎 떨어진 나뭇가지 형상을 마치 게의 부러진 날카로운 집게발, 혹은 독수리 갈고리 발톱 형상처럼 휘어지게 그린 묘사법.",,,,"곽희, 〈조춘도〉, 1072",https://commons.wikimedia.org/wiki/Special:FilePath/Guo_Xi_-_Early_Spring_%28large%29.jpg?width=800,2,동양미술사,기법,북송,곽희;동양화;수목표현,
459,권운준,Cloud Slashed / 卷雲皴 / 곽희,"곽희가 '조춘도'에서 부드럽고 습윤한 봄 산맥 바위의 역동적인 기운을 드러내기 위해, 소용돌이치며 뿜어져 올라가는 뭉게구름이나 거센 연기 덩어리처럼 부드러운 필선들을 둥글게 겹쳐 낸 준법.",,,,"곽희, 〈조춘도〉, 1072",https://commons.wikimedia.org/wiki/Special:FilePath/Guo_Xi_-_Early_Spring_%28large%29.jpg?width=800,2,동양미술사,기법,북송,곽희;준법,
460,절대준,Folded Slashed / 折帶皴 / 예찬,예찬이 태호 주위의 네모난 편평 바위 질감을 그리기 위해 창안한 준법. 붓을 가로질러 옆으로 가볍게 선을 그은 후 붓끝을 기역(ㄱ)자로 갑자기 꺾어 직각 바위모서리를 표현하는 갈필의 준법.,,,,"예찬, 〈용슬재도〉, 1372",https://commons.wikimedia.org/wiki/Special:FilePath/Ni_Zan._The_Rongxi_Studio.1372._74%2C7x35%2C3._National_Palace_Museum%2C_Taipei.jpg?width=800,1,동양미술사,기법,원,준법,
461,하가산수,Xia's Style / 夏圭 / 하규,"남송 원체화를 이끈 하규의 수묵 산수화 구도. 마원의 일각 구도처럼 벼랑 산수를 모서리에 정초하는 한편, 수평 지평선 길게 안개를 깔아 아련하고 무한한 공허 공간을 대담하게 드러냄.",,,,"하규, 산수 — 한쪽 모서리에 경물을 몰아 놓는 변각 구도",https://commons.wikimedia.org/wiki/Special:FilePath/Xia_Gui_Remote_View.jpg?width=900,3,동양미술사,작품,남송,,
462,왕몽,Wang Meng / 우모준,"원나라 후기 대가. 소꼬리 털처럼 곱슬곱슬 비틀린 필선인 우모준(牛毛皴)과 물기를 극단으로 뺀 수묵 갈필을 거듭 포개어, 산맥 가득 숲이 울창하고 숨 막히게 조밀한 심산 산수를 완성함.",,,,"왕몽, 〈청변은거도〉, 1366 — 우모준",https://commons.wikimedia.org/wiki/Special:FilePath/Wang_Meng%2C_1298_1385%2C_La_retraite_%C3%A0_Qingbian%2C_1366._Rouleau_vertical%2C_encre_sur_papier%2C_141x42%2C4cm._Mus%C3%A9e_de_Shanghai.jpg?width=900,2,동양미술사,인물,원,,
463,오진,Wu Zhen / 매화도,원나라 사가 중 하나로 특히 먹죽화(묵죽)와 수묵 매화에 능했던 인물. 수분을 가득 머금은 윤택한 필치인 건필윤묵을 유희하여 소박하고 습윤한 고전 수묵 산수와 문인화조를 정립함.,,,,"오진, 〈어부도〉",https://commons.wikimedia.org/wiki/Special:FilePath/Wu_Zhen_-_Fisherman_-_MET.jpg?width=900,2,동양미술사,인물,원,,
464,문인화론,Literati Painting Theory / 사대부화,"중국 당나라 왕유에서 출발해 송, 원, 명으로 이어지는 교양 지성 예술관. 전업 직업 화가의 노련한 외형 묘사 기교를 격하하고, 높은 학문 소양과 고결한 정신 가치를 수묵으로 유희함.",,,,,,1,동양미술사,개념,,동기창;남종화,
465,서예의 고법,Traditional Calligraphy Rules / 고법,"서예 기법 및 비평 용어. 한, 위, 진나라 시대 왕희지 등 고대 명가들이 이룩한 서예 서체의 규범, 운필의 뼈대, 단단한 방필 원필 조화 등 정통 서예 규칙을 연마하는 정론.",,,,,,2,동양미술사,개념,,,
466,요철법,Concave-convex Technique / 장승요,"서역 인도 우전국 화법에서 유래해 고대 한, 당나라 사찰 벽화에 대유행한 기법. 붉은 아웃라인 선의 가장자리를 따라 수묵 채색으로 그라데이션 음영을 주어 튀어나오는 듯 입체를 살림.",,,,"〈연화수 보살〉, 아잔타 제1굴, 5세기",https://commons.wikimedia.org/wiki/Special:FilePath/Bodhisattva_Padmapani%2C_cave_1%2C_Ajanta%2C_India.jpg?width=800,2,동양미술사,기법,고대,서역화법,
467,건필윤묵,Dry Brush and Wet Ink / 乾筆潤墨,"조맹부가 정립한 필묵 미학. 마른 붓의 까슬한 기운을 주축 선으로 유지하면서도, 먹빛의 촉촉함과 깊이를 화면 안에 함께 살려 내는 고도의 운필.",,,,,,1,동양미술사,원리,원,필묵법,
468,과슈,Gouache / 불투명수채화,"안료에 고무 전색제와 불투명 백색 물감을 섞어 채색하는 불투명 수채 기법. 투명 수채화와 달리 밑색을 완전히 덮는 중량감, 광택 없는 편평하고 강렬한 표면 연출이 장점.",,,,"인도 세밀화, 과슈, 19세기",https://commons.wikimedia.org/wiki/Special:FilePath/Painting_of_a_mullah_%28Muslim_scholar%29_reading_a_book._Gouache_by_an_Indian_artist%2C_circa_19th_century.jpg?width=800,1,표현기법,기법,,재료;수채,
469,알라 프리마,Alla Prima / 단숨그리기,"유화에서 밑색을 바르고 마를 때까지 여러 날 기다리는 고전적 적층법과 달리, 축축한 물감 위에 젖은 채로 겹쳐 칠하며(Wet-on-wet) 단 한 번의 드로잉으로 단숨에 화면을 완성하는 직관적 기법.",,,,"사전트, 〈버드나무 아래〉, 1887",https://commons.wikimedia.org/wiki/Special:FilePath/Lady_and_Child_asleep_in_a_punter_under_the_willows_%281887%29_-_John_Singer_Sargent_%281886_-_1925%29_%2830462902862%29.jpg?width=800,2,표현기법,기법,,인상주의,
470,크로키,Croquis / 속사화 / 소묘,"움직이는 동물이나 인물 대상을 몇 초 내지 몇 분이라는 단시간 안에 예리한 필선만으로 포착해 내는 속사화. 대상의 핵심적인 뼈대 동세, 실루엣 특징, 필선의 느낌을 기르는 기초 소묘.",,,,인체 크로키,https://commons.wikimedia.org/wiki/Special:FilePath/Lying_nude_%28SM_16242vz%29.png?width=800,2,표현기법,기법,,소묘,
471,콘테,Conte / 드로잉재료,"그을음, 흑연 가루에 미세 점토와 기름 성분을 섞어 단단하게 성형한 드로잉 재료. 부드럽고 가루날림이 적으며, 아주 깊고 풍부한 숯 검은색조부터 섬세한 선 묘사까지 명도 가동성이 뛰어남.",,,,,,2,표현기법,개념,,소묘,
472,목탄,Charcoal / 버드나무목탄,"버드나무 가지 등을 산소 없이 가마에 구워 만든 대표적 소묘 재료. 판면에 가루 밀착 정착력이 약해 식빵이나 부드러운 천으로 문질러 손쉽게 수정하고, 풍부한 양감 그라데이션을 냄.",,,,,,1,표현기법,개념,,,2025A2
473,픽사티브,Fixative / 정착액,"목탄, 파스텔, 연필 드로잉처럼 화폭 표면에 정착 안 되고 쉽게 흩날리는 약한 안료를 영구 보전하기 위해 합성 수지 희석액을 고르게 스프레이 분사하여 고정시키는 정착액.",,,,,,2,표현기법,개념,,,
474,백묘법,White-line Drawing / 白描法,"전통 동양화에서 붉은 채색이나 먹색 번짐(선염)을 일절 생략하고, 오직 순수하고 섬세한 먹 윤곽선조의 굵기 변화, 탄력만으로 사물의 조형적 형태와 정신적 기운을 묘사하는 수묵 기법.",,,,,,2,표현기법,기법,,동양화;묘선법,
475,선염법,Wash / 渲染法,"화폭에 물을 미리 고르게 바른 뒤 먹이나 안료를 얹어 스스로 서서히 번져 나가는 그라데이션 명암 효과를 얻는 기법. 하늘, 물안개, 안면부의 부드러운 양감 묘사에 필수적인 채색법.",,,,,,2,표현기법,기법,,동양화,
476,바렌,Baren / 馬련 / 목판화,볼록판화(목판화)에서 동양식 한지를 판 위에 대고 비벼 잉크를 종이에 고루 흡착시키는 대나무 가죽 재료. 둥글고 납작한 판형 바닥으로 구성되어 압력을 수동으로 정교하게 전달함.,,,,목판화용 바렌 — 종이 뒤를 문질러 찍는다,https://commons.wikimedia.org/wiki/Special:FilePath/Baren_Soka_Art_Museum.jpg?width=900,2,표현기법,개념,,목판화,
477,그라운드액,Etching Ground / 방식제,에칭(산부식 오목판화)에서 동판 전체에 얇게 발라 말리는 방식(부식방지) 왁스 희석액. 이 그라운드막 위를 쇠바늘로 긁어내 금속 표면을 드러낸 후 질산 용액에 부식시킴.,,,,,,2,표현기법,개념,,오목판화;에칭,
478,버,Burr / 드라이포인트 / 까끄라기,드라이포인트에서 단단한 강철 바늘로 동판을 강하게 긁을 때 선 양옆에 밀려 솟아오르는 거친 금속 부스러기. 그 틈새에 잉크가 갇혀 인쇄하면 부드러운 벨벳 느낌이 남,,,,,,2,표현기법,개념,,오목판화;드라이포인트,
479,로커,Rocker / 흔들칼 / 메조틴트,메조틴트(오목판화)에서 둥글고 미세한 톱니가 달린 무거운 조각 칼을 동판 전체에 종횡사선 사방으로 부단히 흔들어대어 판 전체를 미세한 무수한 홈(눈)으로 벌집 가공하는 도구.,,,,메조틴트 로커 — 톱니로 판 전면에 눈을 낸다,https://commons.wikimedia.org/wiki/Special:FilePath/Mezzaluna_berceau.jpg?width=900,2,표현기법,개념,,오목판화;메조틴트,
480,스크레이퍼,Scraper / 깎기칼,"동판화 및 메조틴트에서 동판 표면의 불필요한 금속 버(Burr) 돌기를 납작하게 밀어 깎아내거나, 메조틴트 벌집 홈을 밀어 매끄럽게 깎음으로써 잉크가 안 고이게 하여 하이라이트 백색을 얻는 칼.",,,,판화용 조각·긁기 도구,https://commons.wikimedia.org/wiki/Special:FilePath/Engraving_tools00.jpg?width=900,2,표현기법,개념,,오목판화;메조틴트,
481,모노타이프,Monotype / 독판화,"금속판이나 아크릴판 표면에 판화용 잉크로 직접 그림을 수채화 그리듯 그린 후, 마르기 전에 압착 프레스기로 찍어내는 복합 평판화. 복제가 불가하고 단 한 장만 획득되는 성질.",,,,"드가, 모노타이프",https://commons.wikimedia.org/wiki/Special:FilePath/Degas_monotype_Sleep.jpg?width=800,2,표현기법,기법,,판화;평판화,
482,스퀴지,Squeegee / 밀개 / 실크스크린,"공판화에서 실크 스크린 천 위에 부은 잉크를 납작한 고무 주걱으로 비스듬히 힘주어 밀어, 뚫려 있는 구멍 아래 종이로 침투시키는 도구",,,,실크스크린용 스퀴지와 잉크,https://commons.wikimedia.org/wiki/Special:FilePath/Squeegee_and_ink_for_screen_printing.jpg?width=900,2,표현기법,개념,,실크스크린,
483,환조,Sculpture in the Round / 완전입체,평면에 얽매이지 않고 사방 360도 어디서나 감상하고 이동하며 만질 수 있는 완전무결한 3차원 독립형 입체 조각. 주변 실재 공간과의 전방위 유기적 소통과 양감이 핵심.,,,,,,1,표현기법,개념,,조소,
484,고부조,High Relief / 하이릴리프,부조 조각 중 바탕 평면에서 대상 인체의 부피감이 실물 두께의 반 이상 혹은 거의 환조에 가깝도록 웅장하고 깊게 돌출되게 조각하여 그림자 명암 대비와 입체 극치감을 이끌어냄.,,,,,,2,표현기법,개념,,조소;부조,
485,저부조,Low Relief / 바스릴리프,바탕 평면 위에서 동전 표면 무늬처럼 얇고 평평하며 아주 완만하게 돌출되게 문양을 깎아 묘사하는 조각법. 부피감은 약하지만 세밀하고 우아한 드로잉 선조 느낌을 보존함.,,,,,,2,표현기법,개념,,조소;부조,
486,뼈대 설치,Armature / 심형 / 조소뼈대,"점토나 소조 작업 시 가해지는 흙 하중이나 자체 건조 수축으로 인해 형태가 주저앉거나 탈락하는 비극을 막고자 내부 중심부에 철사, 굵은 노끈, 목재 지지대로 척추 뼈대를 조형하는 기법.",,,,,,2,표현기법,기법,,조소;소조,
487,오스트발트 표색계,Ostwald Color System / 오스트발트,"노벨상 화학자 오스트발트가 주장한 정량 표색계. 모든 색상을 완전한 '순색량(C), 흰색량(W), 검은색량(B)'의 합은 100%라는 기하학 공식으로 등색상 삼각형 좌표 속에 체계화함.",,,,,,1,표현기법,원리,,색채학,
488,계시대비,Successive Contrast / 계시대비,"어떤 빨간색을 한동안 지속 주시하다가 시선을 돌려 다른 주황색이나 무채색 벽을 볼 때, 망막 시세포의 생리적 피로로 인해 빨간색의 보색(청록색 잔상)이 섞여 명도와 채도가 달라 보이는 대비.",,,,,,2,표현기법,원리,,색채학,
489,면적대비,Area Contrast / 크기대비,"색채 조형에서 동일한 색상이라도 그 색을 담아 보여주는 칠 면적이 넓어지면 넓어질수록, 좁을 때에 비해 시각적으로 한층 명도와 채도가 더 높고 찬란하고 밝게 지각되는 대비 현상.",,,,,,2,표현기법,원리,,색채학,
490,기업 이미지 통합,Corporate Identity / CI / 시각디자인,"기업의 경영 철학, 비전, 정체성을 일관성 있는 시각 디자인 매체(로고, 심볼, 전용 서체, 봉투 배정)를 일목요연하게 시스템화하여 외부에 각인시키는 시각 소통 디자인.",,,,,,2,표현기법,개념,,,
491,브랜드 이미지 통합,Brand Identity / BI / 상품디자인,"단일 기업 산하의 개별 특정 상품이나 서비스 브랜드가 지닌 고유한 프리미엄 가치, 독창성을 타깃 수용자 눈높이에 맞춰 일관되게 로고와 패키지로 정립해 내는 디자인 마케팅 시스템.",,,,,,2,표현기법,개념,,,
492,독일공작연맹,Deutscher Werkbund / DWB / 무테지우스,1907년 뮌헨에서 헤르만 무테지우스 등이 창립한 연맹. 예술과 대량 산업을 융합하고자 독일 공산품 규격화(Typisierung) 논쟁을 벌여 현대 모던 기능주의 산업 디자인의 탄탄한 초석을 놓음.,,"의의: 예술가·산업체·기술자를 연결해 규격화된 우수 디자인 제품 생산을 도모, 이후 바우하우스 설립의 토대가 됨",배경: 독일 공산품의 국제 경쟁력 강화를 위해 무테지우스 등이 1907년 뮌헨에서 창립,"베렌스, 〈AEG 터빈 공장〉, 베를린 1909",https://commons.wikimedia.org/wiki/Special:FilePath/AEG-Turbinenfabrik-2.jpg?width=900,1,표현기법,사조,근대,디자인사,
493,멤피스 그룹,Memphis Group / 소트사스 / 포스트모던,"1980년대 이탈리아 밀라노에서 에토레 소트사스가 조직한 포스트모던 디자인 그룹. 바우하우스의 무미건조한 모더니즘 기능주의 규칙을 조롱하며, 역사 절충주의, 화려한 보색 장식성을 이룸.",,,,"소트사스, 〈칼튼〉 책장, 1981",https://commons.wikimedia.org/wiki/Special:FilePath/Ettore_sottsass_per_memphis_srl.%2C_libreria_carlton%2C_milano_1981.jpg?width=900,2,표현기법,사조,현대,디자인사;포스트모던,
494,훈염법,Hunyeom / 한국초상화법 / 훈염,한국 전통 초상화(인물화) 기법의 핵심. 안면 골상학에 맞춰 눈두덩이나 코 가장자리 등 움푹 들어간 어두운 음영 영역을 얇은 먹 안료로 수십여 차례 조심스레 붓 터치해 올려 깊은 양감을 일굼.,,,,"윤두서, 〈자화상〉, 18세기 초",https://commons.wikimedia.org/wiki/Special:FilePath/Korea-National.Treasure-240-Yun.Duseo-Joseon-Private.jpg?width=800,1,표현기법,기법,,동양화;초상화기법,
495,육리문,Yungnimun / 한국안면근육묘법,"조선 초상화 화법 중 하나로, 피부 밑의 미세한 안면 근육 주름과 살결 조직을 돋보기 보듯 미세한 선들로 한 줄씩 한 방향으로 꼼꼼히 그어 표현함으로써 실물 생동감과 한 인물의 격을 살리는 묘법.",,,,"〈박정 초상〉, 조선",https://commons.wikimedia.org/wiki/Special:FilePath/Korea-National.Treasure-240-Yun.Duseo-Joseon-Private.jpg?width=800,1,표현기법,기법,,동양화;초상화기법,
496,삼백법,Sambaekbeop / 삼백 / 한중인물화,"전통 초상인물화에서 인물의 입체 명암을 돕고자 이마(양미간), 코마루 콧등, 턱 끝의 솟아오른 세 지점에 한지 뒤쪽이나 앞쪽에 미세 흰색 안료(호분)를 도톰히 올려 입체를 부각시키는 요철식 기법.",,,,윤두서 〈자화상〉 — 이마·콧등·턱의 밝은 세 지점,https://commons.wikimedia.org/wiki/Special:FilePath/Korea-National.Treasure-240-Yun.Duseo-Joseon-Private.jpg?width=800,1,표현기법,기법,,초상화;동양화;초상화기법,
497,난엽묘,Orchid-leaf line / 蘭葉描 / 전통묘법,동양화 인물 신선들의 유려하고 풍성한 소매 옷자락을 그릴 때 쓰는 붓 선조법. 부드러운 난초 잎사귀 선조 모양처럼 선의 굵기가 춤추듯 가늘어졌다 두터워지며 우아한 운동감을 선사함.,,,,,,2,표현기법,기법,,동양화;묘선법,
498,철선묘,Iron-wire line / 鐵線描 / 전통선묘,"가늘고 단단하게 당겨 뽑은 구리나 철사 가닥 선조처럼, 처음 기필부터 중간, 회봉 종필 끝까지 단 한 치의 굵기 왜곡이나 흔들림 없이 일정하고 정밀하고 단단하게 죽 이어 긋는 전통 필선.",,,,,,2,표현기법,기법,,서역화법;동양화;묘선법,
499,작조지,Sparrow-claw Branch / 雀爪枝 / 수목묘법,"수묵 수목화에서 혹한기의 메마른 나뭇가지를 그릴 때, 꺾인 마디와 잔가지 끝자락을 참새의 부리나 발톱처럼 모나고 거칠게 그리는 묘사법.",,,,,,2,표현기법,기법,,동양화;수목표현,
500,타지법,Slamming Branch / 拖枝法 / 수목화,"소나무 등의 늙은 나뭇가지 밑동을 사선 아래나 수평 밖으로 대담하게 쭉 당겨 그은 후, 가지 끝 마디에서 낚싯바늘처럼 거칠게 아래로 툭 털어내리며 슬프고 고풍스러운 정취를 주는 기법.",,,,,,2,표현기법,기법,,동양화;수목표현,
501,무근수,Rootless Tree / 無根樹 / 안개수목,"산수화에서 대형 숲이나 나무 아래 안개나 뽀얀 구름을 일부러 대대적으로 깔아 그림으로써, 나무의 밑동 뿌리부를 완전히 화면 가려 생략하는 법. 산수 전체의 신비로운 지지 공간과 깊이를 줌.",,,,,,3,표현기법,기법,,산수화;동양화;수목표현,
502,수파묘,Water-wave line / 水波描 / 파도선,"동양화에서 바다의 소용돌이치는 파도 장막, 굽이치는 물결을 그릴 때 쓰는 묘선법. 기운찬 장엄미를 지닌 사선 물결선을 촘촘하고 일정한 질서로 정렬해 역동감을 표현함. 김홍도 작품이 정점.",,,,,,2,표현기법,기법,,동양화;묘선법,
503,서역 음영법,Western shading in Eastern Art / 고대,인도 굽타 시대 아잔타 석굴벽화 등에서 유래해 고대 한중벽화에 이식된 채색 기법. 한 면의 윤곽 가장자리 틈새를 거듭 붓질해 칠해 어둡게 함으로써 오목볼록한 기묘한 요철 입체감을 획득함.,,,,"〈연꽃을 든 보살〉, 아잔타 제1굴 — 가장자리를 어둡게 한 요철법",https://commons.wikimedia.org/wiki/Special:FilePath/Bodhisattva_Padmapani%2C_cave_1%2C_Ajanta%2C_India.jpg?width=900,2,표현기법,기법,고대,서역화법,
504,소묘,Drawing / Dessein / 데생,"채색 전이나 단색 안료(연필, 목탄, 콩테, 붓)만을 이용하여 대상의 정확한 비례, 명암 분석, 내부 골격, 질감 조화를 파악해 내는 기초 훈련이자 그 자체로 완성도 높은 단색 자율 회화.",,,,,,1,표현기법,개념,,소묘,
505,윤두서,尹斗緖,조선 후기 남인 문인화가. 관찰에 기초한 사실적 묘사를 추구했으며 〈자화상〉과 말 그림으로 유명. 겸재·현재와 함께 삼재로 불림,,"의의: 자화상의 극도로 사실적인 눈빛 묘사로 조선 초상화의 정신성을 극대화, 겸재·관아재와 함께 조선 후기 회화 전환기를 이끎",배경: 남인 가문 출신으로 벼슬을 포기하고 학문·서화에 몰두하며 활동,"윤두서, 〈자화상〉, 18세기 초",https://commons.wikimedia.org/wiki/Special:FilePath/Yun_Du-seo.jpg?width=900,1,한국미술사,인물,조선후기,회화;문인화;윤두서,2026B7
506,심사정,沈師正,조선 후기 문인화가. 겸재와 달리 중국 남종화풍을 폭넓게 수용하여 산수·화훼·영모에 두루 능함. 호는 현재(玄齋),,의의: 중국 남종화풍을 조선에 폭넓게 소화·전파해 조선 후기 남종문인화 확산에 기여,배경: 양반 신분이었으나 조부의 역모 사건으로 벼슬길이 막혀 전업 화가로 활동,"심사정, 〈선유도〉, 1764",https://commons.wikimedia.org/wiki/Special:FilePath/Sim_Sajeong-Seonyudo-1764.jpg?width=900,1,한국미술사,인물,조선후기,회화;남종화;심사정,2025A10
507,최북,崔北,조선 후기 직업 화가. 거칠고 파격적인 필치와 기이한 행적으로 유명. 호생관(毫生館)이라 자호하고 삼절로 일컬어짐,,의의: 기이한 행적과 개성적 화풍으로 조선 후기 화가의 자유로운 예술가 정신을 대표하는 인물로 회자됨,배경: 중인 출신 화가로서 신분적 제약 속에서도 독창적 화풍을 추구,"최북, 〈해변기암도〉",https://commons.wikimedia.org/wiki/Special:FilePath/Haebyun-giamdo_by_Choe_Buk.jpg?width=900,1,한국미술사,인물,조선후기,회화;직업화가;최북,2025B5
508,윤제홍,尹濟弘,조선 후기 문인화가. 붓 대신 손가락에 먹을 묻혀 그리는 지두화(指頭畫)로 독특한 화면을 이룸,,의의: 손가락으로 그리는 지두화라는 파격적 기법으로 조선 후기 회화의 실험적 경향을 보여줌,배경: 문인화가로서 정형화된 필묵법을 벗어나려는 개성적 시도에서 지두화를 구사,,,1,한국미술사,인물,조선후기,회화;문인화;지두화,2025B5
509,조희룡,趙熙龍,조선 말기 여항 문인화가. 김정희의 영향 아래 매화 그림에 뛰어났고 〈홍매대련〉 등 대작을 남김,,의의: 수예론으로 문인화를 전문 예술로 격상시켜 중인 출신 여항문인화가들의 위상을 높임,배경: 김정희 문하에서 배웠으나 스승의 문인화 이념보다 기예 자체를 중시하는 독자적 노선을 취함,"조희룡, 매화 그림",https://commons.wikimedia.org/wiki/Special:FilePath/Jo_Hee-ryong_-_heeryong_plum.jpg?width=900,1,한국미술사,인물,조선후기,회화;문인화;매화,2025A10
510,정선,鄭敾,조선 후기 화가. 우리 산천을 직접 답사해 그리는 진경산수화를 개척. 호는 겸재(謙齋),,,,"정선, 〈금강전도〉, 1734",https://commons.wikimedia.org/wiki/Special:FilePath/Jeong_Seon-Geumgangjeondo.jpg?width=900,2,한국미술사,인물,조선후기,회화;산수화;정선,
511,김홍도,金弘道,조선 후기 화원. 산수·인물·풍속에 두루 능했고 배경을 생략한 원형 구도의 풍속화로 유명. 호는 단원(檀園),,,,"김홍도, 〈송하취생도〉",https://commons.wikimedia.org/wiki/Special:FilePath/Kim_Hong-do%2C_Songhachwisaengdo.jpg?width=900,2,한국미술사,인물,조선후기,회화;풍속화;김홍도,
512,신윤복,申潤福,조선 후기 화원. 여인과 남녀의 정취를 소재로 삼고 선명한 원색을 대비시킨 풍속화를 남김. 호는 혜원(蕙園),,,,"신윤복, 〈미인도〉",https://commons.wikimedia.org/wiki/Special:FilePath/Hyewon-Miindo.jpg?width=900,2,한국미술사,인물,조선후기,회화;풍속화;신윤복,
513,이인문,李寅文,조선 후기 화원. 김홍도와 동년배로 산수화에 뛰어났으며 〈강산무진도〉 같은 대형 두루마리를 남김,,,,"이인문, 〈강산무진도〉, 조선 후기",https://commons.wikimedia.org/wiki/Special:FilePath/Gangsanmujindo.jpg?width=900,2,한국미술사,인물,조선후기,회화;산수화,
514,장승업,張承業,조선 말기 화원. 호방한 필력과 능숙한 기교로 산수·인물·영모·기명절지에 두루 능함. 호는 오원(吾園),,,,"장승업, 〈송하노승도〉",https://commons.wikimedia.org/wiki/Special:FilePath/Owon-Songha.noseungdo.jpg?width=900,2,한국미술사,인물,조선후기,회화;화원;장승업,
515,이정,李霆,조선 중기 묵죽화의 대가. 세종의 현손으로 대나무 앞뒤의 거리감을 삼묵법으로 표현. 호는 탄은(灘隱),,의의: 조선 묵죽화의 최고봉으로 평가되며 이후 묵죽 화가들의 전범이 됨,배경: 왕족(세종의 후손) 신분의 문인화가로서 사군자 화목을 전문적으로 발전시킴,"이정, 〈풍죽도〉",https://commons.wikimedia.org/wiki/Special:FilePath/Bamboo_in_Wind%2C_Yi_Jeong.jpg?width=900,1,한국미술사,인물,조선중기,회화;묵죽;사군자,2024A12
516,어몽룡,魚夢龍,조선 중기 묵매의 대가. 곧게 솟은 굵은 가지의 간결한 매화 구도로 유명. 이정의 묵죽과 함께 병칭됨,,,,"어몽룡, 〈월매도〉",https://commons.wikimedia.org/wiki/Special:FilePath/%EC%96%B4%EB%AA%BD%EB%A3%A1_%EC%9B%94%EB%A7%A4%EB%8F%84.jpg?width=900,2,한국미술사,인물,조선중기,회화;묵매;사군자,
517,유덕장,柳德章,조선 후기 묵죽화가. 이정의 화풍을 이어 조선 후기 묵죽의 한 전형을 이룸. 호는 수운(峀雲),,"의의: 이정의 뒤를 이어 조선 후기 묵죽화의 전통을 계승, 절개의 상징으로서 사군자화의 위상을 이어감",배경: 문인 사대부로서 절의를 묵죽에 의탁하는 전통을 계승,,,1,한국미술사,인물,조선후기,회화;묵죽;사군자,2024A12
518,허련,許鍊,조선 말기 화가. 김정희의 제자로 남종문인화풍을 호남에 전파. 호는 소치(小癡),,의의: 김정희의 남종문인화풍을 호남 지역에 전파해 이후 허백련 등으로 이어지는 호남화파의 뿌리를 이룸,"배경: 김정희 문하에서 배우며 스승의 화론을 계승, 진도에 정착해 화맥을 형성","허련, 〈김정희 초상〉(부분)",https://commons.wikimedia.org/wiki/Special:FilePath/KimJeonghui.jpg?width=900,1,한국미술사,인물,조선후기,회화;남종화;김정희,2024A12
519,변상벽,卞相璧,조선 후기 화원. 고양이와 닭 그림에 특히 뛰어나 변고양이라 불림. 영모화의 대표적 화가,,,,"변상벽, 〈묘작도〉",https://commons.wikimedia.org/wiki/Special:FilePath/Byeon_Sangbyeok-Myojakdo.jpg?width=900,2,한국미술사,인물,조선후기,회화;영모화,
520,신사임당,申師任堂,조선 전기 여성 화가. 풀과 벌레를 섬세하게 관찰해 그린 초충도로 널리 알려짐,,,,"신사임당, 〈초충도〉 중 오이와 개구리",https://commons.wikimedia.org/wiki/Special:FilePath/20024_%EC%8B%A0%EC%82%AC%EC%9E%84%EB%8B%B9_%EC%B4%88%EC%B6%A9%EB%8F%8406_%EC%98%A4%EC%9D%B4%EC%99%80_%EA%B0%9C%EA%B5%AC%EB%A6%AC.jpg?width=900,2,한국미술사,인물,조선전기,회화;초충도,
521,김수철,金秀哲,조선 말기 화가. 형태를 대담하게 단순화하고 맑은 담채를 쓴 이색 화풍을 보임,,,,,,2,한국미술사,인물,조선후기,회화;이색화풍,
522,유하백마도,柳下白馬圖,윤두서가 버드나무 아래 흰 말을 그린 작품. 말의 골격과 근육을 사실적으로 관찰해 표현,,의의: 버드나무 아래 백마를 소재로 문인의 풍류와 탈속적 정취를 표현한 조선 후기 화훼영모화를 대표,배경: 문인들의 은일·풍류 취향을 배경으로 제작,"윤두서, 〈유하백마도〉, 조선 후기",https://commons.wikimedia.org/wiki/Special:FilePath/Yun.Duseo-Yuha.Baekma.do.jpg?width=900,1,한국미술사,작품,조선후기,회화;영모화;윤두서,2026B7
523,오상고절,傲霜孤節,심사정이 서리를 이기고 피는 국화의 지조를 그린 작품. 괴석과 들풀을 곁들여 여백과 균형을 이룸,,의의: 서리(역경) 속에서도 굽히지 않는 국화의 절개를 통해 문인의 지조를 형상화한 사군자화의 상징성을 보여줌,배경: 유교적 절의 사상을 자연물에 빗대는 문인화 전통을 배경으로 제작,,,1,한국미술사,작품,조선후기,회화;사군자;심사정,2025A10
524,홍매대련,紅梅對聯,조희룡이 좌우 한 쌍으로 그린 대형 홍매화. 용처럼 굽이치는 늙은 줄기와 붉은 꽃이 화면을 가득 채움,,의의: 용틀임하는 노간의 형상과 강렬한 붉은 꽃으로 조희룡 특유의 개성적 묵매 화풍을 대표,배경: 김정희 문하에서 배웠으나 스승과 다른 화려하고 장식적인 독자적 화풍을 추구하며 제작,,,1,한국미술사,작품,조선후기,회화;매화;조희룡,2025A10
525,풍설야귀인도,風雪夜歸人圖,최북이 눈보라 치는 밤 귀가하는 인물을 그린 작품. 거친 필치와 손가락·붓을 함께 쓴 파격적 표현,,의의: 눈보라 치는 밤 귀가하는 인물을 통해 최북 특유의 개성적이고 자유분방한 화풍을 보여줌,배경: 최북의 기이한 행적과 자유로운 예술가 정신을 배경으로 제작,,,1,한국미술사,작품,조선후기,회화;최북;지두화,2025B5
526,송하관수도,松下觀水圖,"윤제홍이 지두화로 그린 산수. 기발한 형태와 미세하게 떨리는 선, 뭉툭한 윤곽선이 특징",,의의: 간결한 필치와 여백으로 절파 화풍이 조선화된 조선 중기 산수인물화의 특징을 잘 보여줌,배경: 절파 화풍이 조선 중기 화단에 수용되며 안견파와 병행 발전하던 흐름을 배경으로 제작,,,1,한국미술사,작품,조선후기,회화;윤제홍;지두화,2025B5
527,인천안목길상여의,人天眼目吉祥如意,"김정희가 쓴 글씨로, 그가 묵란을 칠 때 강조한 서법의 조형미를 잘 보여 주는 작품",,의의: 선종 화두를 그림으로 형상화해 조선 후기 문인 지식층의 불교·선 사상에 대한 관심을 보여줌,"배경: 선종 화두집 인천안목의 내용을 소재로 문인화가가 그린 것으로, 유·불 교류 배경을 반영",,,1,한국미술사,작품,조선후기,서예;김정희,2025A3
528,어락도,魚樂圖,조석진이 물속을 헤엄치는 잉어를 그린 작품. 전통 화법에 서양화의 명암 표현이 더해짐,,의의: 물고기가 노니는 모습으로 자유로움과 여유를 상징적으로 표현한 조선 후기 화훼영모화의 한 갈래를 보여줌,배경: 문인들이 물고기의 자유로운 유영에 자신의 처세관을 투영하는 화제 전통을 배경으로 제작,,,1,한국미술사,작품,근대,회화;근대;조석진,2025A7
529,백악춘효도,白岳春曉圖,안중식이 경복궁과 백악산의 봄 새벽을 그린 작품. 국권 상실기의 심경을 상징적으로 담음,,의의: 근대적 사생 기법으로 경복궁 백악산 풍경을 그려 전통 산수화에서 근대적 풍경화로 이행하는 과도기를 보여줌,배경: 안중식이 조선총독부 청사 건립 직전 경복궁의 옛 모습을 기록하려는 의도로 제작,"안중식, 〈백악춘효도〉, 1915",https://commons.wikimedia.org/wiki/Special:FilePath/20975_%EC%95%88%EC%A4%91%EC%8B%9D_%EB%B0%B1%EC%95%85%EC%B6%98%ED%9A%A8.jpg?width=900,1,한국미술사,작품,근대,회화;근대;안중식,2025A7
530,윤두서 자화상,尹斗緖 自畵像,화폭 가득 정면을 응시하는 얼굴만을 그린 조선 후기 초상. 터럭 한 올까지 묘사한 극사실적 표현,,,,"윤두서, 〈자화상〉, 18세기 초",https://commons.wikimedia.org/wiki/Special:FilePath/Korea-National.Treasure-240-Yun.Duseo-Joseon-Private.jpg?width=800,2,한국미술사,작품,조선후기,초상화;윤두서,
531,강산무진도,江山無盡圖,이인문이 그린 대형 두루마리 산수. 끝없이 이어지는 산과 물을 파노라마로 전개,,,,"이인문, 〈강산무진도〉, 조선 후기 — 두루마리를 넷으로 나누어 폄",https://commons.wikimedia.org/wiki/Special:FilePath/Gangsanmujindo.jpg?width=900,2,한국미술사,작품,조선후기,회화;산수화,
532,파적도,破寂圖,김득신이 병아리를 물고 달아나는 들고양이와 놀란 부부를 그린 풍속화. 야묘도추라고도 함,,,,"김득신, 〈파적도(야묘도추)〉, 조선 후기",https://commons.wikimedia.org/wiki/Special:FilePath/Kim_Deuksin_-_Pajeokdo.jpg?width=900,2,한국미술사,작품,조선후기,회화;풍속화;김득신,
533,월매도,月梅圖,어몽룡이 곧게 솟구친 굵은 가지와 달을 배치해 그린 묵매. 조선 중기 묵매의 전형,,,,"어몽룡, 〈월매도〉, 조선 중기",https://commons.wikimedia.org/wiki/Special:FilePath/%EC%96%B4%EB%AA%BD%EB%A3%A1_%EC%9B%94%EB%A7%A4%EB%8F%84.jpg?width=900,2,한국미술사,작품,조선중기,회화;묵매;사군자,
534,영모화,翎毛畵,새의 깃털과 짐승의 털을 뜻하는 말에서 온 화목. 새·짐승을 소재로 한 그림을 이름,,,,,,1,한국미술사,개념,,화목;영모화,2026B7
535,화조화,花鳥畵,꽃과 새를 함께 그린 화목. 장식성과 길상의 의미를 지녀 궁중과 민간에서 두루 그려짐,,,,,,2,한국미술사,개념,,화목;화조화,
536,기록화,記錄畵,국가의 의례와 행사를 사실대로 기록하기 위해 그린 그림. 계회도·행렬도·의궤도 등이 속함,,,,,,2,한국미술사,개념,,화목;기록화,
537,어진,御眞,임금의 초상. 도화서 화원 중 뽑힌 전담 화사가 그렸으며 진전에 봉안하고 정기적으로 모사,,,,,,2,한국미술사,개념,,초상화;어진,
538,의궤,儀軌,조선 왕실의 주요 행사를 글과 그림으로 정리한 기록물. 반차도 등 시각 자료가 실림,,,,,,2,한국미술사,개념,,기록화;의궤,
539,세화,歲畵,새해에 재앙을 막고 복을 빌기 위해 궁중과 민간에서 그려 붙인 그림. 호랑이·닭·십장생 등이 소재,,,,,,1,한국미술사,개념,,민화;세화,2026A7
540,문자도,文字圖,효제충신 등 유교 덕목의 글자를 그림처럼 꾸민 민화. 글자 획 속에 상징 소재를 그려 넣음,,,,,,2,한국미술사,개념,조선후기,민화;문자도,
541,삼절,三絶,시·서·화 세 가지에 모두 뛰어난 경지 또는 그러한 인물을 이르는 말,,,,,,1,한국미술사,개념,,화론;문인화,2025B5
542,관념산수화,觀念山水畵,실제 경관이 아니라 화보와 옛 그림을 바탕으로 이상적 산수를 그린 그림. 진경산수화와 대비됨,,,,,,2,한국미술사,사조,,산수화;화론,
543,지두화,指頭畵,붓 대신 손가락과 손톱에 먹을 묻혀 그리는 기법. 붓으로는 얻기 어려운 거칠고 예리한 선이 나타남,,,,"고기패, 지두화",https://commons.wikimedia.org/wiki/Special:FilePath/Gao_Qipei_-_Finger_Painting%2C_from_an_album_of_ten_-_99.176.1_-_Minneapolis_Institute_of_Art.jpg?width=800,1,한국미술사,기법,조선후기,회화;지두화,2025B5
544,일필론,逸筆論,예찬의 화론. 얽매이지 않은 자유로운 붓질로 대상의 겉모습에 구애받지 않고 뜻을 드러낸다는 관점,,,,,,1,한국미술사,개념,,화론;문인화;예찬,2024A12
545,동국진체,東國眞體,조선 후기 옥동 이서에서 비롯해 이광사가 완성한 우리 고유의 서체. 중국 서풍에서 벗어나 자유롭고 활달한 필의를 추구,,,,,,1,한국미술사,개념,조선후기,서예;서체;이광사,2026B1
546,이광사,李匡師,조선 후기 서예가. 동국진체를 완성했으며 서예 이론서 『서결(書訣)』을 남김. 호는 원교(圓嶠),,"의의: 독자적 서체인 원교체를 확립, 조선 후기 서예의 개성적 흐름을 대표",배경: 당쟁으로 유배 생활을 하며 독자적 서예 세계를 심화,"이광사, 산수도",https://commons.wikimedia.org/wiki/Special:FilePath/Yi%20Gwang-sa%201.jpg?width=900,1,한국미술사,인물,조선후기,서예;이광사,2026B1
547,법첩,法帖,명필의 글씨를 돌이나 나무에 새겨 탁본해 엮은 서예 교본. 임서와 임모의 바탕이 됨,,,,,,1,한국미술사,개념,,서예;법첩,2026B1
548,현완법,懸腕法,팔꿈치를 책상에서 들어 팔이 지면과 나란하도록 유지하는 집필 자세. 큰 글씨와 사군자에 적합,,,,,,1,한국미술사,기법,,서예;집필법,2025A3
549,쌍구법,雙鉤法,엄지와 검지·중지 세 손가락으로 붓대를 쥐는 집필법. 안정된 필력을 얻을 수 있음,,,,,,1,한국미술사,기법,,서예;집필법,2025A3
550,김생,金生,통일신라의 서예가. 해동의 서성으로 불렸으며 글씨가 〈낭공대사비〉에 집자되어 전함,,,,,,2,한국미술사,인물,통일신라,서예,
551,한호,韓濩,조선 중기 서예가. 단정하고 힘 있는 해서로 국가 문서와 교본 글씨를 도맡음. 호는 석봉(石峯),,,,"한호(석봉), 〈천자문〉",https://commons.wikimedia.org/wiki/Special:FilePath/Han_Ho-Cheonjamun.jpg?width=900,2,한국미술사,인물,조선중기,서예,
552,안평대군,安平大君,조선 전기 왕자이자 서예가. 조맹부 송설체를 바탕으로 한 유려한 글씨로 이름 높음. 〈몽유도원도〉를 안견에게 그리게 함,,,,,,2,한국미술사,인물,조선전기,서예;몽유도원도,
553,광개토대왕릉비,廣開土大王陵碑,고구려 장수왕이 세운 비. 예서 계열의 웅건한 서체로 새겨져 우리 서예사의 출발점으로 평가,,,,"〈광개토대왕릉비〉 탁본, 고구려 414",https://commons.wikimedia.org/wiki/Special:FilePath/Gwanggaeto_stele_Mizutani_Rubbing05.jpg?width=900,2,한국미술사,작품,삼국,서예;고구려,
554,칠보,七寶,금속 바탕에 유리질 유약을 올려 구워 붙이는 공예. 색유리가 일곱 가지 보석처럼 빛난다는 뜻에서 온 이름,,,,"〈칠보 향로〉, 중국",https://commons.wikimedia.org/wiki/Special:FilePath/Cloisonn%C3%A9_Enamel_zun.jpg?width=800,1,한국미술사,기법,,공예;금속공예;칠보,2026A1
555,유선칠보,有線七寶,금속 바탕에 은선이나 금선으로 무늬의 윤곽을 세운 뒤 칸마다 다른 색 유약을 채워 구워 내는 칠보 기법,,,,유선칠보 제작 과정 — 선을 세우고 칸마다 유약을 채운다,https://commons.wikimedia.org/wiki/Special:FilePath/Demonstration_Set_of_Cloisonne_Technique_LACMA_M.91.251.3a-f.jpg?width=900,1,한국미술사,기법,,공예;칠보,2026A1
556,화각공예,華角工藝,쇠뿔을 얇게 갈아 투명하게 만든 뒤 뒷면에 채색하고 목기에 붙여 장식하는 우리 고유 공예,,,,"〈화각 상자〉, 조선",https://commons.wikimedia.org/wiki/Special:FilePath/Korea%2C_Joseon_dynasty_-_Box_with_Painted_Ox_Horn_-_1920.37_-_Cleveland_Museum_of_Art.tif?width=800,2,한국미술사,기법,조선후기,공예;화각,
557,백골,白骨,옻칠과 자개를 올리기 전 단계의 나무 등으로 짠 기물의 몸체. 나전칠기 제작의 바탕이 됨,,,,,,2,한국미술사,개념,,공예;나전칠기;옻칠,
558,줄음질,,자개를 무늬 모양대로 실톱이나 가위로 오려 붙이는 나전 기법. 꽃·넝쿨 같은 회화적 무늬에 적합,,,,"나전 탁자, 원",https://commons.wikimedia.org/wiki/Special:FilePath/Table%2C_China%2C_Yuan_dynasty%2C_14th_century%2C_Lacquered_wood%2C_mother-of-pearl.jpg?width=800,2,한국미술사,기법,,공예;나전칠기,
559,끊음질,,자개를 실처럼 가늘게 자른 상사를 끊어 가며 붙이는 나전 기법. 기하학적 무늬와 선묘에 적합,,,,,,2,한국미술사,기법,,공예;나전칠기,
560,사방탁자,四方卓子,네 기둥과 층널로만 짜 사방이 트인 조선 목가구. 간결한 비례와 나뭇결의 자연미가 특징,,,,,,2,한국미술사,작품,조선후기,공예;목공예,
561,반닫이,,앞판 위쪽 절반을 문짝으로 열게 만든 조선의 수납 가구. 지역마다 형태와 금속 장식이 다름,,,,"〈전주 반닫이〉, 조선 19세기 말",https://commons.wikimedia.org/wiki/Special:FilePath/Korean_storage_chest_%28chonju_bandaji%29%2C_late_19th_century%2C_elm%2C_oak%2C_pine_and_metal%2C_HAA.JPG?width=900,2,한국미술사,작품,조선후기,공예;목공예,
562,소반,小盤,음식을 나르고 받치는 작은 상. 산지에 따라 나주반·통영반·해주반 등으로 나뉨,,,,,,2,한국미술사,작품,조선후기,공예;목공예,
563,발염,拔染,이미 진하게 염색된 직물에서 약제로 색을 빼내어 무늬를 나타내는 염색 기법,,,,,,1,한국미술사,기법,,공예;염색,2024B1
564,방염,防染,염료가 스미지 못하도록 밀랍이나 풀로 막은 뒤 염색해 무늬를 얻는 기법. 홀치기·납염 등,,,,밀랍으로 막고 물들이는 과정,https://commons.wikimedia.org/wiki/Special:FilePath/Batik_Trusmi_Cirebon_%2836%29.jpg?width=800,2,한국미술사,기법,,공예;염색,
565,조각보,,자투리 천을 이어 붙여 만든 보자기. 면 분할과 색 대비가 현대 추상 회화에 비견됨,,,,"〈조각보〉, 조선",https://commons.wikimedia.org/wiki/Special:FilePath/%EC%A1%B0%EA%B0%81%EB%B3%B4-Patchwork_wrapping_cloth_%28jogakbo%29_MET_DP158239.jpg?width=900,2,한국미술사,작품,조선후기,공예;섬유,
566,사리장엄구,舍利莊嚴具,부처의 사리를 봉안하기 위해 탑 안에 넣은 일습의 용기와 공양물. 당대 최고 수준의 금속공예,,,,,,2,한국미술사,개념,,공예;금속공예;불교미술,
567,수월관음도,水月觀音圖,고려불화의 대표 화목. 물가 바위에 앉은 관음보살과 이를 찾아온 선재동자를 그림. 투명한 사라와 배채법이 특징,,"의의: 화려한 문양과 섬세한 필선으로 고려불화의 격조 높은 예술성을 대표, 현존작 다수가 일본에 소장되어 있음",배경: 관음 신앙에 따라 극락왕생을 기원하며 왕실·권문세족의 발원으로 제작,"〈수월관음도〉, 고려",https://commons.wikimedia.org/wiki/Special:FilePath/Korea-Goryeo-Suweol.Gwaneumdo-Guimet.jpg?width=900,1,한국미술사,작품,고려,불교미술;고려불화;배채법,2026A2
568,탱화,幀畵,벽이나 불단 뒤에 거는 불교 그림. 예배 대상으로서 존상을 중심에 크게 배치,,,,,,1,한국미술사,개념,,불교미술;탱화,2026A2
569,괘불,掛佛,야외 법회 때 걸기 위해 제작한 대형 불화. 접어 보관하다 마당에 세워 걺,,,,,,2,한국미술사,개념,조선후기,불교미술;괘불,
570,감로도,甘露圖,죽은 이의 천도를 위해 그린 불화. 화면 아래에 당대의 생활상과 죽음의 장면이 다양하게 묘사됨,,,,,,2,한국미술사,개념,조선후기,불교미술,
571,사경,寫經,불경을 옮겨 쓴 것. 감지에 금·은니로 쓰고 앞머리에 변상도를 그려 장엄함,,,,,,2,한국미술사,개념,고려,불교미술;사경,
572,승탑,僧塔,고승의 사리를 봉안한 탑. 부도라고도 하며 통일신라 말 팔각원당형이 성립,,,,,,2,한국미술사,개념,통일신라,불교미술;탑,
573,석등,石燈,불전 앞에 불을 밝히기 위해 세운 석조물. 하대석·간주석·화사석·옥개석으로 구성,,,,,,2,한국미술사,개념,,불교미술;석조,
574,당간지주,幢竿支柱,사찰 입구에서 깃발을 매단 당간을 양옆에서 지탱하던 한 쌍의 돌기둥,,,,,,2,한국미술사,개념,,불교미술;석조,
575,마애불,磨崖佛,자연 암벽에 새긴 불상. 바위의 형상과 결을 살려 조성,,,,,,2,한국미술사,개념,,불교미술;불상,
576,철불,鐵佛,무쇠를 주조해 만든 불상. 통일신라 말에서 고려 초에 지방 호족의 후원으로 크게 유행,,,,,,2,한국미술사,개념,고려,불교미술;불상,
577,적석목곽분,積石木槨墳,신라의 무덤 양식. 나무 덧널 위에 돌을 쌓고 흙을 덮음. 도굴이 어려워 부장품이 온전히 남음,,,,,,1,한국미술사,개념,삼국,고분;신라,2025B2
578,석실봉토분,石室封土墳,돌로 널방을 짜고 흙을 덮은 무덤. 고구려·백제에서 발달했으며 널방 벽에 벽화를 그릴 수 있음,,,,,,1,한국미술사,개념,삼국,고분;고구려;벽화,2025B2
579,전형 양식,典型樣式,통일신라 석탑의 기본 형식. 방형 이중 기단 위에 3층 탑신을 올리고 지붕돌 밑에 층급 받침을 둠,,,,,,1,한국미술사,개념,통일신라,탑;석탑,2024A11
580,이형 석탑,異形石塔,"전형 양식에서 벗어나 층수·평면·부재가 파격적인 석탑. 다보탑, 화엄사 사사자 삼층석탑 등",,,,,,1,한국미술사,개념,통일신라,탑;석탑,2024A11
581,화엄사 사사자 삼층석탑,華嚴寺 四獅子 三層石塔,기단 네 모서리에 사자를 세우고 가운데 인물상을 둔 통일신라 이형 석탑,,의의: 네 마리 사자가 탑신을 받치는 독창적 구조로 통일신라 이형 석탑의 걸작으로 평가됨,배경: 화엄 사상과 효 사상(사자 안의 스님상이 어머니를 위해 공양하는 형상)이 결합해 조성,"〈화엄사 사사자 삼층석탑〉, 통일신라",https://commons.wikimedia.org/wiki/Special:FilePath/Korea-Mountain-Jirisan-Hwaeomsa-05.jpg?width=900,1,한국미술사,작품,통일신라,탑;석탑;이형,2024A11
582,무구정광대다라니경,無垢淨光大陀羅尼經,불국사 삼층석탑에서 발견된 두루마리 경전. 현존 세계 최고(最古)의 목판 인쇄물,,의의: 현존 세계 최고(最古)의 목판 인쇄물로 통일신라 인쇄술의 높은 수준을 증명,"배경: 불국사 석가탑 보수 중 사리장엄구에서 발견, 무병장수와 재앙 소멸을 기원하는 다라니 신앙을 배경으로 제작","〈무구정광대다라니경〉(복제), 통일신라 8세기",https://commons.wikimedia.org/wiki/Special:FilePath/Mugujeonggwang_daedaranigyeong_%28replica%2C_Great_Dharani_Sutra_of_Immaculate_and_Pure_Light%29%2C_8th_century_woodblock_print_-_Korean_Culture_Museum%2C_Incheon_Airport%2C_Seoul%2C_South_Korea_-_DSC00801.JPG?width=900,1,한국미술사,작품,통일신라,불교미술;인쇄,2024A11
583,순청자,純靑磁,무늬 없이 유약의 빛깔과 기형만으로 승부하는 초기 고려청자. 비색이 특히 상찬됨,,,,,,2,한국미술사,개념,고려,도자;청자,
584,상형청자,象形靑磁,동물·식물 등의 형상을 그대로 본떠 빚은 청자. 사자향로·주자 등이 대표,,,,,,2,한국미술사,개념,고려,도자;청자,
585,회회청,回回靑,청화백자에 쓰인 코발트 안료. 서역에서 수입해 매우 귀했으며 조선 후기에는 국산 토청을 씀,,,,,,2,한국미술사,개념,조선전기,도자;백자;청화,
586,환원염 번조,還元焰燔造,가마 안 산소를 줄여 불완전 연소시키는 번조법. 청자의 푸른빛과 백자의 흰빛을 얻는 데 쓰임,,,,,,2,한국미술사,기법,,도자;번조,
587,연질백자,軟質白磁,비교적 낮은 온도에서 구워 태토가 무르고 유색이 부드러운 백자. 조선 전기에 많이 제작,,,,,,1,한국미술사,개념,조선전기,도자;백자,2026B9
588,경질백자,硬質白磁,높은 온도에서 구워 태토가 치밀하고 단단한 백자. 조선 후기 분원 백자에서 두드러짐,,,,,,1,한국미술사,개념,조선후기,도자;백자,2026B9
589,익공 양식,翼工樣式,기둥 위에 새 날개 모양 부재를 끼워 짠 조선의 간결한 공포 형식. 향교·서원 등에 많이 쓰임,,,,,,2,한국미술사,개념,조선전기,건축;공포,
590,팔작지붕,,맞배지붕 위에 우진각을 얹은 듯한 형태의 지붕. 곡선이 화려해 궁궐과 주요 전각에 쓰임,,,,,,2,한국미술사,개념,,건축;지붕,
591,맞배지붕,,앞뒤 두 면으로만 이루어진 가장 간결한 지붕. 측면에 풍판을 달며 주심포 건물에 많음,,,,,,2,한국미술사,개념,,건축;지붕,
592,온돌,溫突,아궁이의 열기를 방바닥 밑 구들로 통과시켜 난방하는 우리 고유의 방식. 좌식 생활문화를 낳음,,,,,,2,한국미술사,개념,,건축;주거,
593,수원 화성,水原華城,정조 때 축조한 성곽. 거중기 등 새 기술과 실용적 설계가 적용되었고 『화성성역의궤』에 기록이 남음,,,,"〈수원 화성〉 장안문, 조선 1796",https://commons.wikimedia.org/wiki/Special:FilePath/Hwaseong.Fortress-Janganmun.01.jpg?width=900,2,한국미술사,작품,조선후기,건축;성곽;의궤,
594,종묘 정전,宗廟正殿,역대 왕의 신주를 모신 사당. 옆으로 길게 반복되는 열주와 절제된 형태가 장엄미를 이룸,,,,〈종묘 정전〉 — 옆으로 길게 반복되는 열주,https://commons.wikimedia.org/wiki/Special:FilePath/Jeongjeon%2C_Jongmyo_%28Summer%2C_2013%29.jpg?width=900,2,한국미술사,작품,조선전기,건축;궁궐,
595,도산서원,陶山書院,이황이 세운 서당에서 비롯한 서원. 강학 공간과 제향 공간이 위계에 따라 배치됨,,,,"〈도산서원〉, 안동",https://commons.wikimedia.org/wiki/Special:FilePath/Korea-andong-Dosan_Seowon_2988-06.JPG?width=900,2,한국미술사,작품,조선중기,건축;서원,
596,조석진,趙錫晉,근대 화가. 장승업에게 배웠고 안중식과 함께 서화미술회를 이끌며 후진을 양성,,"의의: 안중식과 함께 서화미술회를 통해 전통 화법을 근대 화단에 전수, 근대 한국화 세대 육성에 기여",배경: 조선 왕실 도화서 화원 출신으로 전통 화맥을 근대까지 이어줌,"채용신·조석진 등, 〈영조 어진〉(모사), 1900",https://commons.wikimedia.org/wiki/Special:FilePath/Portrait%20of%20King%20Yeongjo%20-%20Chae%20Yong%20Shin%20%28%E8%94%A1%E9%BE%8D%E8%87%A3%201850-1941%29%20Cho%20Seok-jin%20%28%E8%B6%99%E9%8C%AB%E6%99%89%201853-1920%29%20et%20%28cropped%29.jpg?width=900,1,한국미술사,인물,근대,회화;근대;조석진,2025A7
597,안중식,安中植,근대 화가. 전통 화법을 잇는 한편 근대화를 모색했으며 서화협회 결성에 참여,,의의: 전통 화법을 근대 화단에 계승해 이상범·노수현 등 근대 한국화 1세대를 길러냄,배경: 조석진과 함께 서화미술회를 이끌며 전통과 근대의 과도기 화단을 지탱,"안중식, 〈백악춘효도〉, 1915",https://commons.wikimedia.org/wiki/Special:FilePath/20975_%EC%95%88%EC%A4%91%EC%8B%9D_%EB%B0%B1%EC%95%85%EC%B6%98%ED%9A%A8.jpg?width=900,1,한국미술사,인물,근대,회화;근대;안중식,2025A7
598,서화미술회,書畵美術會,1911년 설립된 근대적 미술 교육 기관. 조석진·안중식이 지도해 이상범·김은호 등을 배출,,,,,,2,한국미술사,개념,근대,근대;미술교육;미술단체,
599,이상범,李象範,근대 한국화가. 나지막한 야산과 들녘을 짧고 잔 붓질로 그린 향토적 실경 산수를 이룸. 호는 청전(靑田),,,,,,2,한국미술사,인물,근현대,회화;한국화,
600,변관식,卞寬植,근대 한국화가. 짙은 먹을 겹쳐 쌓는 적묵과 파격적 구도로 금강산 실경을 그림. 호는 소정(小亭),,,,,,2,한국미술사,인물,근현대,회화;한국화;적묵법,
601,김은호,金殷鎬,근대 화가. 세밀한 채색 인물화와 미인도로 이름을 알렸으며 어진 제작에도 참여. 호는 이당(以堂),,,,,,2,한국미술사,인물,근현대,회화;한국화;초상,
602,실험미술,實驗美術,1960~70년대 한국에서 해프닝·오브제·설치 등으로 기성 미술 제도와 형식에 도전한 흐름,,,,,,2,한국미술사,사조,현대,한국현대;실험미술,
603,색상환,色相環,색상을 원형으로 배열한 것. 먼셀은 기본 5색에 중간색을 더해 10색·20색으로 나눔,,,,먼셀 12색상환,diagrams/color-wheel.svg,2,표현기법,원리,,색채학;색상환,
604,색입체,色立體,"색의 삼속성을 3차원으로 배열한 입체. 수직축이 명도, 원주 방향이 색상, 중심에서 바깥으로 채도",,,,,,2,표현기법,원리,,색채학;색입체,
605,현색계,顯色系,실제 색표를 만들어 번호를 붙이고 눈으로 비교해 색을 지정하는 표색 체계. 먼셀·오스트발트가 대표,,,,,,1,표현기법,개념,,색채학;표색계,2026A5
606,혼색계,混色系,빛의 혼합을 물리적으로 측정해 수치로 색을 규정하는 표색 체계. CIE 표색계가 대표,,,,,,1,표현기법,개념,,색채학;표색계,2026A5
607,가산혼합,加算混合,빛을 겹칠수록 밝아지는 혼합. 빨강·초록·파랑이 삼원색이며 모두 더하면 흰빛,,,,빛은 겹칠수록 밝아진다,diagrams/mix-additive.svg,2,표현기법,원리,,색채학;혼색,
608,감산혼합,減算混合,물감을 섞을수록 어두워지는 혼합. 시안·마젠타·노랑이 삼원색이며 섞을수록 명도와 채도가 떨어짐,,,,물감은 겹칠수록 어두워진다,diagrams/mix-subtractive.svg,2,표현기법,원리,,색채학;혼색,
609,중간혼합,中間混合,혼합 결과가 원래 색들의 평균 명도로 지각되는 혼합. 병치혼합과 회전혼합이 이에 속함,,,,,,2,표현기법,원리,,색채학;혼색,
610,병치혼합,竝置混合,작은 색점이나 선을 나란히 놓아 망막에서 섞여 보이게 하는 혼합. 명도 저하 없이 선명한 색을 얻음,,,,나란한 색이 눈에서 섞인다,diagrams/mix-juxtapose.svg,2,표현기법,원리,,색채학;혼색;점묘법,
611,회전혼합,回轉混合,색을 칠한 원판을 빠르게 돌려 하나의 색으로 보이게 하는 혼합. 결과는 명도의 평균값,,,,,,2,표현기법,원리,,색채학;혼색,
612,색상대비,色相對比,서로 다른 색상이 인접했을 때 색상 차이가 더 크게 느껴지는 대비,,,,같은 주황이 바탕 색상에 따라 치우쳐 보인다,diagrams/contrast-hue.svg,2,표현기법,원리,,색채학;대비,
613,명도대비,明度對比,"같은 색이라도 밝은 바탕에서는 어둡게, 어두운 바탕에서는 밝게 보이는 대비",,,,같은 회색이 바탕에 따라 달라 보인다,diagrams/contrast-value.svg,2,표현기법,원리,,색채학;대비,
614,채도대비,彩度對比,"같은 색이 탁한 바탕에서는 더 선명하게, 선명한 바탕에서는 더 탁하게 보이는 대비",,,,같은 색이 선명한 바탕에서 탁해 보인다,diagrams/contrast-chroma.svg,2,표현기법,원리,,색채학;대비,
615,보색대비,補色對比,색상환에서 마주 보는 두 색이 인접했을 때 서로의 채도가 더욱 높아 보이는 대비,,,,마주 보는 두 색이 서로의 채도를 높인다,diagrams/contrast-comp.svg,2,표현기법,원리,,색채학;대비,
616,한난대비,寒暖對比,따뜻한 색과 차가운 색이 인접했을 때 온도감의 차이가 강조되는 대비,,,,난색과 한색이 맞닿아 온도감이 강조된다,diagrams/contrast-temp.svg,2,표현기법,원리,,색채학;대비,
617,동일배색,,같은 색상 안에서 명도와 채도만 달리해 배열하는 배색. 통일감이 크고 안정적,,,,한 색상 안에서 명도·채도만 바꾼다,diagrams/scheme-mono.svg,2,표현기법,개념,,색채학;배색,
618,유사배색,類似配色,색상환에서 가까이 있는 색끼리 조합하는 배색. 조화롭고 부드러운 느낌,,,,색상환에서 이웃한 색끼리,diagrams/scheme-analog.svg,2,표현기법,개념,,색채학;배색,
619,반대배색,反對配色,색상환에서 멀리 떨어진 색이나 보색을 조합하는 배색. 강한 대비와 활력을 줌,,,,색상환에서 멀리 떨어진 색끼리,diagrams/scheme-contrast.svg,2,표현기법,개념,,색채학;배색,
620,연속배색,連續配色,색상·명도·채도를 단계적으로 변화시켜 늘어놓는 배색. 무지개나 스펙트럼처럼 점진적 흐름을 만듦,,,,단계가 이어져 흐름이 생긴다,diagrams/scheme-gradation.svg,1,표현기법,개념,,색채학;배색;그라데이션,2025A8
621,분리배색,分離配色,맞닿은 두 색 사이에 무채색 등 분리색을 끼워 넣는 배색. 대비를 완화하거나 모호한 경계를 또렷하게 함. 스테인드글라스의 납선이 대표,,,,사이에 무채색을 끼워 넣는다,diagrams/scheme-separation.svg,1,표현기법,개념,,색채학;배색,2025A8
622,강조배색,强調配色,전체 색조와 뚜렷이 대비되는 색을 작은 면적에 넣어 초점을 만드는 배색. 액센트 배색,,,,작은 면적의 선명한 색이 초점이 된다,diagrams/scheme-accent.svg,2,표현기법,개념,,색채학;배색,
623,톤온톤 배색,tone on tone,같은 색상 계열에서 명도 차를 크게 두어 조합하는 배색. 차분하면서 정돈된 느낌,,,,"같은 색상, 명도 차를 크게",diagrams/scheme-tone-on-tone.svg,2,표현기법,개념,,색채학;배색;톤,
624,톤인톤 배색,tone in tone,명도와 채도는 비슷하게 유지하고 색상만 달리하는 배색. 톤의 통일로 안정감을 줌,,,,색상은 달라도 톤을 통일한다,diagrams/scheme-tone-in-tone.svg,2,표현기법,개념,,색채학;배색;톤,
625,톤,tone,명도와 채도를 함께 묶어 나타낸 색의 조자. 비비드·페일·다크 등으로 구분,,,,같은 색상도 톤에 따라 인상이 달라진다,diagrams/scheme-tone.svg,2,표현기법,개념,,색채학;톤,
626,색의 진출과 후퇴,,"따뜻하고 밝고 선명한 색은 앞으로 나와 보이고, 차갑고 어둡고 탁한 색은 뒤로 물러나 보이는 현상",,,,,,2,표현기법,원리,,색채학;색채심리,
627,색의 팽창과 수축,,"밝고 따뜻한 색은 실제보다 커 보이고, 어둡고 차가운 색은 작아 보이는 현상",,,,,,2,표현기법,원리,,색채학;색채심리,
628,색의 온도감,,"색에서 느껴지는 따뜻함과 차가움. 빨강·주황은 난색, 파랑·청록은 한색, 녹색·자주는 중성색",,,,,,2,표현기법,원리,,색채학;색채심리,
629,색의 중량감,,색에서 느껴지는 무게. 주로 명도에 좌우되어 밝은 색은 가볍고 어두운 색은 무겁게 느껴짐,,,,,,2,표현기법,원리,,색채학;색채심리,
630,명시성,明視性,두 색을 배색했을 때 멀리서도 잘 보이는 정도. 명도 차가 클수록 높아짐. 가시성이라고도 함,,,,,,2,표현기법,원리,,색채학;시인성,
631,주목성,注目性,색 자체가 사람의 시선을 끄는 정도. 고채도의 난색이 높음,,,,,,2,표현기법,원리,,색채학;시인성,
632,푸르킨예 현상,Purkinje,"어두워질수록 장파장인 붉은 색은 어둡게, 단파장인 푸른 색은 상대적으로 밝게 보이는 현상",,,,,,2,표현기법,원리,,색채학;색채지각,
633,색의 항상성,色恒常性,조명이 달라져도 물체의 색을 원래 색으로 지각하려는 경향,,,,,,2,표현기법,원리,,색채학;색채지각,
634,문·스펜서 색채조화론,Moon & Spencer,"색채 조화를 색입체상의 기하학적 관계로 수치화한 이론. 동등·유사·대비는 조화, 제1·제2 불명료는 부조화",,,,,,2,표현기법,원리,,색채학;색채조화,
635,이텐의 색채조화론,J. Itten,색상환의 기하학적 배치로 조화를 설명한 이론. 다이애드·트라이애드·테트라드 등,,,,,,2,표현기법,원리,,색채학;색채조화;바우하우스,
636,슈브뢸,M. Chevreul,프랑스 화학자. 인접한 색이 서로 영향을 주는 동시대비 법칙을 정리해 신인상주의에 영향을 줌,,의의: 색의 동시대비 법칙을 규명해 회화·직물 디자인의 배색 이론과 신인상주의 점묘법의 이론적 토대를 제공,배경: 고블랭 태피스트리 공장의 염색 감독으로 일하며 색이 이웃한 색에 따라 다르게 보이는 현상을 연구,미셸 외젠 슈브뢸 초상,https://commons.wikimedia.org/wiki/Special:FilePath/Portrait_of_Michel-Eugene_Chevreul._Wellcome_M0011304.jpg?width=900,1,표현기법,인물,,색채학;색채조화,2025A8
637,루드,O. Rood,미국 물리학자. 『현대 색채학』에서 병치혼합과 색채 대비를 설명해 쇠라 등에게 영향을 줌,,의의: 색광 혼합과 병치 대비를 물리학적으로 설명해 쇠라의 점묘법 등 신인상주의 색채 이론의 과학적 근거를 제공,배경: 미국 물리학자로서 색채를 예술가에게 과학적으로 설명하고자 『현대 색채학』을 저술,,,1,표현기법,인물,,색채학;혼색,2025A8
638,안전색채,安全色彩,"위험·금지·지시 등을 빠르게 알리기 위해 국제적으로 약속한 색. 빨강은 금지·소방, 노랑은 경고",,,,,,2,표현기법,개념,,색채학;색채계획,
639,오방색,五方色,음양오행에 따른 우리 전통의 다섯 정색. 청·적·황·백·흑이며 각각 방위와 계절을 상징,,,,,,2,표현기법,개념,,색채학;전통색;단청,
640,근접성의 원리,,서로 가까이 놓인 요소들이 한 무리로 묶여 지각되는 게슈탈트 원리,,,,가까이 놓인 것끼리 묶여 세 덩어리로 보인다,diagrams/gestalt-proximity.svg,2,표현기법,원리,,디자인;시지각;게슈탈트,
641,유사성의 원리,,형태·색·크기·방향이 비슷한 요소끼리 한 무리로 묶여 지각되는 게슈탈트 원리,,,,같은 모양끼리 묶여 세로 열로 보인다,diagrams/gestalt-similarity.svg,2,표현기법,원리,,디자인;시지각;게슈탈트,
642,폐쇄성의 원리,,윤곽이 끊겨 있어도 닫힌 형태로 메워서 지각하는 게슈탈트 원리,,,,끊겨 있어도 원과 사각형으로 메워 본다,diagrams/gestalt-closure.svg,2,표현기법,원리,,디자인;시지각;게슈탈트,
643,연속성의 원리,,한 방향으로 이어지는 요소들을 끊긴 것이 아니라 계속되는 흐름으로 지각하는 원리,,,,교차해도 이어지는 흐름으로 본다,diagrams/gestalt-continuity.svg,2,표현기법,원리,,디자인;시지각;게슈탈트,
644,도형과 바탕,figure-ground,화면을 앞으로 나온 도형과 뒤로 물러난 바탕으로 나누어 지각하는 것. 루빈의 잔처럼 반전되기도 함,,,,루빈의 잔 — 잔과 두 옆얼굴이 번갈아 보인다,diagrams/figure-ground.svg,2,표현기법,원리,,디자인;시지각;게슈탈트,
645,반전 도형,反轉圖形,도형과 바탕이 번갈아 뒤바뀌어 보이는 다의적 형태. 루빈의 잔이 대표,,,,루빈의 잔,diagrams/figure-ground.svg,2,표현기법,개념,,디자인;시지각;착시,
646,프래그난츠의 법칙,Praegnanz,자극을 가장 단순하고 안정된 형태로 지각하려는 경향. 게슈탈트 원리를 아우르는 상위 법칙,,,,가장 단순하고 안정된 형태로 지각한다,diagrams/pragnanz.svg,2,표현기법,원리,,디자인;시지각;게슈탈트,
647,그리드,grid,화면을 일정한 단으로 나누어 요소를 규칙적으로 배치하는 편집 디자인의 구조 틀,,,,단으로 나눈 편집 구조,diagrams/grid.svg,2,표현기법,개념,,디자인;편집디자인,
648,레이아웃,layout,글과 그림 등 시각 요소를 지면에 배열하는 일. 가독성과 시선 흐름을 결정,,,,"같은 요소, 다른 배열",diagrams/layout.svg,2,표현기법,개념,,디자인;편집디자인,
649,시각적 위계,視覺的位階,크기·색·위치의 차이로 정보의 중요도 순서를 눈에 보이게 만드는 원리,,,,위계가 없을 때와 있을 때,diagrams/hierarchy.svg,2,표현기법,원리,,디자인;편집디자인,
650,UX 디자인,User Experience,제품과 서비스를 쓰는 과정에서 사용자가 겪는 경험 전체를 설계하는 일. 사용자 조사에서 출발,,,,,,1,표현기법,개념,,디자인;UX,2024A10
651,UI 디자인,User Interface,사용자와 시스템이 만나는 화면과 조작 요소를 설계하는 일. UX의 하위 영역,,,,,,2,표현기법,개념,,디자인;UX,
652,페르소나,persona,실제 리서치 데이터를 바탕으로 만든 가상의 대표 사용자. 사용자 관점에서 설계하도록 돕는 도구,,,,,,1,표현기법,개념,,디자인;UX,2024A10
653,프로토타이핑,prototyping,완성 전에 시제품을 만들어 검증하고 개선하는 과정. 종이 프로토타입과 디지털 프로토타입이 있음,,,,,,1,표현기법,개념,,디자인;UX,2024A10
654,어포던스,affordance,사물의 형태가 어떻게 쓰는 것인지를 스스로 알려 주는 성질. 손잡이 모양이 당김을 유도하는 것 등,,,,당기는 손잡이와 미는 판,diagrams/affordance.svg,2,표현기법,개념,,디자인;UX,
655,힉의 법칙,Hick,선택지의 수가 늘어날수록 결정에 걸리는 시간이 길어진다는 법칙. 메뉴를 단순화하는 근거,,,,선택지의 수와 결정 시간,diagrams/hick.svg,1,표현기법,원리,,디자인;UX;인터랙션,2026B3
656,피츠의 법칙,Fitts,목표물이 크고 가까울수록 그것을 가리키는 데 걸리는 시간이 짧아진다는 법칙. 버튼 크기 설계의 근거,,,,목표의 크기·거리와 소요 시간,diagrams/fitts.svg,1,표현기법,원리,,디자인;UX;인터랙션,2026B3
657,인터랙션 디자인,interaction design,사람과 제품 사이에 일어나는 상호작용의 방식과 흐름을 설계하는 분야,,,,,,1,표현기법,개념,,디자인;UX;인터랙션,2026B3
658,빌 모그리지,B. Moggridge,영국 디자이너. 최초의 노트북 그리드 컴패스를 설계하고 인터랙션 디자인 개념을 제창,,의의: 사람과 기계가 상호작용하는 방식을 디자인 대상으로 삼아 상호작용 디자인(UX 디자인) 분야를 개척,배경: 초기 노트북(그리드 컴퍼스) 디자인 경험을 통해 소프트웨어·인터페이스 디자인의 필요성을 절감,"모그리지, 〈그리드 컴패스〉 — 최초의 접이식 노트북",https://commons.wikimedia.org/wiki/Special:FilePath/Grid_Compass_II_1139.jpg?width=900,1,표현기법,인물,,디자인;UX;인터랙션,2026B3
659,적정기술,適正技術,그 지역의 환경과 경제 수준에 맞는 소박하고 값싼 기술. 슈마허가 『작은 것이 아름답다』에서 제시,,,,,,1,표현기법,개념,,디자인;적정기술;사회적디자인,2025B8
660,빅터 파파넥,V. Papanek,디자이너·이론가. 『인간을 위한 디자인』에서 상업주의를 비판하고 사회적 책임을 강조. 〈깡통 라디오〉가 대표작,,의의: 상위 10%가 아닌 빈곤층·장애인·저개발국을 위한 디자인의 사회적 책임을 주창해 지속가능·유니버설 디자인 개념의 토대를 놓음,배경: 대량생산·소비 중심 산업디자인이 환경과 사회적 약자를 소외시킨다는 문제의식에서 저술 활동,,,1,표현기법,인물,,디자인;적정기술;사회적디자인,2025B8
661,슈마허,E. Schumacher,경제학자. 『작은 것이 아름답다』에서 거대 기술 대신 인간 규모의 중간 기술을 주장,,의의: 거대 기술·중앙집중 생산 대신 인간적 규모의 적정기술을 주창해 지속가능 디자인·개발도상국 원조 방식에 영향,배경: 『작은 것이 아름답다』에서 대량생산 중심 경제 성장 모델의 한계를 지적하며 주창,,,1,표현기법,인물,,디자인;적정기술,2025B8
662,공공디자인,公共디자인,공공 공간과 시설물을 모두가 안전하고 편리하게 이용하도록 설계하는 분야,,,,,,2,표현기법,개념,,디자인;공공디자인,
663,환경디자인,環境디자인,건축·조경·도시 등 인간을 둘러싼 환경 전체를 대상으로 하는 디자인 영역,,,,,,2,표현기법,개념,,디자인;환경디자인,
664,패키지 디자인,package design,상품을 보호하고 정보를 전달하며 구매를 유도하는 포장 디자인,,,,,,2,표현기법,개념,,디자인;시각디자인,
665,데 스틸,De Stijl,"1917년 네덜란드에서 일어난 조형 운동. 수직·수평과 삼원색, 무채색만으로 보편적 조형을 추구. 몬드리안·리트벨트",,,,"리트벨트, 〈적청 의자〉, 1918",https://commons.wikimedia.org/wiki/Special:FilePath/Gerrit_rietveld%2C_red_and_blue_chair%2C_1918_%281925%29.jpg?width=900,2,표현기법,사조,,디자인;근대디자인;추상,
666,러시아 구성주의,Constructivism,혁명기 러시아에서 일어난 운동. 예술을 사회 건설의 도구로 보고 기하학적 형태와 산업 재료를 사용,,,,"리시츠키, 〈붉은 쐐기로 백군을 쳐라〉, 1919",https://commons.wikimedia.org/wiki/Special:FilePath/Beat_the_Whites_with_the_Red_Wedge.jpg?width=900,2,표현기법,사조,,디자인;근대디자인,
667,울름 조형대학,HfG Ulm,전후 독일에서 바우하우스의 이념을 이어받아 세워진 디자인 학교. 과학적·체계적 방법론을 강조,,,,,,2,표현기법,개념,,디자인;디자인교육;바우하우스,
668,디터 람스,D. Rams,독일 디자이너. 브라운의 제품을 설계하고 좋은 디자인의 열 가지 원칙을 제시. 적을수록 좋다,,,,"람스·구겔로트, 브라운 〈SK4〉, 1956 — 백설공주의 관",https://commons.wikimedia.org/wiki/Special:FilePath/1956_Braun_Phonosuper_SK4_Schneewittchensarg.JPG?width=900,2,표현기법,인물,,디자인;제품디자인,
669,굿 디자인,good design,기능·심미성·경제성·안전성 등을 두루 갖춘 디자인. 각국의 선정 제도로 운영됨,,,,,,2,표현기법,개념,,디자인;디자인평가,
670,지속가능 디자인,sustainable design,자원 순환과 환경 부하를 고려해 제품의 생애 전체를 설계하는 관점,,,,,,2,표현기법,개념,,디자인;지속가능성,
671,아이소타이프,Isotype,노이라트가 개발한 그림 통계 언어. 통계를 그림 기호의 반복으로 나타내 문자 없이 전달,,,,그림 기호의 개수로 양을 나타낸다,diagrams/isotype.svg,2,표현기법,개념,,디자인;시각디자인;픽토그램,
672,비디오 아트,video art,텔레비전과 비디오를 표현 매체로 삼는 미술. 백남준·나우만·빌 비올라 등이 전개,,,,,,2,서양미술사,사조,현대,현대미술;매체;비디오,
673,미디어 아트,media art,영상·컴퓨터·네트워크 등 당대의 기술 매체를 재료로 삼는 미술의 총칭,,,,,,2,서양미술사,사조,현대,현대미술;매체,
674,브루스 나우만,B. Nauman,미국 작가. 자신의 스튜디오에서 행한 신체 행위를 비디오로 기록하며 신체와 언어의 가능성을 탐구,,,,,,2,서양미술사,인물,현대,현대미술;매체;비디오,
675,프로젝션 매핑,projection mapping,건물이나 사물의 굴곡에 맞추어 영상을 투사해 표면 자체가 변하는 듯한 착시를 만드는 기법,,,,건물 외벽에 영상을 투사한 프로젝션 매핑,https://commons.wikimedia.org/wiki/Special:FilePath/Mapping_a_l%27Hospital_de_Sant_Pau_-_1_de_gener_2015_-_006.JPG?width=900,1,서양미술사,기법,현대,현대미술;매체;영상,2026A6
676,미디어 파사드,media facade,건물 외벽을 디스플레이로 삼아 영상과 빛을 표출하는 매체 형식,,,,,,1,서양미술사,개념,현대,현대미술;매체;영상,2026A6
677,증강현실,AR,현실 공간에 디지털 정보를 겹쳐 보여 주는 기술. 관람자의 실제 환경을 작품에 끌어들임,,,,,,1,서양미술사,개념,현대,현대미술;매체;디지털,2026A6
678,가상현실,VR,머리에 쓰는 장치 등으로 완전히 인공적인 공간을 체험하게 하는 기술,,,,,,2,서양미술사,개념,현대,현대미술;매체;디지털,
679,인터랙티브 아트,interactive art,관람자의 움직임이나 입력에 반응하여 작품이 변화하는 미술. 관람자가 완성에 참여,,,,,,2,서양미술사,사조,현대,현대미술;매체;인터랙션,
680,퍼포먼스 아트,performance art,작가의 신체와 행위 자체를 작품으로 삼는 미술. 일회성과 현장성이 특징,,,,,,2,서양미술사,사조,현대,현대미술;퍼포먼스,
681,해프닝,happening,1950~60년대에 일어난 즉흥적이고 우연적인 사건 형식의 미술. 관객의 참여를 끌어들임,,,,,,2,서양미술사,사조,현대,현대미술;퍼포먼스,
682,플럭서스,Fluxus,1960년대 국제적 전위 운동. 장르와 삶의 경계를 허물고 일상적 행위를 예술로 제시. 백남준도 참여,,,,,,2,서양미술사,사조,현대,현대미술;퍼포먼스,
683,키네틱 아트,kinetic art,"움직임 자체를 조형 요소로 삼는 미술. 모터나 바람, 자력으로 작품이 실제로 움직임",,,,,,2,서양미술사,사조,현대,현대미술;키네틱,
684,오브제,objet,본래의 쓰임에서 떼어 내어 작품의 재료로 끌어들인 일상 사물,,,,,,2,서양미술사,개념,현대,현대미술;오브제,
685,장소특정적 미술,site-specific art,작품이 놓인 장소의 물리적·역사적 조건과 분리될 수 없는 미술. 옮기면 의미가 성립하지 않음,,,,,,1,서양미술사,개념,현대,현대미술;장소특정성,2025B4
686,제도 비판,institutional critique,미술관·화랑이라는 제도가 무엇이 미술인지 규정하는 방식 자체를 문제 삼는 미술 경향,,의의: 미술관·화랑 등 미술 제도 자체의 권력 구조를 작품의 주제로 삼아 개념미술 이후 미술의 자기 성찰을 심화,배경: 1960년대 말 미술 제도의 상업성·엘리트주의에 대한 문제의식을 배경으로 애셔·뷔렌 등이 주도,,,1,서양미술사,사조,현대,현대미술;제도비판,2025B4
687,마이클 애셔,M. Asher,미국 작가. 미술관 건물에 물리적 변화를 가하여 전시 제도에 내재된 특권을 드러냄,,의의: 전시장 벽을 허물거나 공간 구조를 재배치하는 개입으로 미술 제도의 물리적·이념적 구조를 드러내는 제도 비판의 선구자,배경: 1960년대 말 미니멀리즘 이후 미술관 공간 자체에 대한 비판적 관심에서 활동,,,1,서양미술사,인물,현대,현대미술;제도비판,2025B4
688,고든 마타클락,G. Matta-Clark,미국 작가. 버려진 건물을 절단하는 빌딩 커팅으로 건축과 사회 구조를 드러냄. 아나키텍처를 제창,,의의: 철거 예정 건물을 자르는 행위로 건축과 조각의 경계를 허물고 장소특정적 미술·반건축의 대표 사례를 남김,배경: 1970년대 뉴욕의 도시 재개발·건물 철거 현실을 배경으로 활동,,,1,서양미술사,인물,현대,현대미술;제도비판;장소특정성,2025B4
689,도큐멘테이션,documentation,실행형·장소특정적 작품을 사진·영상·기록물로 남겨 전시하는 방식. 작품을 대신해 미술관에 전시됨,,,,,,2,서양미술사,개념,현대,현대미술;아카이브,
690,사회적 조각,soziale Plastik,보이스가 제시한 개념. 모든 사람이 창조성으로 사회를 함께 빚어 나가는 확장된 예술 개념,,,,,,1,서양미술사,개념,현대,현대미술;보이스,2026B11
691,다게레오타이프,daguerreotype,은판 위에 상을 직접 얻는 초기 사진술. 좌우가 뒤바뀐 단 한 장만 얻을 수 있고 노출이 매우 길었음,,,,"다게르, 〈탕플 대로〉, 1838년경",https://commons.wikimedia.org/wiki/Special:FilePath/Boulevard_du_Temple_by_Daguerre.jpg?width=800,1,서양미술사,기법,근대,사진;사진사,2025A6
692,칼로타이프,calotype,탤벗이 개발한 종이 네거티브 사진술. 한 장의 원판에서 여러 장을 인화할 수 있어 현대 사진의 원리를 이룸,,,,"탤벗, 〈열린 문〉, 1844",https://commons.wikimedia.org/wiki/Special:FilePath/The_Open_Door_LACMA_M.2008.40.912.jpg?width=800,2,서양미술사,기법,근대,사진;사진사,
693,회화주의 사진,Pictorialism,사진을 회화처럼 연출하고 가공해 예술로 인정받고자 한 19세기 후반의 경향. 조합 인화 등을 사용,,,,"로빈슨, 〈임종〉, 1858 — 여러 원판을 합성한 조합 인화",https://commons.wikimedia.org/wiki/Special:FilePath/Henry_Peach_Robinson%2C_Fading_Away%2C_1858.jpg?width=900,2,서양미술사,사조,근대,사진;사진사,
694,조합 인화,combination printing,여러 장의 네거티브를 한 인화지에 겹쳐 인화해 하나의 장면을 구성하는 기법. 로빈슨의 〈임종〉이 대표,,,,"로빈슨, 〈임종〉, 1858",https://commons.wikimedia.org/wiki/Special:FilePath/Henry_Peach_Robinson%2C_Fading_Away%2C_1858.jpg?width=800,2,서양미술사,기법,근대,사진;사진사,
695,스트레이트 포토그래피,straight photography,연출과 가공을 배제하고 사진 고유의 선명함과 즉물성을 강조한 경향. 스티글리츠·스트랜드,,,,"스티글리츠, 〈삼등 선실〉, 1907",https://commons.wikimedia.org/wiki/Special:FilePath/The_Steerage_MET_DP217541.jpg?width=900,2,서양미술사,사조,근대,사진;사진사,
696,포토그램,photogram,카메라 없이 인화지 위에 물체를 놓고 빛을 쬐어 그림자를 얻는 기법. 만 레이는 레이요그램이라 부름,,,,"탤벗, 〈식물 표본〉, 1835년경",https://commons.wikimedia.org/wiki/Special:FilePath/William_Fox_Talbot_-_Botanical_Specimen_%28Erica_mutabolis%29.jpg?width=800,2,서양미술사,기법,현대,사진;사진사;매체,
697,결정적 순간,decisive moment,카르티에브레송이 제시한 개념. 사건의 의미와 형식이 완벽히 맞아떨어지는 찰나를 포착하는 것,,,,,,2,서양미술사,개념,현대,사진;사진사,
698,김정희,金正喜,조선 말기 서화가이자 금석학자. 청의 고증학을 받아들여 한나라 예서를 바탕으로 추사체를 이룸,핵심: 문자향 서권기 — 글씨와 그림의 격은 기교가 아니라 학문과 인품에서 나온다,"대표작: 〈세한도〉, 〈인천안목길상여의〉, 묵란","의의: 문자향서권기를 강조하는 문인화론과 추사체를 확립, 조선 후기 서화의 정신성을 최고 수준으로 끌어올림","김정희, 〈세한도〉, 1844",https://commons.wikimedia.org/wiki/Special:FilePath/SehandoLarge.jpg?width=900,1,한국미술사,인물,조선후기,서예;문인화;김정희,2025A3;2024A12
699,2022 개정 교육과정 총론,,"포용성과 창의성을 갖춘 주도적인 사람을 인간상으로 제시. 학생 주도성과 깊이 있는 학습, 학교 교육과정 자율성을 강조",,,,,,2,미술교육학,개념,,교육과정;2022개정;총론,
700,총론 핵심역량,,"2022 개정 총론이 제시한 여섯 역량 — 자기관리, 지식정보처리, 창의적 사고, 심미적 감성, 협력적 소통, 공동체",비교: 2015 개정의 의사소통 역량이 협력적 소통 역량으로 바뀜,,,,,2,미술교육학,원리,,교육과정;2022개정;역량,
701,내용 체계,內容體系,"각 영역의 학습 내용을 핵심 아이디어 아래 지식·이해, 과정·기능, 가치·태도 세 범주로 구조화한 표",,,,,,1,미술교육학,개념,,교육과정;2022개정;내용체계,2024A9
702,핵심 아이디어,,영역을 아우르는 일반화된 지식이자 학습의 방향을 제시하는 문장. 내용 체계표의 맨 위에 놓임,,,,,,2,미술교육학,개념,,교육과정;2022개정;내용체계,
703,지식·이해,,"내용 체계의 한 범주. 교과의 개념과 원리, 사실 등 학생이 알아야 할 내용",,,,,,1,미술교육학,개념,,교육과정;2022개정;내용체계,2024A9
704,과정·기능,,"내용 체계의 한 범주. 지식을 습득하고 활용하는 탐구와 사고의 과정, 그리고 수행 능력",,,,,,1,미술교육학,개념,,교육과정;2022개정;내용체계,2024A9
705,가치·태도,,"내용 체계의 한 범주. 교과 학습을 통해 기르고자 하는 가치와 태도, 실천 성향",,,,,,1,미술교육학,개념,,교육과정;2022개정;내용체계,2024A9
706,성취기준 코드,,"성취기준 앞의 대괄호 표기. 예 [9미01-01]은 중학교 1~3학년군, 미술, 첫째 영역, 첫째 성취기준을 뜻함",,,,,,2,미술교육학,개념,,교육과정;성취기준,
707,성취기준 해설,,"성취기준의 의미와 범위, 지도상의 유의점을 풀어 설명한 항목. 일부 성취기준에만 붙음",,,,,,2,미술교육학,개념,,교육과정;성취기준,
708,성취기준 적용 시 고려 사항,,영역별 성취기준을 가르치고 평가할 때 유의할 점을 교수·학습과 평가 측면에서 안내한 항목,,,,,,2,미술교육학,개념,,교육과정;성취기준;평가,
709,미적 체험 영역,,"2022 개정 미술과의 한 영역. 자신과 주변 대상, 환경을 감각적으로 지각하고 미적으로 반응하며 그 의미를 발견하는 경험을 다룸",,,,,,1,미술교육학,개념,,교육과정;2022개정;미술과영역,2026A8
710,표현 영역,,"2022 개정 미술과의 한 영역. 발상에서 매체와 방법의 선택, 제작에 이르는 조형적 표현 과정을 다룸",,,,,,2,미술교육학,개념,,교육과정;2022개정;미술과영역,
711,감상 영역,,2022 개정 미술과의 한 영역. 미술 작품과 미술 문화의 맥락을 이해하고 비평하며 향유하는 활동을 다룸,,,,,,1,미술교육학,개념,,교육과정;2022개정;미술과영역,2025B10
712,미술 창작,,2022 개정 고등학교 미술과 진로 선택 과목. 표현 매체와 방법을 심화해 자신의 주제를 창작으로 구현하는 데 중점,확인: 영역명과 성취기준은 고시 제2022-33호 원문으로 확정할 것,,,,,1,미술교육학,개념,,교육과정;2022개정;선택과목,2026A8
713,미술 감상과 비평,,2022 개정 고등학교 미술과 진로 선택 과목. 작품과 미술 문화를 맥락 속에서 해석하고 비평하는 능력에 중점,확인: 영역명과 성취기준은 고시 원문으로 확정할 것,,,,,2,미술교육학,개념,,교육과정;2022개정;선택과목,
714,미술과 매체,,2022 개정 고등학교 미술과 융합 선택 과목. 다양한 매체의 특성과 활용 가능성을 탐색하여 표현하고 소통하는 데 중점,확인: 과목 구분(융합 선택)은 고시 원문으로 재확인할 것,,,,,1,미술교육학,개념,,교육과정;2022개정;선택과목,2025A11
715,일반 선택 과목,,고등학교 선택 과목 구분의 하나. 교과별 학문 영역 내의 주요 학습 내용을 다루는 과목,,,,,,2,미술교육학,개념,,교육과정;2022개정;과목편제,
716,진로 선택 과목,,고등학교 선택 과목 구분의 하나. 교과 내 심화 학습과 진로 관련 학습을 다루는 과목,,,,,,2,미술교육학,개념,,교육과정;2022개정;과목편제,
717,융합 선택 과목,,고등학교 선택 과목 구분의 하나. 교과 간 주제 융합과 실생활 응용을 다루는 과목,,,,,,2,미술교육학,개념,,교육과정;2022개정;과목편제,
718,깊이 있는 학습,,소수의 핵심 내용을 충분한 시간을 들여 탐구하여 학습 내용을 자신의 것으로 만들고 전이하도록 하는 2022 개정의 방향,,,,,,2,미술교육학,개념,,교육과정;2022개정;교수학습,
719,학습자 주도성,,"학생이 학습의 목표와 과정, 결과에 대해 스스로 판단하고 책임지도록 하는 2022 개정의 핵심 방향",,,,,,2,미술교육학,개념,,교육과정;2022개정;교수학습,
720,교과 간 연계·통합,,여러 교과의 지식과 기능을 하나의 주제로 엮어 실생활 문제를 다루도록 하는 교수·학습 방향,,,,,,2,미술교육학,개념,,교육과정;2022개정;교수학습,
721,삶과 연계한 학습,,학습 내용을 학생의 실제 삶과 지역 사회의 맥락에 연결하여 의미를 갖게 하는 교수·학습 방향,,,,,,2,미술교육학,개념,,교육과정;2022개정;교수학습,
722,학습 과정에 대한 성찰,,학생이 자신의 학습 과정과 전략을 스스로 점검하고 조정하도록 하는 방향. 자기 평가와 연결됨,,,,,,2,미술교육학,개념,,교육과정;2022개정;교수학습;평가,
723,교수·학습 방향,,교육과정 문서에서 해당 교과를 어떻게 가르칠 것인지 제시한 항목. 성격·목표에 이어 제시됨,,,,,,2,미술교육학,개념,,교육과정;교수학습,
724,평가 방향,,교육과정 문서에서 무엇을 어떻게 평가할 것인지 제시한 항목. 과정 중심 평가와 피드백을 강조,,,,,,2,미술교육학,개념,,교육과정;평가,
725,학교자율시간,,학교가 지역과 학생의 필요에 따라 과목이나 활동을 개설해 운영할 수 있도록 한 2022 개정의 제도,,,,,,2,미술교육학,개념,,교육과정;2022개정;제도,
726,고교학점제,,고등학생이 과목을 선택해 이수하고 학점을 취득해 졸업하는 제도. 2022 개정 교육과정과 함께 운영,,,,,,2,미술교육학,개념,,교육과정;2022개정;제도,
727,자유학기제,,중학교 한 학기 동안 시험 부담을 줄이고 참여형 수업과 진로 탐색 활동을 운영하는 제도,,,,,,1,미술교육학,개념,,교육과정;제도,2024A9
728,제6차 미술과 교육과정,,"개성, 창조, 정서 교육으로서의 교과 성격을 강조한 교육과정",,,,,,1,미술교육학,개념,,교육과정;변천사,2025B3
729,제7차 미술과 교육과정,,미술과 내용 영역을 미적 체험·표현·감상의 세 영역으로 구성하고 영역별 필수 학습 요소를 선정한 교육과정,,,,,,1,미술교육학,개념,,교육과정;변천사,2025B3
730,필수 학습 요소,,제7차 미술과 교육과정에서 영역별로 반드시 다루어야 할 내용을 선정해 제시한 것. 학습량 적정화와 기준 명료화를 위한 조치,,,,,,1,미술교육학,개념,,교육과정;변천사,2025B3
731,2007 개정 미술과 교육과정,,감상 영역의 중영역이 대상에 한정되어 있었다는 한계가 지적된 교육과정,,,,,,1,미술교육학,개념,,교육과정;변천사,2025B3
732,2009 개정 미술과 교육과정,,중학교 감상 영역의 중영역을 조정하여 미술 문화의 맥락을 다루도록 한 교육과정,확인: 변경된 중영역 명칭은 고시 원문으로 확정할 것,,,,,1,미술교육학,개념,,교육과정;변천사,2025B3
733,2015 개정 미술과 교육과정,,역량 중심 교육과정으로 전환하며 미적 감수성 등 미술과 교과 역량을 제시한 교육과정,비교: 2022 개정에서 역량 명칭이 달라졌으므로 혼동 주의,,,,,1,미술교육학,개념,,교육과정;변천사;2015개정,2024A9
734,학습을 위한 평가,assessment for learning,평가 결과를 다음 학습의 개선에 쓰는 관점. 학습 결과를 확인하는 평가와 구분됨,,,,,,2,미술교육학,개념,,평가;과정중심평가,
735,분석적 루브릭,,"주제 표현, 재료 활용, 완성도 등 평가 요소를 나누어 각각 점수를 매기는 채점 기준표. 구체적 피드백에 유리",,,,,,2,미술교육학,개념,,평가;루브릭,
736,총체적 루브릭,,작품 전체의 인상을 통합적으로 판단해 하나의 등급이나 점수를 매기는 채점 기준표. 채점이 빠르나 피드백이 약함,,,,,,2,미술교육학,개념,,평가;루브릭,
737,참평가,authentic assessment,실제 삶의 맥락에서 마주하는 비구조화된 문제를 실제 청중을 대상으로 수행하게 하는 평가,"조건: 실제적 맥락, 비구조화된 과제, 실제 청중과 산출물",,,,,2,미술교육학,개념,,평가;참평가,
738,체크리스트,,관찰할 행동이나 요소를 미리 목록으로 만들어 나타남 여부를 표시하는 기록 방법,"보충: 도구 정돈, 필수 재료 준비도, 과제 완수 등 명확한 실기 기준을 예/아니오 또는 일정 단계의 평정 기준표 형태로 작성하여 명확하고 신속하게 정량 측정하는 도구.",,,,,2,미술교육학,개념,,평가;관찰법,
739,평정척도법,評定尺度法,관찰한 행동의 정도를 여러 단계의 척도로 표시하는 방법. 수준 차이를 나타낼 수 있음,,,,,,2,미술교육학,개념,,평가;관찰법,
740,일화기록법,逸話記錄法,의미 있는 장면을 있는 그대로 서술해 기록하는 방법. 맥락이 풍부하나 기록에 시간이 많이 듦,,,,,,2,미술교육학,개념,,평가;관찰법,
741,규준참조평가,規準參照評價,다른 학생과 비교해 상대적 위치를 판단하는 평가. 서열과 변별에 초점,,,,,,2,미술교육학,개념,,평가;평가유형,
742,준거참조평가,準據參照評價,미리 정한 성취기준에 도달했는지를 판단하는 평가. 무엇을 할 수 있게 되었는지에 초점,,,,,,2,미술교육학,개념,,평가;평가유형,
743,타당도,妥當度,평가 도구가 재고자 한 것을 실제로 재고 있는가의 정도,,,,,,2,미술교육학,개념,,평가;양호도,
744,신뢰도,信賴度,같은 대상을 반복해 재어도 일관된 결과가 나오는가의 정도,,,,,,2,미술교육학,개념,,평가;양호도,
745,객관도,客觀度,채점자가 달라져도 같은 결과가 나오는가의 정도. 채점자 간 신뢰도라고도 함,,,,,,2,미술교육학,개념,,평가;양호도,
746,후광 효과,後光效果,학생에 대한 전반적 인상이 개별 항목의 채점에까지 번지는 채점 오류,,,,,,2,미술교육학,개념,,평가;채점오류,
747,집중 경향의 오류,,채점자가 극단적 점수를 피하고 중간 점수에 몰아주는 채점 오류,,,,,,2,미술교육학,개념,,평가;채점오류,
748,정의적 영역 평가,情意的領域 評價,"흥미, 태도, 가치관 등 정서와 태도에 관한 특성을 평가하는 것. 미술과에서 감상 태도와 참여도 등이 해당",,,,,,1,미술교육학,개념,,평가;정의적영역,2026B8
749,교육 비평,educational criticism,아이스너가 제시한 개념. 감식안으로 지각한 질적 특성을 남이 알아볼 수 있도록 언어로 드러내어 기술·해석·평가하는 일,"보충: 교사의 내부적인 교육적 감식안을 통해 지각한 학생의 미술 학습 결과를 타인(학부모, 학생 등)이 충분히 공감하고 교육적 가치를 파악할 수 있도록 공적 언어(서술, 해석, 평가)로 서술해내는 활동.",,,,,1,미술교육학,개념,,평가;아이스너;교육비평,2026B8
750,논술형 평가,論述型評價,자신의 생각을 논리적으로 서술하게 하는 평가. 감상문과 비평문이 미술과의 대표 형태,,,,,,2,미술교육학,개념,,평가;논술형,
751,펜티멘토,pentimento,작품 표면 아래 희미하게 드러나는 수정과 교정의 흔적. 회개하다라는 뜻의 이탈리아어에서 유래,활용: 일부러 남겨 드로잉에 생동감을 더하기도 함,,,,,1,표현기법,개념,,재료;드로잉,2025A2
752,은필,銀筆,은 막대로 밑칠한 종이에 긋는 드로잉 재료. 선이 매우 가늘고 수정이 어려우며 시간이 지나면 갈색으로 변함,비교: 검은색 초크보다 넓은 면의 음영을 넣기 어려움,,,,,1,표현기법,기법,,재료;드로잉,2024A4
753,콩테,conté,안료에 점토와 밀랍을 섞어 굳힌 막대 재료. 목탄보다 단단하고 진해 선명한 선과 명암에 적합,,,,"발리오네, 콩테 소묘",https://commons.wikimedia.org/wiki/Special:FilePath/St._Anthony_Holding_Child_by_Giovanni_Baglione%2C_orange_Cont%C3%A9_crayon.JPG?width=800,2,표현기법,기법,,재료;드로잉,
754,파스텔,pastel,안료를 소량의 고착제로만 굳힌 재료. 발색이 선명하고 문질러 섞을 수 있으나 가루가 잘 떨어짐,,,,"발라드, 파스텔 초상",https://commons.wikimedia.org/wiki/Special:FilePath/Jean_Valade_-_pastel_portrait_of_Adela%C3%AFde_de_France_-_Mus%C3%A9e_Cond%C3%A9.jpg?width=800,2,표현기법,기법,,재료;드로잉;채색,
755,안료,顔料,물이나 기름에 녹지 않는 색채 가루. 그 자체로는 접착력이 없어 전색제와 섞어야 물감이 됨,비교: 염료는 용매에 녹아 섬유에 스며들므로 회화 물감에 부적합,,,,,1,표현기법,개념,,재료;회화재료,2025A5
756,미디엄,medium,"안료를 화면에 붙들어 두기 위해 섞는 전색제. 유화는 건성유, 템페라는 달걀노른자, 수채는 아라비아고무",,,,,,1,표현기법,개념,,재료;회화재료,2025A5
757,팻 오버 린,fat over lean,"유화에서 기름기가 적은 물감을 아래층에, 많은 물감을 위층에 올리는 원칙",이유: 어기면 위층이 먼저 굳어 아래층 수축 때 갈라짐이 생김,관련: 임프리마투라·글레이즈처럼 유화를 여러 층으로 쌓는 기법 전반에 적용되는 원칙,"암기: 용매(테레빈 등) 비율이 높을수록 린, 기름(린시드유 등) 비율이 높을수록 팻",,,1,표현기법,원리,,재료;유화,2025A5
758,젯소,gesso,캔버스나 목판에 미리 바르는 흰색 바탕칠. 흡수를 막고 물감의 발색과 부착을 돕는다,,,,,,2,표현기법,개념,,재료;회화재료,
759,캔버스,canvas,나무 틀에 천을 팽팽히 씌운 회화 바탕재. 목판보다 가볍고 커도 운반이 쉬워 유화의 확산을 이끎,,,,,,2,표현기법,개념,,재료;회화재료,
760,바니시,varnish,완성된 유화 표면에 입히는 투명 보호막. 오염과 자외선을 막고 광택을 고르게 함,,,,,,2,표현기법,개념,,재료;유화,
761,수채화,水彩畵,아라비아고무를 전색제로 쓰는 물감으로 그리는 회화. 종이의 흰 바탕을 살려 투명한 겹침을 얻음,비교: 과슈는 백색을 섞어 불투명하게 만든 수채,,,"터너, 〈렉섬〉, 수채",https://commons.wikimedia.org/wiki/Special:FilePath/Turner%2C_JMW%2C_%27Wrexham%2C_Denbighshire%27%2C_watercolour.jpg?width=800,2,표현기법,기법,,재료;수채,
762,아크릴화,acrylic,합성수지를 전색제로 쓰는 물감. 건조가 빠르고 굳으면 물에 녹지 않아 유화와 수채의 효과를 모두 낼 수 있음,,,,,,2,표현기법,기법,,재료;회화재료,
763,목판화,木版畵,나무판의 볼록한 부분에 잉크를 묻혀 찍는 볼록판화. 칼자국과 나뭇결이 그대로 화면에 드러남,,,,"뒤러, 〈묵시록의 네 기사〉, 1498 — 볼록판화",https://commons.wikimedia.org/wiki/Special:FilePath/Durer_Revelation_Four_Riders.jpg?width=800,2,표현기법,기법,,판화;볼록판화,
764,리놀륨 판화,linocut,리놀륨판을 파서 찍는 볼록판화. 나뭇결이 없어 부드럽게 파이고 곡선 표현이 자유로움,,,,"바이첼, 〈호텔 세실〉, 1930",https://commons.wikimedia.org/wiki/Special:FilePath/Hotel-Cecil_1930_Frank-Weitzel.jpg?width=800,2,표현기법,기법,,판화;볼록판화,
765,콜라그래프,collagraph,판 위에 여러 재료를 붙여 높낮이를 만든 뒤 잉크를 올려 찍는 판화. 재료의 질감이 그대로 찍힘,특징: 오목·볼록 효과를 함께 얻을 수 있고 엠보싱이 나타남,,,콜라그래프 판화,https://commons.wikimedia.org/wiki/Special:FilePath/Palazzo_Ducale_-_Venice_Art_-_Etching_Collagraph.jpg?width=800,1,표현기법,기법,,판화;콜라그래프,2026B5
766,스텐실,stencil,무늬를 오려 낸 형지를 대고 물감을 밀어 넣어 찍는 공판 기법,,,,스텐실로 찍은 화면,https://commons.wikimedia.org/wiki/Special:FilePath/Bike_artwork_made_using_stencil_screenprinting.jpg?width=800,2,표현기법,기법,,판화;공판화,
767,에디션,edition,같은 판에서 찍어 낸 한정된 매수. 화면 아래에 찍은 순번과 총 매수를 분수로 적음,,,,,,1,표현기법,개념,,판화;에디션,2025B7
768,B.A.T.,bon à tirer,작가가 이 상태로 찍으라고 승인한 기준 판화. 이후의 에디션은 모두 이것과 같은 상태로 찍음,,,,,,1,표현기법,개념,,판화;에디션,2025B7
769,사이징,sizing,판화지가 잉크를 알맞게 흡수하도록 물에 적셔 습기를 조절하는 처리. 프레스 전 단계,,,,,,1,표현기법,기법,,판화;판화지,2025B7
770,엠보싱,embossing,판의 높낮이 때문에 종이가 눌려 도드라지는 효과. 잉크 없이 요철만으로도 표현할 수 있음,,,,판의 높낮이가 종이에 눌린 자국,https://commons.wikimedia.org/wiki/Special:FilePath/Palazzo_Ducale_-_Venice_Art_-_Etching_Collagraph.jpg?width=800,1,표현기법,기법,,판화;콜라그래프,2026B5
771,카빙,carving,돌이나 나무 덩어리에서 불필요한 부분을 깎아 내어 형태를 만드는 방식. 감산법,,,,,,2,표현기법,기법,,조소;조각,
772,슬립,slip,점토를 물에 풀어 만든 진흙물. 접합면을 긁은 뒤 발라 붙여 건조·소성 중 갈라짐을 막음,,,,,,2,표현기법,개념,,조소;도자;점토,
773,꼬막 밀기,,점토 속 공기를 빼고 되기를 고르게 하기 위해 반복해 치대는 준비 과정. 꼬박 밀기라고도 함,이유: 공기가 남으면 소성 중 팽창해 터짐,,,,,2,표현기법,기법,,조소;도자;점토,
774,초벌구이,,건조한 기물을 낮은 온도에서 한 번 굽는 것. 기물을 단단하게 하고 유약이 잘 흡착되도록 흡수성을 줌,,,,,,2,표현기법,기법,,도자;번조,
775,재벌구이,,유약을 입힌 뒤 높은 온도에서 다시 굽는 것. 유약이 녹아 유리질 막을 이룸,,,,,,2,표현기법,기법,,도자;번조,
776,유약,釉藥,"기물 표면에 입혀 소성하면 유리질로 녹는 물질. 방수와 강도, 색과 광택을 부여",,,,,,2,표현기법,개념,,도자;유약,
777,물레성형,,돌아가는 물레 위에서 손으로 점토를 끌어올려 좌우 대칭의 기물을 만드는 성형법,,,,물레 위에서 끌어올리는 성형,https://commons.wikimedia.org/wiki/Special:FilePath/Throwing_clay_on_a_pottery_wheel.jpg?width=800,2,표현기법,기법,,도자;성형,
778,코일링,coiling,점토를 가래처럼 길게 밀어 감아 올려 형태를 만드는 성형법. 큰 기물과 자유로운 형태에 적합,,,,,,2,표현기법,기법,,도자;성형,
779,판성형,,점토를 판으로 밀어 잘라 붙여 형태를 만드는 성형법. 각진 기물에 적합. 슬래브 기법,,,,점토판을 잘라 붙이는 성형,https://commons.wikimedia.org/wiki/Special:FilePath/Slab_Building_Pottery.JPG?width=800,2,표현기법,기법,,도자;성형,
780,석고 뜨기,,원형에 석고를 부어 암틀을 만들고 다시 재료를 부어 복제하는 과정. 소조 작품의 보존과 복제에 쓰임,,,,원형과 석고 암틀,https://commons.wikimedia.org/wiki/Special:FilePath/Lost_Wax-Model_of_apple_in_plaster.jpg?width=800,2,표현기법,기법,,조소;주조,
781,브론즈 주조,,청동을 녹여 틀에 부어 굳히는 주조. 강도가 높고 세부 재현이 좋아 조각의 대표 재료,,,,거푸집에 쇳물을 붓는 장면,https://commons.wikimedia.org/wiki/Special:FilePath/Pouring_into_Cast_at_Supernaturals_Cymbals_Foundry_Istanbul.png?width=800,2,표현기법,기법,,조소;주조,
782,아교포수,阿膠泡水,비단이나 종이에 아교와 백반 물을 발라 먹과 채색이 번지지 않도록 미리 처리하는 과정,이유: 처리하지 않으면 안료가 스며 번지고 발색이 탁해짐,,,,,1,표현기법,기법,,동양화;재료;채색,2026A7
783,바림,,한쪽은 짙게 하고 다른 쪽으로 갈수록 옅어지게 물을 써서 번지듯 칠하는 채색 기법. 선염이라고도 함,,,,,,1,표현기법,기법,,동양화;채색;선염,2026A7
784,호분,胡粉,조개껍데기를 곱게 갈아 만든 흰색 안료. 전통 채색화의 바탕과 밝은 부분에 쓰임,,,,,,2,표현기법,개념,,동양화;재료;채색,
785,스크래치 기법,scratch,여러 색을 칠하고 그 위를 어두운 색으로 덮은 뒤 긁어내어 아래 색이 드러나게 하는 기법,,,,,,2,표현기법,기법,,재료;표현기법;우연효과,
786,준법,皴法,산과 바위의 질감과 입체를 나타내기 위해 쓰는 필법의 총칭,남종 계열: 피마준(부드러운 흙산) · 미점법(습윤한 토산),북종 계열: 부벽준(도끼로 팬 듯 각진 바위) · 우점준(빗방울처럼 찍어 육중한 부피),개인 창안: 절대준(예찬) · 권운준(곽희),,,1,한국미술사,개념,,화론;준법;필묵법,
787,배색,配色,두 가지 이상의 색을 목적에 맞게 짜 맞추는 일,색상 기준: 동일 · 유사 · 반대 배색,톤 기준: 톤온톤(명도 차) · 톤인톤(톤 통일),효과 기준: 연속(그라데이션) · 분리(세퍼레이션) · 강조(액센트),배색의 갈래,diagrams/scheme-overview.svg,1,표현기법,개념,,색채학;배색,
788,르네상스,Renaissance,15~16세기 이탈리아에서 고대 그리스·로마의 이상을 되살린 미술. 인간과 자연에 대한 관찰을 바탕으로 함,"조형: 선원근법으로 통일된 공간, 이상적 인체 비례, 안정된 삼각형 구도","배경: 도시국가의 번영과 인문주의, 메디치가 등 개인 후원자의 등장","의의: 신 중심 중세 세계관에서 벗어나 인간과 자연에 대한 관찰을 바탕으로 원근법·해부학을 미술에 접목, 서양 근대 미술의 출발점이 됨","라파엘로, 〈아테네 학당〉, 1509~1511",https://commons.wikimedia.org/wiki/Special:FilePath/%22The_School_of_Athens%22_by_Raffaello_Sanzio_da_Urbino.jpg?width=900,1,서양미술사,사조,르네상스,서양미술사;르네상스,
789,북유럽 르네상스,,같은 시기 플랑드르·독일에서 전개된 흐름. 이탈리아와 달리 이상화보다 눈에 보이는 것의 치밀한 재현을 추구,"조형: 유화의 정교한 발달, 사물의 질감 묘사, 위장된 상징주의",의의: 이상화 대신 사물의 표면·질감을 극세밀하게 재현하는 전통을 세워 이탈리아 르네상스와 다른 사실주의 계보를 이룸,배경: 플랑드르 지역의 유화 기법 발달과 상업 도시의 시민 계층 성장을 배경으로 대두,"반 에이크, 〈아르놀피니 부부의 초상〉, 1434",https://commons.wikimedia.org/wiki/Special:FilePath/Van_Eyck_-_Arnolfini_Portrait.jpg?width=900,1,서양미술사,사조,르네상스,서양미술사;르네상스,
790,매너리즘,Mannerism,"16세기 후반, 전성기 르네상스의 완결된 조화 이후 나타난 흐름. 규범을 의도적으로 비틀었다","조형: 길게 늘인 인체, 불안정하고 빽빽한 구도, 인위적인 우아함","의의: 르네상스의 완결된 조화를 의도적으로 비틀어 왜곡된 비례·불안정한 구도로 불안한 시대 정서를 표현, 이후 바로크의 극적 표현으로 이어짐",배경: 종교개혁과 로마 약탈(1527) 이후 전성기 르네상스의 이상이 흔들리며 대두,"파르미자니노, 〈긴 목의 마돈나〉, 1535년경",https://commons.wikimedia.org/wiki/Special:FilePath/Parmigianino_-_Madonna_and_Child_with_Angels%2C_known_as_the_Madonna_with_the_Long_Neck.jpg?width=900,1,서양미술사,사조,르네상스,서양미술사;매너리즘,
791,바로크,Baroque,17세기 유럽 미술. 정지된 균형 대신 운동과 극적인 순간을 택했다,"조형: 강한 명암 대비, 사선과 나선의 동세, 관람자의 공간까지 끌어들이는 구성",배경: 가톨릭 반종교개혁의 선전과 절대왕정의 과시,"의의: 정지된 균형 대신 강렬한 명암 대비와 극적 순간, 관람자를 끌어들이는 동적 구성으로 반종교개혁 가톨릭의 감동적 포교 수단을 완성","루벤스, 〈십자가에서 내려짐〉 중앙 패널, 1614",https://commons.wikimedia.org/wiki/Special:FilePath/Peter_Paul_Rubens_-_Descent_from_the_Cross_%28centre_panel%29_-_WGA20213.jpg?width=900,1,서양미술사,사조,바로크,서양미술사;바로크,
792,상징주의,Symbolism,"19세기 말, 눈에 보이는 현실 대신 관념·꿈·신비를 상징으로 드러내려 한 사조",,의의: 눈에 보이는 현실 재현을 거부하고 꿈·신화·내면을 암시적 이미지로 드러내 이후 초현실주의·표현주의의 밑거름이 됨,배경: 인상주의의 지나친 과학적·객관적 태도에 대한 반발과 세기말 퇴폐적·신비주의적 정서를 배경으로 대두,"모로, 〈환영〉, 1876년경",https://commons.wikimedia.org/wiki/Special:FilePath/Gustave_Moreau_-_The_Apparition_-_Google_Art_Project.jpg?width=900,1,서양미술사,사조,근대,서양미술사;상징주의,
793,초상화 기법,,조선 초상화에서 인물의 정신까지 담아내기 위해 쓰인 표현 기법들,굴곡: 훈염법(움푹한 곳을 옅게 겹쳐 어둡게) · 삼백법(이마·콧등·턱을 밝게),살결: 육리문(안면 근육 결과 살결을 잔선으로),바탕: 배채법(비단 뒷면에서 채색해 앞으로 배어나게),,,1,한국미술사,개념,,초상화기법;동양화;초상화,
794,필묵법,筆墨法,붓과 먹을 다루어 농담·질감·기세를 만들어 내는 동양화의 운용법 전반,먹의 농담: 발묵(번지듯) · 파묵(마르기 전 다른 농도) · 삼묵법(한 붓에 세 농도),붓의 상태: 갈필(물기를 뺀 거친 선) · 적묵법(겹쳐 쌓아 양감),"윤곽 처리: 몰골법(선 없이 면으로) · 구륵법(선 먼저, 뒤에 채색)",,,1,한국미술사,개념,,필묵법;동양화,
795,우연 효과 기법,,의도한 형태를 그리는 대신 재료의 우연한 작용을 끌어들이는 기법들. 초현실주의가 적극 활용,데칼코마니(눌러 찍기) · 프로타주(문질러 옮기기) · 마블링(물 위 무늬) · 스크래치(긁어내기),,,,,1,표현기법,개념,,우연효과;초현실주의,
796,판화,版畵,판을 만들어 잉크를 묻혀 종이에 찍어 내는 미술. 같은 화면을 여러 장 얻을 수 있다,볼록판화: 튀어나온 면에 잉크 — 목판화·리놀륨 판화,오목판화: 파인 홈에 잉크 — 에칭·드라이포인트·아쿠아틴트·메조틴트,평판화: 물과 기름의 반발 — 석판화 / 공판화: 구멍으로 통과 — 실크스크린·스텐실,,,1,표현기법,개념,,판화,
797,누보 레알리즘,Nouveau Réalisme,1960년 프랑스에서 결성된 그룹. 소비사회가 쏟아 낸 실제 사물을 그대로 작품에 끌어들였다,"방법: 폐품 집적, 압축, 포장, 자기 파괴 등 현실의 직접 제시","미국의 팝아트와 같은 시기, 다른 방식으로 대중 소비문화에 반응","의의: 일상의 오브제·폐품을 그대로 전유해 '현실의 시적 전유'를 선언, 프랑스판 네오다다·팝아트로 평가됨",,,1,서양미술사,사조,현대,현대미술;누보레알리즘;오브제,
798,옵아트,Op Art,"1960년대, 색과 형태의 규칙적 배열로 눈에 착시와 진동을 일으키는 미술",기하학적 반복과 대비를 정밀하게 계산해 화면이 움직이는 듯 보이게 함,"의의: 색·형의 규칙적 배열만으로 착시를 일으켜 순수한 시지각 현상 자체를 작품화, 미술과 과학(지각심리학)의 접점을 보여줌",배경: 추상표현주의의 주관적 표현과 팝아트의 대중 이미지 둘 다에 대한 대안으로 1960년대 대두,,,1,서양미술사,사조,현대,현대미술;옵아트;착시,
799,아르 브뤼,Art Brut,미술 교육을 받지 않은 사람들의 날것 그대로의 표현. 뒤뷔페가 수집하고 이름 붙였다,제도권 미술의 세련됨을 거부하고 원초적 충동과 거친 질감을 옹호,"의의: 정규 미술 교육을 받지 않은 이들의 원초적 창작을 순수한 예술로 재평가, 아웃사이더 아트 개념의 출발점이 됨",배경: 뒤뷔페가 정신질환자·아동 등의 미술에서 제도화되지 않은 순수 창조성을 발견하며 주창,,,1,서양미술사,사조,현대,현대미술;아르브뤼,
800,페미니즘 미술,,1970년대 이후 미술사와 미술 제도의 남성 중심성을 문제 삼고 여성의 경험을 드러낸 흐름,"여성의 노동·신체·일상을 소재로 삼고, 공예로 낮춰 보던 매체를 적극 사용",의의: 남성 중심 미술사 정전에서 배제된 여성의 경험·신체를 작품의 주제로 끌어들여 미술사 서술 방식 자체에 문제를 제기,배경: 1960~70년대 여성해방운동을 배경으로 시카고·슈나이만 등이 주도,,,1,서양미술사,사조,현대,현대미술;페미니즘,
801,그래피티 아트,Graffiti Art,거리의 낙서에서 출발해 1980년대 미술계로 들어온 흐름. 빠른 필치와 대중적 도상이 특징,,의의: 거리의 불법 낙서를 순수미술의 영역으로 끌어올려 바스키아·해링 등을 통해 제도권 미술관에 진입시킴,배경: 1970년대 뉴욕 지하철·빈민가의 저항적 하위문화(힙합)에서 대두,,,1,서양미술사,사조,현대,현대미술;그래피티,
802,앵포르멜,Informel,2차 대전 후 유럽에서 일어난 뜨거운 추상. 형식을 버리고 물감의 물질성과 즉흥적 행위를 앞세웠다,"조형: 두껍게 엉긴 물감, 긁고 흘린 자국, 정해진 형태의 거부",한국에서는 1957년 전후 한국현대미술가협회를 중심으로 수용되어 전후 세대의 언어가 되었다,"의의: 기하학적 추상의 질서를 거부하고 물질·재료의 우연한 흔적으로 전후의 실존적 불안을 표현, 한국 1950~60년대 추상 화단(뜨거운 추상)에도 직접 영향",,,1,서양미술사,사조,현대,현대미술;앵포르멜;추상,
803,전위미술,前衛美術,기성의 제도와 양식에 앞서 나가 그것을 흔드는 미술. 아방가르드의 번역어,한국에서는 1950~70년대 국전 중심의 아카데미즘에 맞선 흐름을 이른다,,,,,1,한국미술사,개념,현대,한국현대;전위미술;미술단체,
804,산드로 보티첼리,S. Botticelli,피렌체 전성기 르네상스의 화가. 신화를 소재로 유려한 선과 우아한 인체를 그림,,,,"보티첼리, 〈비너스의 탄생〉, 1485년경",https://commons.wikimedia.org/wiki/Special:FilePath/Sandro_Botticelli_046.jpg?width=900,2,서양미술사,인물,르네상스,르네상스;회화,
805,파르미자니노,Parmigianino,매너리즘의 대표 화가. 인체를 길게 늘이고 불안정한 구도로 인위적 우아함을 추구,,,,"파르미자니노, 〈볼록 거울에 비친 자화상〉, 1524",https://commons.wikimedia.org/wiki/Special:FilePath/Parmigianino_-_Self-portrait_in_a_Convex_Mirror_-_WGA17031.jpg?width=900,2,서양미술사,인물,르네상스,매너리즘;회화,
806,테오도르 제리코,T. Géricault,낭만주의 회화의 문을 연 화가. 동시대의 참사를 거대한 화면에 담아 격정을 표현,,,,"제리코, 〈메두사호의 뗏목〉, 1819",https://commons.wikimedia.org/wiki/Special:FilePath/JEAN_LOUIS_TH%C3%89ODORE_G%C3%89RICAULT_-_La_Balsa_de_la_Medusa_%28Museo_del_Louvre%2C_1818-19%29.jpg?width=900,2,서양미술사,인물,근대,낭만주의;회화,
807,외젠 들라크루아,E. Delacroix,낭만주의의 대표 화가. 강렬한 색채와 사선 구도로 격동의 순간을 그림,,,,"들라크루아, 〈사르다나팔루스의 죽음〉, 1827",https://commons.wikimedia.org/wiki/Special:FilePath/Death_of_Sardanapalus_by_Eug%C3%A8ne_Delacroix.jpg?width=900,2,서양미술사,인물,근대,낭만주의;회화,
808,귀스타브 쿠르베,G. Courbet,사실주의의 대표 화가. 눈에 보이는 동시대의 현실만을 그려야 한다고 주장,,,,"쿠르베, 〈화가의 아틀리에〉, 1855",https://commons.wikimedia.org/wiki/Special:FilePath/Courbet_LAtelier_du_peintre.jpg?width=900,2,서양미술사,인물,근대,사실주의;회화,
809,에두아르 마네,É. Manet,전통적 주제와 기법을 뒤흔들어 근대 회화의 출발점이 된 화가,,,,"마네, 〈올랭피아〉, 1863",https://commons.wikimedia.org/wiki/Special:FilePath/Edouard_Manet_-_Olympia_-_Google_Art_Project_3.jpg?width=900,2,서양미술사,인물,근대,인상주의;회화,
810,불상 형식,,불상을 이루는 형식 요소와 조성 방식에 관한 갈래,재질: 마애불(암벽에 새김) · 철불(무쇠 주조) · 금동불 · 소조불,구성: 광배(빛의 표현) · 수인(손 모양) · 삼불상(삼존 형식),,,,2,한국미술사,개념,,불교미술;불상,
811,마사초,Masaccio,초기 르네상스 화가. 선원근법을 벽화에 본격 적용해 평면에 깊은 공간을 만들어 냄,,,,"마사초, 〈성전세〉, 1425년경",https://commons.wikimedia.org/wiki/Special:FilePath/The_Tribute_Money_by_Masaccio.jpg?width=900,2,서양미술사,인물,르네상스,르네상스;회화,
812,헬레니즘,Hellenism,"알렉산드로스 이후 그리스 문화가 널리 퍼진 시기의 미술. 격정과 운동감, 극적인 순간을 즐겨 다룸",고전기의 절제된 이상미에서 벗어나 고통·노쇠·격동 같은 인간적 감정을 직접 드러냄,,,"〈사모트라케의 니케〉, 기원전 2세기",https://commons.wikimedia.org/wiki/Special:FilePath/Winged_Victory_of_Samothrace_%281%29.jpg?width=900,2,서양미술사,사조,고대,서양미술사;고대;헬레니즘,
813,모듈러,Modulor,르 코르뷔지에가 인체 치수와 황금비를 결합해 만든 건축 비례 체계,,,,인체 치수와 황금비의 결합,diagrams/modulor.svg,2,표현기법,원리,현대,디자인;비례;건축,
814,단축법,Foreshortening,대상이 시선 방향으로 놓였을 때 실제보다 짧게 그려 깊이를 나타내는 원근 표현. 누운 인체의 발부터 머리까지를 정면에서 그리면 몸통이 크게 줄어든다,대표작: 만테냐 〈죽은 그리스도〉 — 발치에서 본 시신을 극단적으로 단축,,,"만테냐, 〈죽은 그리스도〉, 1480년경",https://commons.wikimedia.org/wiki/Special:FilePath/Andrea%20Mantegna%20-%20Beweinung%20Christi.jpg?width=700,1,표현기법,기법,,원근법;소묘,
815,대기원근법,공기 원근법 / Aerial Perspective,멀리 있는 것일수록 사이의 공기 때문에 윤곽이 흐려지고 색이 옅어지며 푸르스름해지는 성질을 이용해 거리를 나타내는 방법. 레오나르도 다 빈치가 정리,"대비: 선 원근법은 선과 크기로, 대기원근법은 색과 명암으로 거리를 낸다",,,"레오나르도 다빈치, 〈모나리자〉, 1503년경",https://commons.wikimedia.org/wiki/Special:FilePath/Mona%20Lisa%2C%20by%20Leonardo%20da%20Vinci%2C%20from%20C2RMF%20retouched.jpg?width=700,1,표현기법,기법,,원근법;색채,
816,데콜라주,Décollage,"붙이는 콜라주와 반대로, 거리에 겹겹이 붙은 포스터를 찢어 내어 드러나는 우연한 화면을 작품으로 삼는 기법. 누보 레알리즘의 앵스·빌레글레가 대표",,,,,,2,서양미술사,기법,현대,누보레알리즘;콜라주,
817,드리핑,Dripping,"붓을 캔버스에 대지 않고 물감을 흘리고 뿌려 그리는 기법. 폴록이 바닥에 눕힌 대형 캔버스 둘레를 오가며 썼으며, 그리는 행위 자체가 화면에 남는다",,,,,,1,서양미술사,기법,현대,추상표현주의,
818,로 캔버스,생 캔버스 / Raw Canvas,젯소 밑칠을 하지 않아 천 올이 그대로 드러난 캔버스. 묽은 물감을 붓거나 스며들게 하면 올에 배어 물감과 바탕이 한 몸이 된다. 스테인 페인팅의 바탕,,,,,,2,서양미술사,기법,현대,색면추상;재료,
819,모더니스트 회화,Modernist Painting,"그린버그가 1960년 같은 제목의 글에서 편 주장. 회화는 다른 예술과 공유하지 않는 고유 조건, 곧 평면성에 집중해 스스로를 순수화해 왔으며 그것이 모더니즘의 논리라는 것",귀결: 회화의 평면성을 극단까지 밀어붙인 색면 추상을 정당화하는 비평 틀이 됨,,,,,1,서양미술사,개념,현대,비평;모더니즘,
820,변형 캔버스,셰이프트 캔버스 / Shaped Canvas,"직사각형이 아닌 형태로 만든 캔버스. 스텔라가 1960년대에 안쪽 줄무늬와 바깥 윤곽을 일치시켜, 그림이 창이 아니라 벽에 걸린 하나의 사물임을 드러냈다",,,,,,2,서양미술사,기법,현대,미니멀리즘,
821,브리콜라주,브라콜라주 / Bricolage,"손에 잡히는 것들을 그때그때 끌어모아 짜맞추는 제작 방식. 레비스트로스가 신화적 사고를 설명하며 쓴 말이 미술로 들어와, 기성품과 폐품을 조합하는 아상블라주 계열을 가리킨다",,,,,,2,서양미술사,개념,현대,아상블라주,
822,사실주의 선언,Le Réalisme (1855),1855년 파리 만국박람회에서 대작이 낙선하자 쿠르베가 박람회장 옆에 '사실주의관'을 따로 세우고 낸 팸플릿. 눈에 보이는 동시대의 것만을 그리겠다고 선언했다,주의: 1920년 가보·페브스너의 「리얼리즘 선언」은 이름이 비슷하지만 러시아 구성주의 문헌이다,,,,,2,서양미술사,개념,근대,사실주의,
823,비관계적 회화,무관계 미술 / Non-relational Painting,"스텔라가 자신의 검은 줄무늬 회화를 두고 쓴 말. 유럽 회화가 부분들을 저울질해 균형을 맞추는 '관계적' 구성이었다면, 자신은 줄무늬를 기계적으로 되풀이해 부분 사이의 관계 자체를 없앴다고 했다",,,,,,2,서양미술사,개념,현대,미니멀리즘,
824,서스펜디드 페인팅,드레이프 페인팅 / Suspended Painting,"샘 길리엄이 1960년대 말 시작한 방식. 물감을 들인 캔버스를 틀에서 떼어 천장이나 벽에 늘어뜨려, 회화를 걸린 천이자 공간 속 사물로 바꾸었다",,,,,,3,서양미술사,기법,현대,색면추상,
825,스테인 페인팅,소크 스테인 / Stain Painting,묽게 갠 물감을 밑칠 없는 캔버스에 부어 천에 스며들게 하는 기법. 프랑켄탈러가 1952년 〈산과 바다〉에서 시작해 루이스·놀런드로 이어졌다. 물감이 표면에 얹히지 않고 배어 평면성이 극대화된다,,,,,,1,서양미술사,기법,현대,색면추상,
826,엠파케타주,포장 미술 / Empaquetage,사물이나 건물을 천으로 싸서 형태만 남기고 정체를 감추는 기법. 크리스토와 잔클로드가 베를린 국회의사당과 퐁뇌프를 쌌다. 누보 레알리즘에서 출발,,,,,,2,서양미술사,기법,현대,누보레알리즘,
827,자포니즘,Japonisme,"19세기 후반 유럽에 번진 일본 취향. 우키요에의 평면적 색면, 굵은 윤곽선, 과감하게 자른 구도가 마네·드가·고흐·로트레크에 영향을 주었다",,의의: 서양 회화에 평면적 색면·굵은 윤곽선·과감한 구도를 도입해 인상주의·아르누보 등 근대 미술의 형식 혁신에 큰 영향,배경: 1854년 일본 개항 이후 우키요에·공예품이 유럽에 유입되며 대두,,,1,서양미술사,사조,근대,인상주의;후기인상주의,
828,키치,Kitsch,"값싼 감상과 손쉬운 모방으로 감동을 파는 대중 취향의 산물. 그린버그는 1939년 논문에서 이를 아방가르드의 반대항으로 놓았고, 포스트모던 이후 쿤스 등이 일부러 끌어들였다",,,,,,1,서양미술사,개념,현대,비평;포스트모던,
829,토톨로지,동어반복 / Tautology,"코수스가 개념미술을 규정한 말. 예술 작품은 '이것은 예술이다'라는 명제 자체이며 바깥 세계를 가리키지 않으므로, 논리학에서 그 자체로 참인 분석 명제와 같다고 보았다",,,,,,2,서양미술사,개념,현대,개념미술,
830,페마주,퓌마주 / Fumage,촛불이나 등잔의 그을음을 종이·캔버스에 쐬어 연기 자국으로 형상을 얻는 기법. 초현실주의자 파알렌이 시작했으며 우연의 효과를 노린다,,,,,,2,표현기법,기법,현대,초현실주의;우연,
831,포토몽타주,Photomontage,"여러 사진을 오려 붙여 하나의 새 화면을 만드는 기법. 베를린 다다의 하트필드·회흐가 정치 풍자에 썼고, 러시아 구성주의의 선전물에도 쓰였다",,,,,,1,서양미술사,기법,현대,다다;사진;콜라주,
832,프로티,Frottis,"붓에 물감을 조금만 묻혀 바탕의 결이 비치도록 얇게 문질러 바르는 유화 기법. 밑칠이나 배경을 빠르게 잡을 때 쓰며, 두껍게 올리는 임파스토와 반대",,,,,,3,표현기법,기법,,유화,
833,플라트르,플라스터 / Plâtre,석고를 뜻하는 프랑스어. 소조 원형을 뜨는 주형 재료이자 그 자체로 조각 재료. 물과 섞으면 굳으며 굳을 때 열이 난다,,,,,,3,표현기법,개념,,조소;재료,
834,그라타주,Grattage,겹겹이 칠한 물감층을 칼이나 주걱으로 긁어내어 아래층과 요철이 드러나게 하는 기법. 에른스트가 프로타주를 유화로 옮기며 썼다,,,,,,1,표현기법,기법,현대,초현실주의;우연,
835,그리자유,Grisaille / 그리자이유,"회색 계열 한 가지 색조만으로 명암을 그려 조각 같은 입체감을 내는 화법. 유화의 밑그림 단계나 스테인드글라스, 제단화 바깥 날개에 쓰였다",,,,"얀 반 에이크, 〈성 바르바라〉, 1437",https://commons.wikimedia.org/wiki/Special:FilePath/Saint%20Barbara%20of%20Nicodemia%20-%20Jan%20van%20Eyck%20-%201437.jpg?width=700,2,표현기법,기법,,유화;단색,
836,근본회화,펀더멘틀 페인팅 / Fundamental Painting,1970년대 네덜란드와 유럽에서 회화를 캔버스·물감·붓질이라는 기본 조건으로 되돌려 검토한 분석적 경향. 1975년 암스테르담 시립미술관의 같은 이름 전시에서 굳어졌다,,,,,,2,서양미술사,사조,현대,미니멀리즘;모더니즘,
837,트롱프뢰유,눈속임 그림 / Trompe-l'œil,그린 것이 실물인 줄 착각하게 만들 만큼 사실적으로 그리는 기법. 그림자와 질감을 정밀하게 재현하고 화면 밖으로 튀어나온 듯 배치한다,,,,"페레 보렐 델 카소, 〈비평으로부터의 탈출〉, 1874",https://commons.wikimedia.org/wiki/Special:FilePath/Flucht%20vor%20der%20Kritik%2C%20Pere%20Borrell%20del%20Caso%20-%209626.jpg?width=700,1,표현기법,기법,,사실;착시,
838,데포르마시옹,Déformation,대상의 형태를 일부러 비틀고 과장해 감정이나 조형 의도를 드러내는 변형. 표현주의와 마티스·피카소에서 두드러진다,,,,,,1,표현기법,기법,현대,표현주의,
839,데콩포제,Décomposition,대상을 여러 면이나 요소로 분해해 다시 짜는 방식. 입체주의가 사물을 다시점으로 쪼개어 재구성한 것이 대표적,,,,,,2,표현기법,기법,현대,입체주의,
840,데쿠파주,컷아웃 / Découpage,색종이를 가위로 오려 붙여 화면을 만드는 기법. 말년의 마티스가 '가위로 그린다'며 〈재즈〉와 대형 색종이 연작을 만들었다,,,,,,1,표현기법,기법,현대,야수파;콜라주,
841,메르츠,Merz,"슈비터스가 자신의 콜라주·아상블라주 작업 전체에 붙인 이름. 'Kommerz'라는 낱말 조각에서 따왔다. 버스표·신문·나뭇조각 같은 쓰레기를 모아 붙였고, 나중에는 집 안을 통째로 조형하는 건축적 작업으로 넓어졌다",,,,,,1,서양미술사,개념,현대,다다;아상블라주,
842,모노크롬,Monochrome,"한 가지 색으로만 이루어진 회화. 말레비치의 〈흰 바탕 위의 흰 사각형〉에서 시작해 클랭의 청색 회화, 라인하르트의 검은 회화로 이어졌다. 한국의 단색화와 이름은 닮았으나 맥락이 다르다",,,,,,1,서양미술사,개념,현대,추상;미니멀리즘,
843,네거티브 스페이스,음의 공간 / Negative Space,그려진 대상이 아니라 그 둘레의 비어 있는 부분. 빈 곳도 형태를 지니며 화면 구성의 한 요소로 다룬다. 동양화의 여백과 통한다,대비: 대상이 차지한 부분은 포지티브 스페이스,,,,,1,표현기법,원리,,조형원리;구도,
844,레플리카,Replica,"원작을 본떠 같은 재료와 크기로 다시 만든 것. 작가 자신이나 공방이 만든 재제작을 가리키며, 뒤샹의 〈샘〉처럼 원본이 사라져 이것이 원작을 대신하는 경우도 있다",,,,,,2,서양미술사,개념,,복제,
845,리프로덕션,Reproduction,인쇄·사진·주조 등으로 원작을 대량으로 찍어 낸 것. 벤야민은 기술 복제가 원작의 아우라를 무너뜨린다고 보았다,,,,,,2,서양미술사,개념,,복제,
846,리터럴 아트,리터럴리즘 / Literalist Art,"프리드가 1967년 「미술과 사물성」에서 미니멀리즘을 부른 이름. 작품이 환영 없이 말 그대로의 사물로 놓여 관람자와 하나의 상황을 이룬다며, 그것을 연극성이라 비판했다",,,,,,1,서양미술사,개념,현대,미니멀리즘;비평,
847,패스티시,혼성모방 / Pastiche,여러 출처의 양식과 이미지를 뒤섞어 짜맞춘 것. 제임슨은 패러디가 원본을 비꼬는 데 반해 이것은 비판적 거리 없이 흉내만 낸다고 보고 포스트모던의 특징으로 꼽았다,,,,,,1,서양미술사,개념,현대,포스트모던,
848,프라이머리 스트럭처,Primary Structures,1966년 뉴욕 유대인 미술관에서 열린 전시의 제목. 저드·모리스·앙드레 등의 단순한 기하 입체를 한자리에 모아 미니멀리즘을 세상에 알렸다,,,,,,2,서양미술사,개념,현대,미니멀리즘,
849,지판화,종이 판화 / 紙版畵,"두꺼운 종이를 오리고 겹쳐 붙여 판을 만든 볼록판화. 칼을 쓰지 않아 초등·중등 수업에서 널리 쓰며, 종이 결과 겹친 두께가 그대로 찍힌다",,,,,,1,표현기법,기법,,판화;볼록판화;수업,
850,우키요에,浮世絵,"에도 시대 서민의 풍속을 그린 일본 목판화. 미인·배우·풍경을 다루었고, 그림·조각·인쇄를 나누어 맡는 분업으로 대량 제작됐다. 19세기 유럽에 건너가 자포니즘을 일으켰다",발전: 먹 한 색 → 손채색 → 두세 색 판 인쇄 → 여러 색 판 인쇄(니시키에),"의의: 목판 다색 인쇄로 대중적 서민 미술을 확립했고, 19세기 유럽에 전해져 자포니즘을 일으키며 인상주의·아르누보에 큰 영향",배경: 에도 시대 상공업 발달로 성장한 조닌(서민) 계층의 유흥·풍속에 대한 수요에서 대두,,,1,동양미술사,사조,,판화;일본,
851,수미즈리,묵접회 / 墨摺絵,"먹 한 색으로만 찍은 초기 우키요에. 17세기 후반 모로노부 무렵의 방식으로, 뒤에 손으로 색을 더하는 단계로 나아갔다",,,,"호쿠사이, 스미즈리에",https://commons.wikimedia.org/wiki/Special:FilePath/Le%20Fuji%20dans%20les%20montagnes%20Totomi%20-%20Hokusai%20sumizuri-e%20Guimet%201.jpg?width=700,2,동양미술사,기법,,판화;일본,
852,탄에,단회 / 丹絵,먹으로 찍은 판화 위에 붉은 납 안료인 단(丹)을 손으로 칠한 초기 우키요에. 주황빛 붉은색이 특징,,,,,,2,동양미술사,기법,,판화;일본,
853,우루시에,칠회 / 漆絵,먹에 아교를 섞어 옻칠처럼 광택이 나게 하고 금가루를 뿌리기도 한 손채색 우키요에. 앞 단계보다 짙고 윤이 난다,,,,우루시에 판화,https://commons.wikimedia.org/wiki/Special:FilePath/Urushie.jpg?width=700,2,동양미술사,기법,,판화;일본,
854,베니주리,홍접회 / 紅摺絵,손채색을 벗어나 홍(紅)·초록 등 두세 색을 판으로 찍은 초기 다색 우키요에. 1740년대에 나타나 1765년 하루노부의 니시키에로 이어졌다,,,,"토리이 기요노부 2세, 베니즈리에",https://commons.wikimedia.org/wiki/Special:FilePath/%27Mitate%20no%20Soga-%20Juro%2C%20Goro%2C%20and%20Yoshihide%27%20%28benizuri-e%29%20by%20Torii%20Kiyonobu%20II.jpg?width=700,2,동양미술사,기법,,판화;일본,
855,헤이터스 매너,점도 인쇄 / Viscosity Printing,"헤이터가 파리의 아틀리에 17에서 완성한 동판 다색 인쇄. 점도가 다른 잉크를 단단한 롤러와 무른 롤러로 차례로 올리면 깊이가 다른 홈과 표면에 서로 다른 색이 앉아, 한 판에서 한 번에 여러 색이 찍힌다",,,,,,2,표현기법,기법,현대,판화;오목판화,
856,인탈리오 릴리프,Intaglio-Relief,"한 판의 오목한 홈과 볼록한 표면에 서로 다른 잉크를 올려 한 번에 찍는 방식. 홈은 오목판, 표면은 볼록판으로 쓰이는 셈이며 헤이터의 점도 인쇄가 그 전형이다",,,,,,3,표현기법,기법,현대,판화;오목판화,
857,오픈 바이트,Open Bite,"에칭에서 그라운드를 넓게 벗겨 낸 뒤 산에 담가, 선이 아니라 면 전체를 얕게 부식시키는 기법. 가장자리는 짙고 안쪽은 잉크가 닦여 옅게 찍힌다",,,,,,2,표현기법,기법,,판화;오목판화,
858,스핏 바이트,Spit Bite,아쿠아틴트 송진을 입힌 판에 산을 붓으로 직접 발라 부식시키는 기법. 판을 담그지 않으므로 붓 자국대로 번지는 수채화 같은 톤이 난다,,,,,,2,표현기법,기법,,판화;오목판화,
859,포토 에칭,Photo Etching,감광막을 입힌 판에 필름이나 사진을 노광해 이미지를 옮긴 뒤 부식시키는 기법. 손으로 그리지 않은 사진 이미지를 오목판으로 찍을 수 있다,,,,,,2,표현기법,기법,현대,판화;오목판화;사진,
860,덧무늬토기,융기문토기,그릇 겉면에 흙띠를 덧붙여 무늬를 낸 신석기 초기 토기. 빗살무늬토기보다 앞선다,,,,,,2,한국미술사,개념,선사,토기;신석기,
861,민무늬토기,무문토기,"무늬가 없고 바닥이 평평한 청동기 시대 토기. 농경과 정착 생활의 그릇으로, 붉은간토기·미송리식 토기 등 지역형이 있다",,,,,,1,한국미술사,개념,선사,토기;청동기,
862,붉은간토기,홍도,표면에 산화철을 바르고 문질러 붉은 광택을 낸 청동기 시대 토기. 무덤 부장품으로 많이 나온다,,,,,,2,한국미술사,개념,선사,토기;청동기,
863,검은간토기,흑색마연토기,표면을 검게 하고 문질러 광택을 낸 초기 철기 시대 토기. 목이 길고 몸이 둥글다,,,,,,2,한국미술사,개념,선사,토기;철기,
864,덧띠토기,점토대토기,아가리 바깥에 점토 띠를 덧댄 초기 철기 시대 토기. 세형동검 문화와 함께 나타난다,,,,,,2,한국미술사,개념,선사,토기;철기,
865,간석기,마제석기,"돌을 갈아 날을 세운 석기. 신석기 시대의 특징으로, 뗀석기(타제석기)와 구분된다",,,,,,2,한국미술사,개념,선사,석기;신석기,
866,비파형동검,요령식 동검,날 아랫부분이 비파처럼 불룩한 청동기 시대 동검. 요령 지방과 한반도에 분포하며 고조선의 영역을 짐작하는 근거가 된다,,,,,,1,한국미술사,개념,선사,청동기;금속,
867,세형동검,한국식 동검,날이 좁고 곧은 초기 철기 시대 동검. 비파형동검에서 발전해 한반도 안에서 독자적으로 만들어졌다,,,,,,1,한국미술사,개념,선사,청동기;금속,
868,잔무늬거울,다뉴세문경,뒷면에 가는 선으로 삼각형·동심원 무늬를 빽빽하게 새기고 꼭지가 둘 달린 청동 거울. 초기 철기 시대 정밀 주조 기술의 정점,,,,,,1,한국미술사,개념,선사,청동기;금속,
869,농경문 청동기,,따비로 밭을 가는 사람과 새가 새겨진 청동 의기. 대전 출토로 전하며 청동기 시대 농경과 의례를 보여 준다,,,,,,2,한국미술사,개념,선사,청동기;금속,
870,팔주령,,여덟 가지 끝에 방울이 달린 청동 의기. 제사장이 흔들어 소리를 냈으며 청동기 시대 제의와 관련된다,,,,,,3,한국미술사,개념,선사,청동기;금속,
871,고인돌,지석묘,"큰 돌을 괴어 만든 청동기 시대 무덤. 탁자식(북방식)·바둑판식(남방식)·개석식으로 나뉘며, 한반도에 세계에서 가장 많이 남아 있다",,,,,,1,한국미술사,개념,선사,무덤;청동기,
872,돌무지무덤,적석총,"돌을 쌓아 올려 만든 무덤. 고구려 초기의 장군총처럼 계단식으로 정연하게 쌓은 것이 대표적이며, 백제 한성기 석촌동에도 있다",,,,,,1,한국미술사,개념,삼국,무덤;고구려,
873,벽돌무덤,전축분,벽돌을 쌓아 널방을 만든 무덤. 백제 무령왕릉이 대표적이며 중국 남조의 영향을 보여 준다,,,,,,1,한국미술사,개념,삼국,무덤;백제,
874,독무덤,옹관묘,큰 항아리 두 개를 맞대어 시신을 넣은 무덤. 영산강 유역 마한·백제 지역에서 대형 전용 옹관이 발달했다,,,,,,2,한국미술사,개념,삼국,무덤,
875,모줄임천장,말각조정,네 모서리에 돌을 걸쳐 모를 줄여 가며 좁혀 올린 천장. 고구려 돌방무덤에 흔하며 서역과 이어지는 구조로 본다,,,,,,1,한국미술사,개념,삼국,무덤;고구려;건축,
876,와당,막새,"기와 끝을 막는 둥근 장식 기와. 연꽃무늬가 가장 흔하며, 고구려는 힘차고 백제는 부드러우며 신라는 화려한 차이가 있다",,,,,,1,한국미술사,개념,삼국,건축;기와,
877,치미,,지붕 용마루 양 끝에 올린 새 꼬리 모양의 큰 장식 기와. 삼국 시대 궁궐과 절에 쓰였다,,,,,,2,한국미술사,개념,삼국,건축;기와,
878,곡옥,굽은 옥,반달처럼 휘어진 옥 장식. 신라 금관과 목걸이에 매달렸으며 생명·태아를 상징한다고 본다,,,,,,2,한국미술사,개념,삼국,금속;신라,
879,토우,,흙으로 빚은 작은 사람·동물 인형. 신라 토기의 어깨에 붙이거나 따로 만들었으며 생산과 풍요를 비는 뜻을 담는다,,,,,,1,한국미술사,개념,삼국,토기;신라,
880,상형토기,이형토기,말 탄 사람·배·집·신발 같은 모양을 본뜬 신라·가야 토기. 껴묻거리로 만들어 죽은 이의 저승길과 관련된다,,,,,,1,한국미술사,개념,삼국,토기;신라;가야,
881,회청색 경질토기,도질토기,"1,000도가 넘는 굴가마에서 구워 단단하고 회청색을 띠는 삼국 시대 토기. 두드리면 쇳소리가 나며 신라·가야 토기의 바탕이 된다",,,,,,2,한국미술사,개념,삼국,토기,
882,가야 토기,,굽다리에 세모·네모 구멍(투창)을 뚫은 굽다리접시와 긴 목 항아리가 특징인 토기. 신라 토기보다 곡선이 부드럽다,,,,,,2,한국미술사,개념,삼국,토기;가야,
883,굽다리접시,고배,"높은 굽을 붙인 접시. 신라·가야 무덤에서 많이 나오며, 굽에 뚫은 구멍 배치로 지역과 시기를 가른다",,,,,,2,한국미술사,개념,삼국,토기,
884,통인,시무외·여원인,오른손을 들어 두려움을 없애고 왼손을 내려 소원을 들어준다는 뜻의 손 모양. 삼국 시대 불상에 가장 흔하다,,,,,,1,한국미술사,개념,삼국,불상;수인,
885,고식 불상 양식,,"삼국 시대 초기 불상의 특징. 얼굴이 길고 미소가 크며, 옷자락이 좌우로 뻗치고 광배가 불꽃무늬로 힘차다",,,,,,2,한국미술사,개념,삼국,불상,
886,석탑의 구조,,"아래에서 기단부·탑신부·상륜부로 나뉜다. 탑신은 몸돌과 지붕돌(옥개석)이 층을 이루고, 상륜부는 노반·복발·앙화·보륜·보개·찰주로 올라간다",,,,,,1,한국미술사,개념,삼국,탑;건축,
887,목탑,,"나무로 짠 탑. 삼국 시대 탑의 원형으로 황룡사 구층탑이 대표적이나 남은 것이 없고, 미륵사지 석탑이 그 모습을 돌로 옮겼다",,,,,,1,한국미술사,개념,삼국,탑;건축,
888,모전석탑,,돌을 벽돌 모양으로 다듬어 쌓은 탑. 분황사 석탑이 대표적으로 신라 초기의 전탑 모방 형식,,,,,,1,한국미술사,개념,삼국,탑,
889,전탑,,벽돌을 쌓아 올린 탑. 안동 지역에 여럿 남아 있으며 중국 탑의 영향을 보여 준다,,,,,,2,한국미술사,개념,삼국,탑,
890,백제계 석탑,,"목탑의 부재를 돌로 옮긴 백제 석탑 전통. 얇고 넓은 지붕돌과 완만한 체감이 특징이며, 고려 때 옛 백제 땅에서 되살아났다",,,,,,2,한국미술사,개념,삼국,탑;백제,
891,사천왕상,,동서남북을 지키는 네 호법신. 갑옷을 입고 악귀를 밟은 모습으로 석탑 몸돌이나 절 입구 천왕문에 새겨진다,,,,,,1,한국미술사,개념,삼국,불교;조각,
892,팔부중상,,불법을 지키는 여덟 신장. 통일신라 석탑 기단에 새겨지며 각기 다른 무기와 자세를 지닌다,,,,,,2,한국미술사,개념,통일신라,불교;조각,
893,십이지신상,,쥐부터 돼지까지 열두 동물 머리에 사람 몸을 한 수호신. 통일신라 왕릉 둘레돌과 탑에 새겨져 방위를 지킨다,,,,,,1,한국미술사,개념,통일신라,불교;조각;무덤,
894,비천상,,하늘을 나는 천인. 옷자락과 띠가 흩날리는 모습으로 범종·석등·부도에 새겨지며 성덕대왕신종의 것이 가장 이름 높다,,,,,,1,한국미술사,개념,통일신라,불교;조각,
895,한국 범종 양식,,"꼭대기의 용 고리(용뉴)와 소리 대롱(음통), 어깨의 유곽과 유두, 몸통의 비천상과 당좌를 갖춘 형식. 중국·일본 종과 다른 한국 고유형",,,,,,1,한국미술사,개념,통일신라,금속;불교,
896,귀부와 이수,,비석의 거북 모양 받침과 용을 새긴 머릿돌. 통일신라 이후 왕릉비와 고승비의 기본 형식,,,,,,2,한국미술사,개념,통일신라,석조;비석,
897,사리기,,부처나 고승의 사리를 담는 그릇. 유리병을 금·은·동 상자에 겹겹이 넣어 탑 안에 봉안하며 당대 금속 공예의 정수를 보인다,,,,,,2,한국미술사,개념,삼국,금속;불교,
898,통일신라 불상 양식,,"8세기 중엽에 이른 이상적 사실주의. 균형 잡힌 비례와 탄력 있는 몸, 얇게 밀착된 옷주름이 특징이며 석굴암이 정점",,,,,,1,한국미술사,개념,통일신라,불상,
899,지권인,,왼손 검지를 오른손으로 감싸 쥔 손 모양. 비로자나불의 표시로 9세기 통일신라 철불에 많다,,,,,,1,한국미술사,개념,통일신라,불상;수인,
900,선정인,,두 손을 배 앞에 포개어 놓은 손 모양. 깊은 명상에 든 상태를 나타낸다,,,,,,2,한국미술사,개념,,불상;수인,
901,전법륜인,,두 손을 가슴 앞에서 엄지와 검지를 맞대어 바퀴를 굴리는 모양. 첫 설법을 뜻한다,,,,,,2,한국미술사,개념,,불상;수인,
902,비로자나불,,우주의 진리 그 자체를 부처로 형상화한 것. 지권인을 하며 9세기 선종의 유행과 함께 철불로 많이 만들어졌다,,,,,,1,한국미술사,개념,통일신라,불상;불교,
903,대좌,연화대좌,불상을 올려놓는 받침. 연꽃을 위아래로 새긴 것이 기본이며 통일신라에는 팔각으로 발달했다,,,,,,2,한국미술사,개념,,불상,
904,쌍탑 가람,,금당 앞에 탑을 동서로 두 기 세운 절 배치. 통일신라 감은사에서 시작해 불국사로 이어졌다,,,,,,1,한국미술사,개념,통일신라,건축;가람,
905,가람 배치,,"절의 건물 배치 형식. 탑을 중심에 두는 일탑식에서 통일신라의 쌍탑식으로, 고려 이후 산지에 맞춘 자유 배치로 바뀐다",,,,,,1,한국미술사,개념,삼국,건축;가람,
906,녹유,,"납 성분 유약으로 낸 초록빛. 통일신라의 뼈항아리와 벽돌, 신장상에 쓰였다",,,,,,2,한국미술사,개념,통일신라,도자;유약,
907,뼈항아리,골호,화장한 뼈를 담은 항아리. 불교의 화장 풍습과 함께 통일신라에 유행했으며 인화문 토기가 많다,,,,,,2,한국미술사,개념,통일신라,토기;불교,
908,인화문 토기,,도장을 찍어 무늬를 낸 통일신라 토기. 같은 무늬가 규칙적으로 되풀이되며 분청 인화 기법의 먼 뿌리가 된다,,,,,,2,한국미술사,개념,통일신라,토기,
909,목판 인쇄술,,나무판에 글자를 새겨 찍는 인쇄. 무구정광대다라니경이 현존 최고의 목판 인쇄물이며 고려 대장경으로 이어졌다,,,,,,1,한국미술사,개념,통일신라,인쇄;판화,
910,팔각원당형 승탑,,여덟 모의 지붕과 몸돌을 가진 승탑 양식. 통일신라 말 선종의 유행과 함께 확립되어 고려로 이어졌다,,,,,,1,한국미술사,개념,통일신라,석조;불교,
911,입사,은입사,금속 표면에 홈을 파고 금·은 선을 박아 무늬를 내는 기법. 고려 청동 정병과 향완의 은선 장식이 뛰어나다,,,,"통도사 청동 은입사 향완, 보물 제334호",https://commons.wikimedia.org/wiki/Special:FilePath/%ED%86%B5%EB%8F%84%EC%82%AC%20%EC%B2%AD%EB%8F%99%20%EC%9D%80%EC%9E%85%EC%82%AC%20%ED%96%A5%EC%99%84%20%28%EB%B3%B4%EB%AC%BC%20%EC%A0%9C334%ED%98%B8%29.jpg?width=700,1,한국미술사,기법,고려,금속;공예,
912,정병,,목이 길고 주둥이가 따로 달린 물병. 관음보살의 지물이며 고려 청동은입사 것이 대표적,,,,,,2,한국미술사,개념,고려,금속;불교,
913,향완,,고려 시대 놋쇠 향로. 밥그릇 모양 몸통에 넓은 받침이 달렸고 은입사로 범자와 넝쿨무늬를 새겼다,,,,,,3,한국미술사,개념,고려,금속;불교,
914,음각·양각·투각 청자,,"무늬를 파서 새긴 음각, 도드라지게 한 양각, 뚫어 낸 투각 청자. 상감이 나오기 전 12세기 순청자의 장식 기법",,,,"청자 투각 칠보무늬 향로, 국립중앙박물관",https://commons.wikimedia.org/wiki/Special:FilePath/%EC%B2%AD%EC%9E%90%20%ED%88%AC%EA%B0%81%20%EC%B9%A0%EB%B3%B4%EB%AC%B4%EB%8A%AC%20%ED%96%A5%EB%A1%9C%2C%20%EA%B5%AD%EB%A6%BD%EC%A4%91%EC%95%99%EB%B0%95%EB%AC%BC%EA%B4%80.jpg?width=700,1,한국미술사,기법,고려,청자;도자,
915,철화청자,,산화철 안료로 붓 그림을 그린 청자. 자유롭고 활달한 필치가 특징,,,,,,2,한국미술사,기법,고려,청자;도자,
916,동화청자,진사청자,산화동 안료로 붉은색을 낸 청자. 환원염에서 붉게 발색하며 세계에서 가장 이른 동채 도자로 꼽힌다,,,,,,1,한국미술사,기법,고려,청자;도자,
917,화금청자,,상감청자 위에 금을 입힌 최고급 청자. 원 간섭기에 나타났으며 남은 예가 드물다,,,,,,3,한국미술사,기법,고려,청자;도자,
918,퇴화 기법,,백토나 자토를 붓에 묻혀 점이나 선을 도드라지게 찍는 장식. 청자 표면에 흰 점무늬를 내는 데 쓰였다,,,,청자 철채 퇴화 잎무늬 매병,https://commons.wikimedia.org/wiki/Special:FilePath/%EC%B2%AD%EC%9E%90%20%EC%B2%A0%EC%B1%84%20%ED%87%B4%ED%99%94%20%EC%9E%8E%20%EB%AC%B4%EB%8A%AC%20%EB%A7%A4%EB%B3%91.jpg?width=700,2,한국미술사,기법,고려,청자;도자,
919,비색,,"고려청자의 푸른빛을 가리키는 말. 송의 서긍이 『고려도경』에 이 이름으로 적었고, 철분 적은 유약을 환원염에서 구워 얻는다",,,,,,1,한국미술사,개념,고려,청자;도자;색,
920,역상감,,무늬가 아니라 바탕을 파내어 채우는 상감. 무늬가 태토색으로 남고 바탕이 희거나 검게 된다,,,,,,2,한국미술사,기법,고려,청자;도자,
921,연리문,교태,흰 흙·붉은 흙·청자 흙을 섞어 반죽해 대리석 같은 무늬를 낸 도자. 고려 청자에 드물게 보인다,,,,,,3,한국미술사,기법,고려,청자;도자,
922,고려도경,,1123년 송의 사신 서긍이 고려를 다녀가 쓴 견문록. 고려청자를 비색이라 부르고 당시 공예와 풍속을 기록해 미술사의 1차 자료가 된다,,,,,,2,한국미술사,개념,고려,문헌;청자,
923,강진·부안 가마,,고려청자를 구운 대표 관영 가마터. 전남 강진 사당리와 전북 부안 유천리에서 최고급 상감청자가 만들어졌다,,,,,,2,한국미술사,개념,고려,청자;도자;가마,
924,갑발,,"그릇을 넣어 굽는 내화토 통. 재와 불티가 닿지 않아 고급 자기를 깨끗하게 구울 수 있으며, 이렇게 구운 백자를 갑번이라 한다",,,,,,2,한국미술사,개념,,도자;가마,
925,굽받침,,가마 안에서 그릇 굽에 받쳐 유약이 바닥에 붙지 않게 하는 것. 고려 최고급 청자는 규석 받침을 써 자국이 작고 깨끗하다,,,,,,3,한국미술사,개념,고려,도자;가마,
926,청자 기와,,청자로 구운 기와. 고려 의종 때 정자 지붕을 덮었다는 기록과 실물 조각이 전해 청자 기술의 수준을 보여 준다,,,,,,3,한국미술사,개념,고려,청자;건축,
927,아미타내영도,,아미타불이 죽는 이를 맞으러 오는 장면을 그린 불화. 고려 불화의 대표 주제로 정토 신앙을 반영한다,,,,,,1,한국미술사,개념,고려,불화;불교,
928,관경변상도,,『관무량수경』의 내용을 그림으로 풀어낸 불화. 극락의 모습과 열여섯 가지 관법을 한 화면에 짜 넣는다,,,,,,2,한국미술사,개념,고려,불화;불교,
929,지장보살도,,지옥 중생을 구제하는 지장보살을 그린 불화. 두건을 쓰거나 삭발한 모습에 석장과 보주를 든다,,,,,,2,한국미술사,개념,고려,불화;불교,
930,나한도,,부처의 제자인 나한을 그린 그림. 고려에는 오백 명을 그린 것이 유행했으며 개성 있는 얼굴 표현이 특징,,,,,,2,한국미술사,개념,고려,불화;불교,
931,변상도,사경변상도,경전의 내용을 그림으로 나타낸 것. 사경의 첫머리에 금·은니로 그린 것이 고려에 뛰어나다,,,,,,1,한국미술사,개념,고려,불화;사경,
932,감지금니,,쪽물 들인 검푸른 종이에 금가루 물감으로 쓰고 그린 것. 고려 사경의 대표 형식으로 은을 쓰면 감지은니,,,,,,1,한국미술사,기법,고려,사경;불교,
933,대장경 판각,,"불교 경전 전체를 목판에 새긴 국가 사업. 고려 초조대장경은 불타고, 재조대장경(팔만대장경)이 해인사에 전한다",,,,,,1,한국미술사,개념,고려,인쇄;판화;불교,
934,다각다층석탑,,팔각 등 여러 모의 평면에 층수가 많은 고려 석탑. 월정사 팔각구층석탑이 대표적이며 송·요의 영향을 보인다,,,,,,2,한국미술사,개념,고려,탑;석조,
935,고려 대형 석불,,10세기 지방 호족의 후원으로 세워진 거대한 석불. 관촉사 석조미륵보살입상처럼 비례가 과장되고 토속적이다,,,,,,1,한국미술사,개념,고려,불상;석조,
936,공포,포작,"기둥 위에서 지붕 무게를 받아 기둥으로 전달하는 나무 부재의 짜임. 첨차와 살미를 겹쳐 짜며, 기둥 위에만 두면 주심포·사이에도 두면 다포",,,,,,1,한국미술사,개념,고려,건축;목조,
937,귀솟음과 안쏠림,,"바깥 기둥을 가운데보다 조금 높이고 안쪽으로 살짝 기울여, 건물이 벌어져 보이는 착시를 막는 기법",,,,,,1,한국미술사,기법,고려,건축;목조;착시,
938,우진각지붕,,네 면 모두 경사진 지붕. 궁궐 문루와 성문에 많이 쓰이며 맞배·팔작과 함께 한옥 지붕의 세 기본형,,,,,,2,한국미술사,개념,조선,건축;지붕,
939,모임지붕,,추녀마루가 한 점에 모이는 지붕. 정자나 탑 모양 건물에 쓰이며 사모·육모·팔모 지붕이 있다,,,,,,3,한국미술사,개념,조선,건축;지붕,
940,겹처마,,서까래 끝에 네모난 부연을 덧대어 처마를 더 길게 뺀 것. 격이 높은 건물에 쓴다,,,,,,2,한국미술사,개념,조선,건축;목조,
941,덤벙주초,,다듬지 않은 자연석을 그대로 주춧돌로 쓴 것. 기둥 밑을 돌 모양에 맞추어 깎는 그렝이질과 짝을 이룬다,,,,,,2,한국미술사,기법,조선,건축;목조,
942,그렝이질,,기둥이나 부재의 밑을 울퉁불퉁한 돌 표면에 꼭 맞게 깎아 앉히는 기법. 못 없이도 흔들리지 않는다,,,,,,2,한국미술사,기법,조선,건축;목조,
943,가구식 구조,,기둥 위에 보와 도리를 걸고 그 위에 서까래를 얹어 짜 올리는 한국 목조 건축의 뼈대 방식. 벽은 하중을 받지 않는다,,,,,,1,한국미술사,개념,,건축;목조,
944,철화 분청,,백토 분장 위에 산화철로 물고기·풀 무늬를 그린 분청사기. 계룡산 학봉리 가마의 것이 대표적으로 필치가 자유롭다,,,,분청사기 철화 넝쿨무늬 병,https://commons.wikimedia.org/wiki/Special:FilePath/PaintedJar%2Cbuncheong.Joseon%2015th%20-16th%20cent.%20British%20Museum.jpg?width=700,1,한국미술사,기법,조선전기,분청사기;도자,
945,관요,분원,"왕실과 관청용 그릇을 만들던 나라의 가마. 조선은 사옹원 소속으로 경기 광주에 두었고, 1883년 민영화되었다",,,,,,1,한국미술사,개념,조선,도자;백자,
946,백자 명기,,무덤에 넣기 위해 작게 만든 백자 그릇과 인형. 조선 전기 사대부 무덤에서 나오며 당시 생활 그릇의 축소판,,,,,,3,한국미술사,개념,조선전기,백자;도자,
947,옹기,,"잿물을 입혀 구운 갈색 항아리. 미세한 숨구멍이 있어 장·김치가 발효되며, 지역마다 형태가 다르다",,,,,,1,한국미술사,개념,조선,도자;생활,
948,여기화,,사대부가 직업이 아닌 취미와 수양으로 그린 그림. 기교보다 뜻을 중시해 문인화의 바탕이 된다,,,,,,2,한국미술사,개념,조선,회화;문인화,
949,화원,,도화서에 속한 직업 화가. 시험으로 뽑았으며 어진·의궤·지도 등 나라의 그림 일을 맡았다,,,,,,1,한국미술사,개념,조선,회화;제도,
950,실경산수,,실제 경치를 그린 산수화. 고려·조선 전기에도 있었으나 정선의 진경산수에서 독자적 화풍으로 무르익었다,,,,,,2,한국미술사,개념,조선,회화;산수,
951,소상팔경도,,중국 소수와 상수가 만나는 곳의 여덟 경치를 그린 그림. 조선 전기에 크게 유행한 관념산수의 대표 주제,,,,,,2,한국미술사,개념,조선전기,회화;산수,
952,계회도,,"관리들의 모임을 기념해 그린 그림. 위에 제목, 가운데 모임 장면, 아래 참석자 명단을 적는 형식이 조선 전기에 정착했다",,,,,,2,한국미술사,개념,조선전기,회화;기록화,
953,반차도,,왕실 행사의 행렬을 순서대로 그린 그림. 의궤에 실려 인물·가마·의장의 배치를 정확히 전한다,,,,,,2,한국미술사,개념,조선후기,회화;기록화;의궤,
954,일월오봉도,,"해와 달, 다섯 봉우리, 소나무와 물결을 좌우 대칭으로 그린 병풍. 왕의 자리 뒤에만 놓여 왕권을 상징한다",,,,,,1,한국미술사,개념,조선,회화;궁중장식화,
955,모란도,,부귀를 뜻하는 모란을 크게 그린 그림. 궁중 병풍과 민화에 두루 쓰였다,,,,,,2,한국미술사,개념,조선후기,회화;궁중장식화;민화,
956,요지연도,,서왕모가 곤륜산 요지에서 베푼 잔치를 그린 궁중 병풍. 장수와 태평을 기원한다,,,,,,3,한국미술사,개념,조선후기,회화;궁중장식화,
957,곽분양행락도,,당의 곽자의가 자손에 둘러싸여 잔치를 즐기는 장면을 그린 병풍. 부귀와 다복의 상징으로 혼례에 쓰였다,,,,,,3,한국미술사,개념,조선후기,회화;궁중장식화,
958,궁중 장식화,,궁궐을 꾸미고 왕실의 권위와 길상을 나타내려 도화서 화원이 그린 그림. 일월오봉도·십장생도·모란도·책가도가 대표적,,,,,,1,한국미술사,개념,조선,회화;궁중장식화,
959,어해도,,"물고기와 게 등 물속 생물을 그린 그림. 알을 많이 낳는 물고기는 다산을, 게는 과거 급제를 뜻한다",,,,,,2,한국미술사,개념,조선후기,회화;민화,
960,안견파,,안견의 화풍을 따른 조선 전기 산수화의 흐름. 곽희파를 바탕으로 한쪽에 경물을 몰고 반대쪽을 비우는 편파 구도가 특징,,"의의: 몽유도원도의 관념적 이상 산수 화풍을 조선 초기 화단의 표준으로 확립, 이후 절파 화풍 유입 전까지 화단을 주도",배경: 세종대 안평대군의 후원과 안견의 화원 활동을 배경으로 형성,,,1,한국미술사,사조,조선전기,회화;산수,
961,송설체,,원의 조맹부가 이룬 유려하고 단정한 글씨체. 고려 말 들어와 조선 전기 서예의 표준이 되었고 안평대군이 대표적,,,,,,1,한국미술사,개념,조선전기,서예,
962,석봉체,,한호의 단정하고 힘 있는 해서체. 왕희지를 바탕으로 했으며 조선 중기 국가 문서와 교본의 글씨가 되었다,,,,,,2,한국미술사,개념,조선중기,서예,
963,낙관,,글씨나 그림을 마치고 이름·호와 날짜를 쓰고 도장을 찍는 일. 작품의 완성과 작가를 알리는 표시,,,,,,1,한국미술사,개념,,서예;회화,
964,전각,,돌·나무에 글자를 새겨 도장을 만드는 예술. 글자가 흰 백문과 붉은 주문이 있으며 전서를 주로 쓴다,,,,,,1,한국미술사,기법,,서예;공예,
965,병풍,,"여러 폭을 이어 접었다 펼 수 있게 만든 그림 형식. 바람을 막고 공간을 나누며, 8폭·10폭에 이야기를 펼친다",,,,,,2,한국미술사,개념,조선,회화;형식,
966,화첩,,"여러 장의 그림을 책처럼 묶은 형식. 펼쳐 가까이 보며, 김홍도 풍속도첩처럼 한 주제의 연작을 담는다",,,,,,2,한국미술사,개념,조선,회화;형식,
967,두루마리,권축,옆으로 길게 이어 말아 두는 그림 형식. 펼쳐 가며 보므로 시점이 옮겨 가고 이야기가 흐른다,,,,,,2,한국미술사,개념,,회화;형식,
968,장황,표구,그림이나 글씨에 비단과 종이를 덧대어 족자·병풍·화첩으로 꾸미는 일. 작품을 보호하고 격을 더한다,,,,,,2,한국미술사,기법,,회화;공예,
969,묵죽,,먹으로만 그린 대나무 그림. 곧은 절개를 뜻하며 이정이 조선의 으뜸으로 꼽힌다,,,,,,1,한국미술사,개념,조선,회화;사군자,
970,묵매,,먹으로 그린 매화. 추위를 이기고 먼저 피는 절개를 나타내며 어몽룡·조희룡이 이름 높다,,,,,,2,한국미술사,개념,조선,회화;사군자,
971,벽사,,"나쁜 기운과 잡귀를 물리친다는 뜻. 호랑이 그림, 처용 그림, 단청의 붉은색이 이 구실을 한다",,,,,,1,한국미술사,개념,,민화;상징,
972,길상,,복·장수·다산·출세를 비는 뜻. 십장생·모란·물고기·박쥐 무늬가 각각 상징을 지녀 민화와 공예에 두루 쓰였다,,,,,,1,한국미술사,개념,,민화;상징,
973,문갑,,문서와 문방구를 넣는 낮고 긴 가구. 사랑방 창 아래에 두었으며 조선 목가구의 절제된 비례를 보여 준다,,,,,,3,한국미술사,개념,조선,목가구;공예,
974,장과 농,,"옷을 넣는 가구로, 층이 하나로 이어진 것이 장, 따로 떼어 포갤 수 있는 것이 농이다",,,,,,3,한국미술사,개념,조선,목가구;공예,
975,서안,,글을 읽고 쓰는 낮은 책상. 사랑방의 중심 가구로 소박한 짜임을 보인다,,,,,,3,한국미술사,개념,조선,목가구;공예,
976,짜맞춤,사개맞춤,못을 쓰지 않고 나무끼리 끼워 맞추는 목공 기법. 나무가 늘고 줄어도 견디며 해체해 고칠 수 있다,,,,,,1,한국미술사,기법,,목가구;공예,
977,옻칠,,옻나무 진을 여러 번 발라 굳힌 칠. 방수·방충이 되고 깊은 광택이 나며 나전의 바탕이 된다,,,,,,1,한국미술사,기법,,공예;칠,
978,보자기,,"물건을 싸고 덮는 네모난 천. 궁중 것은 궁보, 민가 것은 민보라 하며 자투리를 이은 조각보가 유명하다",,,,,,2,한국미술사,개념,조선,공예;섬유,
979,자수,,바늘과 실로 천에 무늬를 놓는 공예. 궁중 것과 민간 것이 있으며 병풍·흉배·주머니에 쓰였다,,,,,,2,한국미술사,기법,,공예;섬유,
980,매듭,,끈을 엮어 장식을 만드는 공예. 노리개·유소에 쓰이며 국화·나비·연봉 등 모양마다 이름이 있다,,,,,,3,한국미술사,기법,,공예;섬유,
981,한지,,닥나무 껍질로 만든 우리 종이. 질기고 오래가며 창호·서화·공예에 두루 쓰인다,,,,,,1,한국미술사,개념,,재료;공예,
982,지승공예,,종이를 가늘게 꼬아 노끈을 만들고 그것을 엮어 그릇·자리를 만드는 공예,,,,,,3,한국미술사,기법,,공예;종이,
983,유기,방짜,"놋쇠 그릇. 구리와 주석을 녹여 두드려 만든 것과 틀에 부은 주물이 있으며, 두드린 것은 휘지 않고 소리가 맑다",,,,,,2,한국미술사,개념,,금속;공예,
984,서원 건축,,"선현을 모시고 학문을 가르치던 사립 교육 기관의 건축. 앞에 강학 공간, 뒤에 제향 공간을 두는 전학후묘 배치가 기본",,,,,,1,한국미술사,개념,조선,건축;유교,
985,궁궐 배치,,"앞에 조정, 뒤에 침전을 두는 전조후침과, 세 문을 지나 세 마당을 거치는 삼문삼조의 원칙. 경복궁이 이를 가장 잘 따른다",,,,,,1,한국미술사,개념,조선,건축;궁궐,
986,한옥의 공간 구성,,안채·사랑채·행랑채로 나뉘고 마당을 사이에 둔다. 남녀유별과 신분 질서가 공간에 반영되며 자연 지형을 따른다,,,,,,1,한국미술사,개념,조선,건축;한옥,
987,대청,마루,"방과 방 사이에 널을 깐 큰 공간. 바닥을 띄워 바람이 통하게 한 남방식 요소로, 북방식 온돌과 함께 한옥의 특징을 이룬다",,,,,,1,한국미술사,개념,조선,건축;한옥,
988,산지 가람,,산속 지형을 따라 건물을 자유롭게 배치한 절. 고려 이후 선종의 영향으로 일주문·천왕문·불이문을 차례로 지나며 오르는 구성,,,,,,2,한국미술사,개념,고려,건축;가람,
989,동연사,,1923년 이상범·변관식·노수현·이용우가 만든 동양화 단체. 전통 산수의 근대화를 모색했으나 오래가지 못했다,,,,,,2,한국미술사,개념,근대,단체;한국화,
990,녹향회,,1928년 결성된 서양화 단체. 조선미술전람회에 맞서 순수 미술과 향토적 주제를 내세웠다,,,,,,3,한국미술사,개념,근대,단체;서양화,
991,목일회,,1934년 결성된 서양화 단체. 구본웅·이종우 등이 참여해 아카데미즘에서 벗어난 표현을 시도했다,,,,,,3,한국미술사,개념,근대,단체;서양화,
992,국전,대한민국미술전람회,1949년부터 1981년까지 열린 국가 주최 공모전. 화단의 등용문이었으나 아카데미즘과 파벌로 비판받아 폐지되었다,,,,,,1,한국미술사,개념,근현대,제도;전람회,
993,한국아방가르드협회,AG,1969년 결성된 전위 미술 단체. 기하학적 추상·오브제·개념미술 등 실험을 이끌며 잡지 『AG』를 냈다,,,,,,2,한국미술사,개념,근현대,단체;실험미술,
994,ST 그룹,,1971년 결성된 실험 미술 그룹. 이건용 등이 논리적·개념적 작업과 이벤트를 펼쳤다,,,,,,2,한국미술사,개념,근현대,단체;실험미술,
995,현실과 발언,,1979년 결성된 민중미술의 첫 소집단. 삶과 현실을 말하는 미술을 내걸고 도시·대중문화를 비판적으로 다루었다,,,,,,1,한국미술사,개념,근현대,단체;민중미술,
996,걸개그림,,집회 현장에 내걸기 위해 천에 크게 그린 그림. 1980년대 민중미술의 대표 형식으로 공동 제작이 많다,,,,,,1,한국미술사,기법,근현대,민중미술,
997,향토색,,1930년대 조선미술전람회에서 장려된 조선적 소재와 정서. 일제의 시선에 맞춘 이국 취향이라는 비판과 민족 정서의 표현이라는 평가가 맞선다,,,,,,1,한국미술사,개념,근대,담론;식민지,
998,한국화,,1980년대부터 '동양화' 대신 쓰이게 된 이름. 일본화·중국화와 구별되는 우리 전통 회화의 정체성을 세우려는 뜻을 담았다,,,,,,1,한국미술사,개념,근현대,담론;한국화,
999,수묵화 운동,,1980년대 초 송수남 등이 이끈 흐름. 서구 추상에 기울지 않고 수묵의 정신성으로 한국화의 현대성을 찾고자 했다,,,,,,2,한국미술사,사조,근현대,한국화,
1000,진채,,안료를 짙고 두껍게 칠하는 채색화. 담채와 대비되며 궁중 장식화·불화·근대 채색화에 쓰인다,,,,,,1,한국미술사,기법,,채색;한국화,
1001,광주비엔날레,,1995년 시작된 국제 현대미술 전시. 5·18의 도시에서 열려 아시아 최초의 비엔날레가 되었다,,,,,,2,한국미술사,개념,근현대,제도;전시,
1002,신미술운동,,1980년대 민중미술 진영이 내건 말. 미술을 삶과 현실 속으로 되돌리려는 운동 전반을 가리킨다,,,,,,3,한국미술사,개념,근현대,민중미술;담론,
1003,도화서 화원 시험,,죽·산수·인물·영모·화초 순으로 등급을 두어 화원을 뽑았다. 대나무가 가장 높고 화초가 가장 낮았다,,,,,,2,한국미술사,개념,조선,제도;회화,
1004,이곽파,,북송 이성과 곽희의 화풍을 잇는 산수 유파. 게 발톱 같은 나뭇가지와 구름 같은 바위가 특징이며 안견에게 영향을 주었다,,,,,,2,한국미술사,사조,조선전기,회화;산수,
1005,삼국 금관,,신라 마립간기의 출자형(出字形) 나뭇가지 장식 금관과 가야 금관. 곡옥과 달개를 달아 흔들리며 빛난다,,,,,,1,한국미술사,개념,삼국,금속;신라,
1006,금동관,,"구리에 금을 입혀 만든 관. 백제 무령왕릉 관식, 가야·신라 지방 출토품이 있어 신분과 세력을 보여 준다",,,,,,2,한국미술사,개념,삼국,금속,
1007,석빙고,,얼음을 저장하던 돌로 쌓은 창고. 조선 후기 경주·안동 등에 남아 있으며 홍예 천장으로 하중을 견딘다,,,,,,3,한국미술사,개념,조선후기,건축;석조,
1008,홍예,무지개다리,돌을 아치 모양으로 쌓은 구조. 성문과 다리에 쓰이며 불국사 청운교·백운교가 이름 높다,,,,,,2,한국미술사,개념,,건축;석조,
1009,석조 부도의 구성,,받침돌(기단)·몸돌(탑신)·지붕돌(옥개)·머리장식(상륜)으로 이루어지며 몸돌에 사천왕이나 문비를 새긴다,,,,,,3,한국미술사,개념,통일신라,석조;불교,
1010,석조 미술의 화강암,,"한국 석조 미술의 주 재료. 단단하고 결이 거칠어 세밀한 조각보다 간결한 양감에 맞으며, 석굴암이 인공 석굴이 된 까닭이다",,,,,,2,한국미술사,개념,,재료;석조,
1011,불상의 32상,,부처의 몸에 있다는 서른두 가지 특징. 육계(정수리 솟음)·백호(미간의 털)·삼도(목의 세 줄)가 불상에 표현된다,,,,,,1,한국미술사,개념,,불상;도상,
1012,육계와 백호,,"육계는 정수리의 상투 모양 돌기, 백호는 미간의 흰 털로 빛을 낸다는 표시. 부처를 알아보는 기본 도상",,,,,,2,한국미술사,개념,,불상;도상,
1013,보살상,,깨달음을 미루고 중생을 구하는 존재의 상. 보관을 쓰고 장신구를 걸쳐 부처와 구별되며 관음·미륵·문수·보현이 대표적,,,,,,1,한국미술사,개념,,불상;도상,
1014,천왕문과 금강문,,절 입구에서 사천왕과 금강역사가 지키는 문. 일주문 다음에 차례로 지나며 속세에서 불국으로 들어가는 과정을 나타낸다,,,,,,2,한국미술사,개념,,건축;가람,
1015,법당의 종류,,"모시는 부처에 따라 이름이 다르다. 석가모니는 대웅전, 아미타불은 극락전(무량수전), 비로자나불은 대적광전, 미륵불은 미륵전",,,,,,1,한국미술사,개념,,건축;가람;불교,
1016,불단과 닫집,,법당 안 불상을 모신 단과 그 위에 작은 집처럼 짠 천개. 조선 후기 법당의 화려한 장엄을 보여 준다,,,,,,3,한국미술사,개념,조선후기,건축;불교,
1017,꽃살문,,연꽃·모란 등을 통째로 새겨 짠 법당 문살. 조선 후기 사찰의 대표 장식으로 부안 내소사 것이 이름 높다,,,,,,2,한국미술사,개념,조선후기,건축;불교;목조,
1018,괘불대,,야외 법회 때 괘불을 거는 돌기둥 한 쌍. 법당 앞마당에 세우며 당간지주와 모양이 비슷하다,,,,,,3,한국미술사,개념,조선후기,건축;불교,
1019,사찰 벽화,,"법당 안팎 벽에 그린 불교 그림. 부석사 조사당 벽화가 고려 것으로 가장 오래되고, 조선 후기에는 팔상도·심우도가 많다",,,,,,2,한국미술사,개념,,불화;벽화,
1020,심우도,십우도,소를 찾는 열 장면으로 깨달음의 과정을 나타낸 그림. 선종 사찰 법당 바깥벽에 그린다,,,,,,2,한국미술사,개념,조선후기,불화;선종,
1021,팔상도,,석가모니의 생애를 여덟 장면으로 그린 불화. 탄생에서 열반까지를 팔상전에 모신다,,,,,,2,한국미술사,개념,조선후기,불화,
1022,신중도,,불법을 지키는 여러 신을 그린 불화. 법당 옆벽에 걸며 조선 후기에 도상이 크게 늘었다,,,,,,3,한국미술사,개념,조선후기,불화,
1023,감로탱,,"죽은 이의 영혼을 위로하는 의식용 불화. 위에 부처, 가운데 재단, 아래에 지옥과 인간 세상의 장면을 그려 조선 후기 풍속 자료가 된다",,,,,,2,한국미술사,개념,조선후기,불화,
1024,조선 후기 불화의 특징,,"고려 불화의 귀족적 섬세함 대신 붉은색과 녹색 위주의 강한 색, 많은 인물, 서민적이고 설명적인 구성이 특징",,,,,,1,한국미술사,개념,조선후기,불화,
1025,석조 비로자나불의 유행,,9세기 통일신라 말 선종 구산문과 함께 비로자나불이 크게 늘었다. 지권인을 하며 철불로도 많이 만들어졌다,,,,,,2,한국미술사,개념,통일신라,불상;선종,
1026,불상 재료의 변천,,"삼국의 금동불, 통일신라의 석불, 나말여초의 철불, 고려의 대형 석불과 소조불, 조선의 목불과 소조불로 주류가 옮겨 갔다",,,,,,1,한국미술사,개념,,불상;재료,
1027,소조불,,"흙으로 빚어 만든 불상. 나무 심에 흙을 붙여 형태를 잡고 채색하며, 부석사 소조여래좌상이 고려 것으로 이름 높다",,,,,,2,한국미술사,개념,고려,불상;재료,
1028,목조불과 건칠불,,나무를 깎은 목불과 삼베에 옻칠을 겹쳐 굳힌 건칠불. 고려 말 이후 늘어나며 가벼워 봉안과 이운이 쉽다,,,,,,2,한국미술사,개념,고려,불상;재료,
1029,복장 유물,,불상 안에 넣은 경전·다라니·직물·발원문 등. 불상에 생명을 불어넣는 뜻이며 제작 연대와 시주자를 알려 준다,,,,,,2,한국미술사,개념,,불상;불교,
1030,영산회상도,,석가모니가 영취산에서 설법하는 장면을 그린 불화. 대웅전 후불탱화의 가장 흔한 주제,,,,,,1,한국미술사,개념,조선후기,불화,
1031,석탑 층수 세기,,"지붕돌(옥개석)의 수로 층을 센다. 기단은 층에 넣지 않으며, 상륜부도 세지 않는다",,,,,,2,한국미술사,개념,,탑;석조,
1032,석탑 체감률,,"위로 갈수록 몸돌과 지붕돌이 줄어드는 비율. 통일신라 전형 석탑은 안정된 체감으로 균형을 이루고, 고려로 가면 체감이 약해져 가늘고 길어진다",,,,,,1,한국미술사,개념,,탑;석조;비례,
1033,동굴벽화,,구석기 사람들이 동굴 깊은 곳 벽과 천장에 그린 그림. 들소·말 등 사냥감을 생생하게 그렸으며 주술적 목적으로 본다,,,,,,1,서양미술사,개념,선사,선사;벽화,
1034,거석문화,메갈리스,"큰 돌을 세워 만든 선사 시대 기념물. 세운 돌 멘히르, 줄지어 세운 알리뉴망, 고인돌 돌멘, 둥글게 세운 스톤헨지가 있다",,,,,,1,서양미술사,개념,선사,선사;건축,
1035,지구라트,,메소포타미아의 계단식 피라미드 신전. 벽돌로 쌓아 올리고 꼭대기에 신전을 두었다,,,,,,2,서양미술사,개념,고대,고대;건축;메소포타미아,
1036,피라미드,,고대 이집트 왕의 무덤. 계단식에서 굴절식을 거쳐 기자의 정사각뿔로 완성되었으며 영원한 사후 세계를 위한 건축,,,,,,1,서양미술사,개념,고대,고대;건축;이집트,
1037,이집트 인체 표현 규범,정면성의 법칙,"얼굴은 옆, 눈과 어깨는 앞, 다리는 옆에서 본 모습을 한 몸에 합친 그림 규칙. 보이는 대로가 아니라 아는 대로 그려 3천 년간 유지되었다",,,,,,1,서양미술사,개념,고대,고대;이집트;규범,
1038,위계적 비례,,인물의 크기를 중요도에 따라 달리하는 표현. 이집트 벽화에서 왕은 크게 신하는 작게 그렸으며 고대 미술에 널리 나타난다,,,,,,1,서양미술사,원리,고대,고대;이집트;규범,
1039,사자의 서,,고대 이집트에서 죽은 이와 함께 묻은 파피루스 두루마리. 저승 여행과 심장 무게 달기 장면을 그렸다,,,,,,2,서양미술사,개념,고대,고대;이집트,
1040,아마르나 양식,,"아멘호테프 4세(아크나톤) 시기의 이집트 미술. 규범을 깨고 길쭉한 얼굴과 부드러운 곡선, 가족의 친밀한 장면을 그렸다",,,,,,2,서양미술사,사조,고대,고대;이집트,
1041,기하학 양식,,기원전 9~8세기 그리스 도기 양식. 띠 모양으로 나눈 화면에 삼각형·마름모와 막대기 같은 인물을 규칙적으로 그렸다,,,,,,2,서양미술사,사조,고대,고대;그리스;도기,
1042,아르카익 스마일,,"아르카익기 그리스 조각의 입가에 떠오른 굳은 미소. 생명감을 주려는 시도로, 고전기에 사라진다",,,,,,1,서양미술사,개념,고대,고대;그리스;조각,
1043,아르카익기,,기원전 7~6세기 그리스 미술. 이집트 영향의 경직된 쿠로스·코레 입상과 흑화식 도기가 특징,,"의의: 이집트의 정면성 원칙에서 벗어나 인체를 관찰에 기반해 표현하기 시작, 고전기 사실주의로 가는 과도기를 이룸",배경: 그리스 폴리스의 성장과 이집트·근동과의 교류 속에 쿠로스·코레 조각이 등장하며 대두,,,1,서양미술사,사조,고대,고대;그리스,
1044,고전기,,기원전 5~4세기 그리스 미술의 전성기. 콘트라포스토와 이상적 비례로 조화와 균형을 이루었으며 파르테논이 대표적,,의의: 이상적 인체 비례와 콘트라포스토를 완성해 서양 미술 전통에서 인체 표현의 규범을 세움,배경: 페르시아 전쟁 승리 후 아테네 민주정의 자신감과 인간 중심 휴머니즘이 절정에 달하며 등장,,,1,서양미술사,사조,고대,고대;그리스,
1045,도리아식·이오니아식·코린트식,그리스 오더,"그리스 신전 기둥의 세 양식. 도리아식은 주춧돌 없이 굵고 단순하며, 이오니아식은 소용돌이 주두, 코린트식은 아칸서스 잎 주두를 지닌다",,,,,,1,서양미술사,개념,고대,고대;그리스;건축,
1046,엔타블러처,,그리스 신전에서 기둥 위에 얹힌 수평 부분. 아래에서 아키트레이브·프리즈·코니스로 나뉜다,,,,,,2,서양미술사,개념,고대,고대;그리스;건축,
1047,페디먼트,박공,신전 지붕 앞뒤의 세모난 벽면. 파르테논의 것처럼 신화 장면 조각으로 채웠다,,,,,,1,서양미술사,개념,고대,고대;그리스;건축,
1048,메토프와 프리즈,,도리아식 신전 엔타블러처의 네모난 판과 이오니아식의 띠 모양 조각면. 파르테논은 둘 다 갖췄다,,,,,,2,서양미술사,개념,고대,고대;그리스;건축,
1049,카리아티드,여인상 기둥 / 카리야티드,여인의 조각상으로 기둥을 대신한 것. 아테네 에레크테이온 신전의 것이 대표적,,,,,,2,서양미술사,개념,고대,고대;그리스;건축,
1050,흑화식과 적화식,,"그리스 도기 그림의 두 방식. 흑화식은 인물을 검게 칠하고 세부를 긁어냈고, 적화식은 바탕을 검게 칠하고 인물을 붉게 남겨 붓으로 그려 더 자연스럽다",,,,"아티카 적화식 크라테르, 기원전 4세기경",https://commons.wikimedia.org/wiki/Special:FilePath/Attic%20red-figure%20chalice%20krater%20around%20340%20BC.jpg?width=700,1,서양미술사,기법,고대,고대;그리스;도기,
1051,암포라와 크라테르,,"그리스 도기의 대표 기형. 암포라는 손잡이 둘 달린 저장 항아리, 크라테르는 포도주와 물을 섞는 넓은 입의 그릇",,,,,,3,서양미술사,개념,고대,고대;그리스;도기,
1052,아크로폴리스,,그리스 도시의 언덕 위 성역. 아테네의 것에 파르테논·에레크테이온·프로필라이아가 있다,,,,,,1,서양미술사,개념,고대,고대;그리스;건축,
1053,에트루리아 미술,,로마 이전 이탈리아 중부의 미술. 테라코타 조각과 무덤 벽화가 뛰어나며 로마에 아치와 초상 전통을 물려주었다,,,,,,2,서양미술사,사조,고대,고대;에트루리아,
1054,아치와 볼트,,돌이나 벽돌을 곡선으로 쌓아 하중을 옆으로 흘리는 구조. 로마가 크게 발전시켜 넓은 실내와 다리·수도교를 가능하게 했다,,,,,,1,서양미술사,개념,고대,고대;로마;건축,
1055,콜로세움,,로마의 원형 경기장. 아치를 층층이 쌓고 층마다 도리아·이오니아·코린트식 기둥을 붙여 로마 건축의 구조와 장식을 함께 보여 준다,,,,,,1,서양미술사,개념,고대,고대;로마;건축,
1056,로마 초상 조각,,실제 얼굴을 주름과 결점까지 그대로 옮긴 사실적 초상. 조상 숭배 전통에서 나왔으며 그리스의 이상화와 대비된다,,,,,,1,서양미술사,개념,고대,고대;로마;조각,
1057,폼페이 벽화,,화산재에 묻혀 보존된 로마 벽화. 건축을 그려 넣은 환영적 공간과 정물·풍경이 있어 로마 회화의 수준을 알려 준다,,,,,,1,서양미술사,개념,고대,고대;로마;벽화,
1058,바실리카,,로마의 공회당 건물 형식. 긴 직사각형 홀에 옆 복도를 두었으며 초기 기독교 교회당의 원형이 되었다,,,,,,1,서양미술사,개념,고대,고대;로마;건축,
1059,수도교,,물을 도시로 끌어오는 로마의 다리 구조. 아치를 겹겹이 쌓은 퐁뒤가르가 대표적,,,,,,3,서양미술사,개념,고대,고대;로마;건축,
1060,로마 콘크리트,,화산재를 섞은 로마의 콘크리트. 아치·볼트·돔을 자유롭게 만들어 판테온 같은 대공간을 낳았다,,,,,,2,서양미술사,개념,고대,고대;로마;건축;재료,
1061,초기 기독교 미술,,박해기의 카타콤 벽화에서 공인 이후의 바실리카 교회당과 모자이크로 이어진 미술. 상징과 이야기 전달이 중심이다,,의의: 이교 로마의 자연주의적 조형에서 벗어나 상징과 도상으로 신앙을 전달하는 새로운 미술 전통을 개척,배경: 기독교 공인(313년 밀라노 칙령) 이후 지하 카타콤 벽화에서 지상의 바실리카 미술로 발전하며 대두,,,1,서양미술사,사조,중세,중세;기독교,
1062,모자이크,,돌·유리 조각을 붙여 그림을 만드는 기법. 비잔틴 교회에서 금빛 바탕에 성인을 나타내 빛나는 천상을 연출했다,,,,"산 비탈레 성당 앱스 모자이크, 6세기",https://commons.wikimedia.org/wiki/Special:FilePath/Apse%20mosaic%20-%20Basilica%20of%20San%20Vitale%20%28Ravenna%29.jpg?width=700,1,서양미술사,기법,중세,중세;비잔틴,
1063,비잔틴 미술,,"동로마 제국의 미술. 평면적이고 정면을 향한 엄숙한 인물, 금빛 모자이크와 이콘, 돔을 얹은 중앙 집중식 교회가 특징",,의의: 정면성·평면성의 위계적 도상으로 신성을 표현하는 전통을 확립해 동방정교 미술과 중세 서유럽 미술 모두에 영향을 줌,"배경: 콘스탄티누스의 기독교 공인과 로마 제국 동서 분열, 그리스도교 신학의 도상 체계화를 배경으로 대두",,,1,서양미술사,사조,중세,중세;비잔틴,
1064,이콘,성상화,나무판에 그린 성인 초상. 비잔틴과 동방 정교회에서 기도의 대상이 되며 정해진 도상을 엄격히 따른다,,,,,,1,서양미술사,개념,중세,중세;비잔틴,
1065,펜던티브,,네모난 평면 위에 둥근 돔을 올리기 위해 네 모서리에 만든 세모꼴 곡면. 하기아 소피아에서 완성되었다,,,,,,2,서양미술사,개념,중세,중세;비잔틴;건축,
1066,켈트·게르만 미술,,중세 초 북유럽의 미술. 동물과 끈이 얽힌 복잡한 장식 무늬가 특징이며 린디스판 복음서 같은 채식 필사본에 나타난다,,,,,,2,서양미술사,사조,중세,중세;북유럽,
1067,채식 필사본,,손으로 베껴 쓰고 금·안료로 그림과 장식을 넣은 중세 책. 수도원에서 만들었으며 켈스의 서가 대표적,,,,,,1,서양미술사,개념,중세,중세;책,
1068,카롤링거 르네상스,,샤를마뉴 시대에 고대 로마 문화를 되살리려 한 움직임. 필사본과 상아 조각에서 고전적 인체 표현이 되돌아왔다,,,,,,3,서양미술사,사조,중세,중세,
1069,팀파눔,,교회 정문 위의 반원형 벽면. 로마네스크·고딕 성당에서 최후의 심판 같은 조각으로 채워 들어가는 이를 가르쳤다,,,,,,1,서양미술사,개념,중세,중세;로마네스크;건축,
1070,반원 아치,,로마네스크 건축의 둥근 아치. 옆으로 벌어지려는 힘이 커서 두꺼운 벽과 작은 창이 필요했다,,,,,,1,서양미술사,개념,중세,중세;로마네스크;건축,
1071,순례 성당,,성지 순례길에 세운 로마네스크 대성당. 순례자가 돌아볼 수 있도록 제단 뒤에 회랑과 작은 예배당을 두었다,,,,,,2,서양미술사,개념,중세,중세;로마네스크;건축,
1072,장미창,,고딕 성당 정면의 커다란 원형 스테인드글라스 창. 방사형 돌 뼈대로 나뉘며 샤르트르 것이 이름 높다,,,,,,1,서양미술사,개념,중세,중세;고딕;건축,
1073,고딕 조각,,성당 문 기둥에 붙은 길쭉한 인물상에서 점차 몸이 자유로워지고 표정이 살아나는 조각. 랭스의 미소 짓는 천사가 대표적,,,,,,2,서양미술사,개념,중세,중세;고딕;조각,
1074,국제 고딕 양식,,"14세기 말~15세기 초 유럽 궁정에 퍼진 우아하고 장식적인 양식. 가는 인물, 화려한 옷, 금빛 배경이 특징",,,,,,2,서양미술사,사조,중세,중세;고딕,
1075,시에나 화파,,14세기 이탈리아 시에나의 회화. 비잔틴의 금빛 배경과 우아한 선을 지키면서 감정을 담아 두초와 시모네 마르티니가 이끌었다,,,,,,3,서양미술사,사조,중세,중세;이탈리아,
1076,조토의 공간 표현,,인물에 부피를 주고 무대 같은 공간에 배치해 중세의 평면성을 벗어난 방식. 르네상스 회화의 출발로 본다,,,,,,1,서양미술사,개념,르네상스,르네상스;공간,
1077,인문주의,휴머니즘,고대 그리스·로마의 학문을 되살려 인간과 자연을 중심에 둔 르네상스의 정신. 미술에서 인체 탐구와 원근법의 바탕이 되었다,,,,,,1,서양미술사,개념,르네상스,르네상스;사상,
1078,초기 르네상스,콰트로첸토,"15세기 피렌체 중심의 르네상스. 브루넬레스키의 원근법, 마사초의 공간, 도나텔로의 인체가 기초를 놓았다",,"의의: 브루넬레스키의 원근법, 마사초의 인체 표현으로 르네상스 조형 원리의 기초를 놓음",배경: 피렌체 상인 계급(메디치가 등)의 부와 인문주의 학풍을 배경으로 15세기 도래,,,1,서양미술사,사조,르네상스,르네상스,
1079,전성기 르네상스,친퀘첸토,16세기 초 로마·피렌체의 르네상스 절정. 레오나르도·미켈란젤로·라파엘로가 조화와 이상미를 완성했다,,"의의: 레오나르도·미켈란젤로·라파엘로에 의해 조화·비례·이상미의 정점을 이룸, 이후 서양 미술의 고전적 규범이 됨",배경: 교황청·메디치가의 후원 아래 로마·피렌체가 예술의 중심지로 번영하며 도래,,,1,서양미술사,사조,르네상스,르네상스,
1080,디세뇨와 콜로레,,선·소묘를 중시한 피렌체와 색채를 중시한 베네치아의 대립. 이후 푸생파와 루벤스파로 이어졌다,,,,,,1,서양미술사,개념,르네상스,르네상스;논쟁,
1081,소실점,,선 원근법에서 평행선이 모이는 화면 위의 한 점. 보는 이의 눈높이에 놓이며 화면의 초점이 된다,,,,,,1,서양미술사,개념,르네상스,르네상스;원근법,
1082,비트루비우스적 인간,,고대 건축가 비트루비우스의 비례론을 레오나르도가 그림으로 나타낸 것. 원과 정사각형 안에 인체를 넣어 우주와 인간의 조화를 보였다,,,,,,1,서양미술사,개념,르네상스,르네상스;비례,
1083,카르통,밑그림,벽화나 태피스트리를 위해 실물 크기로 그린 준비 그림. 선을 따라 구멍을 뚫어 벽에 옮겼다,,,,,,2,서양미술사,개념,르네상스,르네상스;기법,
1084,제단화,,"교회 제단 위에 놓는 그림. 두 폭이면 딥틱, 세 폭이면 트립틱, 여러 폭이면 폴립틱이라 하며 날개를 접었다 펼 수 있다",,,,,,1,서양미술사,개념,르네상스,르네상스;중세;형식,
1085,프레델라,,제단화 아래에 가로로 길게 붙인 작은 그림 띠. 본 그림과 관련된 이야기를 여러 장면으로 나눠 그렸다,,,,,,3,서양미술사,개념,르네상스,르네상스;형식,
1086,톤도,,둥근 화면의 그림이나 부조. 르네상스 피렌체에서 성모자상에 즐겨 썼다,,,,,,2,서양미술사,개념,르네상스,르네상스;형식,
1087,사크라 콘베르사치오네,성스러운 대화,성모자를 가운데 두고 여러 성인이 같은 공간에 모여 선 구도. 15세기 이탈리아 제단화에서 확립되었다,,,,,,3,서양미술사,개념,르네상스,르네상스;도상,
1088,바니타스,,해골·꺼진 촛불·시든 꽃 등으로 삶의 덧없음을 나타낸 정물화. 17세기 네덜란드에서 유행했다,,,,,,1,서양미술사,개념,바로크,바로크;정물;상징,
1089,알레고리,우의,"추상적 개념을 인물이나 사물로 빗대어 나타내는 표현. 정의는 저울, 시간은 모래시계 식으로 그린다",,,,,,1,서양미술사,개념,,도상;상징,
1090,도상학,이코노그래피,"그림 속 인물·사물이 무엇을 뜻하는지 정해진 약속을 읽어 내는 학문. 열쇠를 든 사람은 베드로, 사자는 히에로니무스 식이다",,,,,,1,서양미술사,개념,,미술사;방법,
1091,유화의 발명과 확산,,안료를 기름에 개는 기법은 플랑드르에서 완성되어 15세기 이탈리아로 퍼졌다. 천천히 마르고 겹칠 수 있어 세밀한 묘사와 깊은 색을 가능하게 했다,,,,,,1,서양미술사,개념,르네상스,르네상스;유화;재료,
1092,북유럽 르네상스의 사실주의,,이탈리아의 이상화와 달리 눈에 보이는 세부를 치밀하게 재현한 플랑드르 화풍. 모피·금속·유리의 질감을 유화로 옮겼다,,,,,,1,서양미술사,개념,르네상스,르네상스;북유럽,
1093,숨은 상징주의,,"일상 사물에 종교적 뜻을 숨겨 놓는 북유럽 르네상스의 방식. 촛불은 신의 현존, 개는 신의를 뜻한다",,,,,,1,서양미술사,개념,르네상스,르네상스;북유럽;상징,
1094,종교개혁과 미술,,16세기 개신교 지역에서 성상을 없애고 종교화 주문이 줄자 초상·풍경·정물·장르화가 발달했다. 반대로 가톨릭은 바로크의 화려한 종교 미술로 맞섰다,,,,,,1,서양미술사,개념,르네상스,르네상스;종교;사회,
1095,피구라 세르펜티나타,,뱀처럼 비틀린 나선형 인체 자세. 매너리즘 조각과 회화에서 우아함과 긴장을 만든다,,,,,,2,서양미술사,개념,르네상스,매너리즘;인체,
1096,반종교개혁 미술,,트리엔트 공의회 이후 가톨릭이 신자의 감정을 움직이기 위해 장려한 극적이고 화려한 종교 미술. 바로크의 배경이 된다,,,,,,1,서양미술사,개념,바로크,바로크;종교,
1097,바로크 건축,,"곡선과 타원, 빛과 그림자, 조각·회화와 어우러진 극적인 공간. 베르니니의 성 베드로 광장과 보로미니의 성당이 대표적",,,,,,1,서양미술사,개념,바로크,바로크;건축,
1098,일루저니즘 천장화,,천장이 하늘로 뚫린 듯 보이게 그린 바로크 벽화. 아래에서 올려다본 단축법으로 인물이 위로 솟는다,,,,,,1,서양미술사,기법,바로크,바로크;벽화;착시,
1099,네덜란드 황금기 회화,,17세기 네덜란드 시민 사회의 회화. 교회와 궁정 대신 시장에 팔려 초상·풍경·정물·장르화가 전문화되었다,,의의: 교회·귀족 주문 없이 시민 계층을 위한 초상화·정물화·풍속화·풍경화 시장을 최초로 형성해 근대적 미술 시장의 원형을 이룸,배경: 스페인에서 독립한 신교국 네덜란드의 상업적 번영과 시민 계급 성장을 배경으로 대두,,,1,서양미술사,사조,바로크,바로크;네덜란드,
1100,정물화,,꽃·과일·그릇 등 움직이지 않는 사물을 그린 그림. 17세기 네덜란드에서 독립 장르가 되었고 바니타스의 뜻을 담기도 한다,,,,,,1,서양미술사,개념,바로크,바로크;정물,
1101,풍경화의 독립,,"배경에 머물던 풍경이 17세기 네덜란드에서 주제가 되었다. 낮은 지평선과 넓은 하늘, 빛의 변화가 특징",,,,,,1,서양미술사,개념,바로크,바로크;풍경,
1102,카메라 오브스쿠라,,어두운 방의 작은 구멍으로 바깥 풍경이 거꾸로 맺히는 장치. 베르메르 등이 그림에 활용했다고 보며 사진기의 원리,,,,,,1,서양미술사,개념,바로크,바로크;광학;사진,
1103,푸생파와 루벤스파,,17세기 프랑스 아카데미의 논쟁. 선과 이성의 푸생파와 색채와 감성의 루벤스파가 맞섰고 신고전주의 대 낭만주의로 이어졌다,,,,,,1,서양미술사,개념,바로크,바로크;논쟁,
1104,프랑스 고전주의,,17세기 루이 14세 시대의 절제되고 질서 있는 양식. 푸생의 회화와 베르사유 궁전이 대표적,,,,,,2,서양미술사,사조,바로크,바로크;프랑스,
1105,베르사유 궁전,,루이 14세가 절대 왕권을 과시하려 지은 궁전. 좌우 대칭의 정원과 거울의 방이 대표적,,,,,,2,서양미술사,개념,바로크,바로크;건축;프랑스,
1106,로카유,,조개껍데기와 돌 모양의 비대칭 곡선 장식. 로코코라는 이름의 어원이며 실내 장식에 쓰였다,,,,,,2,서양미술사,개념,바로크,로코코;장식,
1107,페트 갈랑트,우아한 연회,귀족들이 야외에서 사랑과 음악을 즐기는 장면을 그린 로코코 그림 갈래. 와토가 열었다,,,,,,2,서양미술사,개념,바로크,로코코,
1108,계몽주의와 미술,,이성과 도덕을 앞세운 18세기 사상. 로코코의 향락을 비판하고 고대의 덕을 본받는 신고전주의를 낳았다,,,,,,1,서양미술사,개념,근대,신고전주의;사상,
1109,폼페이 발굴과 고대 취향,,18세기 중엽 폼페이·헤르쿨라네움 발굴로 고대 로마 미술이 알려지며 신고전주의가 불붙었다,,,,,,2,서양미술사,개념,근대,신고전주의,
1110,역사화,,역사·신화·종교의 사건을 그린 그림. 아카데미 장르 위계에서 가장 높은 자리를 차지했다,,,,,,1,서양미술사,개념,근대,아카데미;장르,
1111,장르의 위계,,"아카데미가 정한 그림 갈래의 등급. 역사화가 가장 높고 초상·풍속·풍경·정물 순으로 낮았으며, 19세기에 무너진다",,,,,,1,서양미술사,개념,근대,아카데미;장르,
1112,아카데미,,17세기 프랑스에서 세워진 국가 미술 교육·전시 기관. 규범을 정하고 살롱을 열어 미술계를 지배했다,,,,,,1,서양미술사,개념,근대,아카데미;제도,
1113,살롱전,,"프랑스 아카데미가 여는 공식 전시. 입선이 화가의 출세를 좌우했고, 이에 대한 반발이 근대 미술을 낳았다",,,,,,1,서양미술사,개념,근대,아카데미;제도,
1114,낙선전,,1863년 살롱에서 떨어진 작품을 모아 연 전시. 마네의 풀밭 위의 점심식사가 스캔들이 되며 근대 미술의 출발점으로 꼽힌다,,,,,,1,서양미술사,개념,근대,인상주의;제도,
1115,숭고미,,거대하고 두려운 자연 앞에서 느끼는 압도적 감정. 버크와 칸트가 정리했으며 낭만주의 풍경화의 핵심,,,,,,1,서양미술사,개념,근대,낭만주의;미학,
1116,바르비종파,,1830년대 파리 근교 바르비종 마을에서 자연을 직접 보고 그린 풍경화가들. 밀레·루소·코로가 속하며 인상주의에 앞선다,,"의의: 아틀리에 안의 이상화된 풍경을 벗어나 자연을 직접 관찰해 그리는 태도를 확립, 인상주의 야외 사생의 직접적 선구가 됨",배경: 파리 근교 퐁텐블로 숲 바르비종 마을에 화가들이 모여 산업화로 사라져가는 전원 풍경을 애착 어린 시선으로 그리며 대두,,,1,서양미술사,사조,근대,사실주의;풍경,
1117,라파엘 전파,,1848년 영국에서 라파엘로 이전의 순수함으로 돌아가자며 결성된 그룹. 밝은 색과 세밀한 묘사로 문학적 주제를 그렸다,,의의: 아카데미의 관습화된 라파엘로 이후 화풍에 반기를 들고 중세·초기 르네상스의 정밀 묘사와 밝은 색채로 돌아가려 함,배경: 빅토리아 시대 산업화에 대한 반감과 러스킨의 자연 관찰 옹호를 배경으로 로세티 등이 결성,,,1,서양미술사,사조,근대,영국;19세기,
1118,사진의 발명과 회화,,1839년 사진이 공개되자 재현의 임무를 넘겨준 회화는 빛·색·주관으로 방향을 틀었다. 순간 포착과 우연한 구도도 사진에서 배웠다,,,,,,1,서양미술사,개념,근대,사진;인상주의,
1119,튜브 물감,,"1841년 발명된, 금속 용기에 담아 짜 쓰는 물감. 화가가 야외로 나갈 수 있게 해 인상주의의 물질적 조건이 되었다",,,,,,1,서양미술사,개념,근대,인상주의;재료,
1120,외광파,플레네르,빛이 있는 야외에서 직접 그리는 방식. 인상주의의 기본 태도로 화실의 갈색 그늘 대신 밝은 색을 낳았다,,,,,,1,서양미술사,개념,근대,인상주의,
1121,신인상주의,,쇠라·시냐크가 인상주의를 색채 과학으로 체계화한 흐름. 순색의 점을 찍어 눈에서 섞이게 하는 점묘법이 특징,,"의의: 색채 이론을 과학적으로 체계화해 점묘법을 확립, 인상주의의 직관적 색채 사용을 이론적으로 정제함",배경: 쇠라가 슈브뢸의 색채 대비 이론과 루드의 광학 이론을 회화에 적용하며 대두,,,1,서양미술사,사조,근대,신인상주의;점묘,
1122,분할주의,디비저니즘,색을 팔레트에서 섞지 않고 순색으로 나눠 화면에 놓는 원리. 신인상주의의 이론적 이름이며 점묘는 그 방법,,,,,,2,서양미술사,개념,근대,신인상주의;색채,
1123,클루아조니슴,구획주의 / 클루아조니즘,굵은 윤곽선으로 색면을 구획하는 방식. 고갱·베르나르가 칠보와 스테인드글라스에서 따왔다,,,,"고갱, 〈황색 그리스도〉, 1889",https://commons.wikimedia.org/wiki/Special:FilePath/The%20Yellow%20Christ%2C%20Paul%20Gauguin.jpg?width=700,1,서양미술사,기법,근대,후기인상주의,
1124,퐁타방파,,브르타뉴 퐁타방에 모인 고갱 중심의 화가들. 평평한 색면과 굵은 윤곽의 종합주의를 이루었다,,,,,,2,서양미술사,사조,근대,후기인상주의,
1125,벨 에포크,,19세기 말~1차 대전 전 파리의 번영기. 카페·카바레 문화가 로트레크의 포스터와 인상주의 이후 미술의 무대가 되었다,,,,,,3,서양미술사,개념,근대,19세기;사회,
1126,빈 분리파,제체시온,"1897년 클림트 등이 보수적 미술계에서 갈라져 나와 만든 단체. 장식적 곡선과 금빛, 상징성이 특징",,"의의: 아카데미의 보수적 관학주의와 결별해 순수예술과 응용예술의 종합(총체예술)을 추구, 오스트리아 아르누보와 근대 디자인에 영향","배경: 클림트 등이 보수적인 빈 예술가협회에 반발해 '시대에는 예술을, 예술에는 자유를'을 내걸고 분리 선언",,,1,서양미술사,사조,근대,아르누보;오스트리아,
1127,유겐트슈틸,,독일·오스트리아의 아르누보. 잡지 『유겐트』에서 이름을 따왔으며 식물 곡선 장식이 특징,,,,,,2,서양미술사,사조,근대,아르누보;독일,
1128,총체예술,게잠트쿤스트베르크,"건축·회화·공예·음악을 하나로 통합하려는 이상. 바그너에서 나와 아르누보와 빈 공방, 바우하우스로 이어졌다",,,,,,2,서양미술사,개념,근대,아르누보;사상,
1129,빈 공방,,1903년 호프만 등이 세운 공예 공방. 기하학적 형태의 가구·금속 공예로 아르누보에서 모더니즘으로 다리를 놓았다,,,,,,3,서양미술사,개념,근대,디자인;오스트리아,
1130,스코틀랜드 아르누보,글래스고파,매킨토시 중심의 글래스고 양식. 수직선과 기하학적 절제로 대륙의 곡선 아르누보와 달랐다,,,,,,3,서양미술사,사조,근대,아르누보;영국,
1131,시카고파,,19세기 말 시카고의 고층 건축가들. 철골 구조와 엘리베이터로 마천루를 세웠고 설리번이 '형태는 기능을 따른다'고 했다,,,,,,2,서양미술사,사조,근대,건축;미국,
1132,형태는 기능을 따른다,,설리번의 말로 근대 건축·디자인의 표어. 장식을 걷어 내고 쓰임에서 형태를 끌어내자는 뜻,,,,,,1,서양미술사,개념,근대,건축;디자인;모더니즘,
1133,청기사,블라우에 라이터,1911년 뮌헨에서 칸딘스키·마르크가 만든 그룹. 정신성과 색채의 울림을 좇아 추상으로 나아갔다,,의의: 색채·형태의 정신적·영적 표현을 추구해 칸딘스키의 추상회화로 가는 길을 열음,배경: 뮌헨 신예술가협회에서 탈퇴한 칸딘스키·마르크가 색채의 정신성에 대한 공통 관심으로 결성,,,1,서양미술사,사조,현대,표현주의;독일,
1134,절대주의,쉬프레마티슴,말레비치가 1915년 검은 사각형으로 선언한 순수 기하 추상. 대상 없는 순수 감각의 우위를 뜻한다,,"의의: 사각형·원 등 순수 기하 형태만으로 비대상 회화의 극한을 보여줌, 러시아 구성주의와 이후 미니멀리즘에 영향",배경: 말레비치가 재현을 완전히 벗어난 순수 감성을 추구하며 1915년 주창,,,1,서양미술사,사조,현대,추상;러시아,
1135,신조형주의,,몬드리안의 추상 원리. 수직·수평선과 삼원색·무채색만으로 보편적 조화를 나타낸다,,의의: 수평·수직선과 삼원색만으로 우주의 보편적 질서를 표현하려 해 이후 미니멀리즘·그래픽 디자인·건축(바우하우스·데 스틸)에 큰 영향,배경: 몬드리안이 신지학의 영향으로 자연의 우연성을 넘어선 보편적 조화를 추구하며 대두,,,1,서양미술사,사조,현대,추상;데스틸,
1136,뜨거운 추상과 차가운 추상,,감정과 리듬을 좇는 서정적 추상(칸딘스키)과 기하학적 질서의 추상(몬드리안·말레비치)을 나누는 말,,,,,,1,서양미술사,개념,현대,추상,
1137,순수주의,퓌리슴,1918년 오장팡과 르 코르뷔지에가 입체주의의 장식화를 비판하며 내세운 흐름. 기계처럼 명료한 형태를 추구했다,,,,,,3,서양미술사,사조,현대,추상;프랑스,
1138,형이상회화,피투라 메타피지카,"데 키리코가 1910년대 그린 텅 빈 광장과 마네킹, 긴 그림자의 그림. 초현실주의에 앞선 불안한 꿈의 공간",,"의의: 일상 사물을 낯선 공간에 배치해 불안한 초현실적 정적을 표현, 초현실주의(데페이즈망)에 직접적 영향",배경: 키리코가 니체의 철학과 이탈리아 광장의 고독한 인상을 배경으로 주창,,,1,서양미술사,사조,현대,초현실주의;이탈리아,
1139,취리히 다다,,1916년 카바레 볼테르에서 시작된 다다. 전쟁에 절망해 이성과 예술 자체를 조롱했으며 우연과 소음시를 썼다,,,,,,2,서양미술사,사조,현대,다다,
1140,베를린 다다,,정치적 성격이 강한 독일 다다. 하트필드·회흐가 포토몽타주로 바이마르 사회를 풍자했다,,,,,,2,서양미술사,사조,현대,다다;독일,
1141,우연성,,작가의 의도 대신 우연에 맡겨 형태를 얻는 태도. 아르프가 종이를 떨어뜨렸고 초현실주의가 자동기술로 이어받았다,,,,,,1,서양미술사,개념,현대,다다;초현실주의,
1142,초현실주의 선언,,1924년 브르통이 발표한 문서. 이성의 통제를 벗어난 무의식의 표현을 내세우고 자동기술법을 방법으로 삼았다,,,,,,1,서양미술사,개념,현대,초현실주의,
1143,환상적 초현실주의,,달리·마그리트처럼 꿈속 장면을 사진처럼 또렷하게 그리는 초현실주의. 자동기술 계열과 대비된다,,,,,,1,서양미술사,개념,현대,초현실주의,
1144,편집증적 비판 방법,,달리가 제안한 방법. 하나의 형상이 다른 것으로도 보이는 이중 이미지를 의도적으로 만들어 낸다,,,,,,2,서양미술사,개념,현대,초현실주의,
1145,정밀주의,프리시저니즘,1920년대 미국의 흐름. 공장과 마천루를 깨끗한 기하 형태로 그렸으며 쉴러·드무스가 대표적,,,,,,3,서양미술사,사조,현대,미국,
1146,지역주의,리저널리즘,1930년대 미국 중서부의 농촌 생활을 그린 흐름. 그랜트 우드의 아메리칸 고딕이 대표적,,,,,,3,서양미술사,사조,현대,미국,
1147,사회적 사실주의,,1930년대 대공황기에 노동자와 사회 문제를 그린 미술. 미국 벽화 운동과 멕시코 벽화가 대표적,,,,,,2,서양미술사,사조,현대,사회;미국,
1148,멕시코 벽화 운동,,1920년대 리베라·오로스코·시케이로스가 혁명 이후 공공 건물에 그린 대형 벽화. 민중을 위한 미술로 민중미술에 영향을 주었다,,의의: 공공건물 벽화로 원주민·민중의 역사를 대중에게 알려 국가 정체성 형성과 사회 참여 미술의 모범이 됨,배경: 멕시코 혁명 이후 새 정부가 문맹률 높은 대중에게 국가 서사를 전달하고자 리베라·오로스코 등에게 벽화를 위촉하며 대두,,,1,서양미술사,사조,현대,벽화;멕시코,
1149,퇴폐 미술,,나치가 표현주의·추상 등 현대 미술을 타락한 것으로 낙인찍어 1937년 조롱 전시를 열고 압수한 일,,,,,,2,서양미술사,개념,현대,정치;독일,
1150,국제주의 양식,인터내셔널 스타일,"1930년대 이후 세계로 퍼진 근대 건축. 철·유리·콘크리트의 상자 형태, 장식 없는 평면, 필로티가 특징",,의의: 장식을 배제한 철골·유리 상자형 건축을 전 세계 사무소 건축의 표준으로 정착시킴,배경: 바우하우스·데 스틸의 기능주의가 미스 반 데어 로에 등 유럽 망명 건축가를 통해 미국에 전파되며 대두,,,1,서양미술사,사조,현대,건축;모더니즘,
1151,근대 건축 5원칙,,르 코르뷔지에가 제시한 필로티·옥상 정원·자유로운 평면·가로로 긴 창·자유로운 입면,,,,,,1,서양미술사,개념,현대,건축;모더니즘,
1152,적을수록 좋다,레스 이즈 모어,미스 반 데어 로에의 말. 장식과 군더더기를 덜어 낸 순수한 구조가 아름답다는 모더니즘 건축의 신조,,,,,,1,서양미술사,개념,현대,건축;모더니즘,
1153,유기적 건축,,라이트가 내세운 원리. 건물이 땅과 자연에서 자라난 듯 어우러져야 한다는 것으로 낙수장이 대표적,,,,,,2,서양미술사,개념,현대,건축;미국,
1154,뉴욕 화파,,2차 대전 후 뉴욕에 모인 추상표현주의 화가들. 미술의 중심이 파리에서 뉴욕으로 옮겨 갔음을 뜻한다,,의의: 추상표현주의를 중심으로 세계 미술의 중심을 파리에서 뉴욕으로 옮겨 미국 현대미술의 국제적 위상을 확립,배경: 2차대전으로 유럽 아방가르드 작가들이 뉴욕으로 망명하며 그 영향이 미국 젊은 작가들에게 전해져 대두,,,1,서양미술사,사조,현대,추상표현주의;미국,
1155,타시슴,,"얼룩(타슈)을 뜻하는 말로, 유럽의 앵포르멜 중 붓 자국과 얼룩의 즉흥성을 앞세운 흐름",,,,,,2,서양미술사,사조,현대,앵포르멜,
1156,코브라,,1948년 코펜하겐·브뤼셀·암스테르담 출신 화가들이 만든 그룹. 아이 그림과 민속 미술 같은 원초적 표현을 좇았다,,,,,,2,서양미술사,사조,현대,앵포르멜;유럽,
1157,하드에지,,색면 사이 경계를 칼로 자른 듯 또렷하게 한 추상. 켈리·놀런드 등이 1960년대에 전개했다,,"의의: 색면의 경계를 뚜렷하고 날카롭게 처리해 추상표현주의의 회화적 붓질을 배제, 색면추상의 한 갈래를 이룸",배경: 추상표현주의의 주관적 필치에 대한 반발로 1960년대 대두,,,1,서양미술사,사조,현대,추상;색면,
1158,후기 회화적 추상,,그린버그가 1964년 이름 붙인 흐름. 추상표현주의의 붓질과 감정을 걷어 내고 평면 위의 순수한 색을 좇았다,,의의: 붓질의 표현적 흔적을 지우고 색 자체의 순수한 시각 효과만 남겨 색면회화·미니멀리즘으로 가는 다리가 됨,배경: 그린버그가 추상표현주의의 다음 단계로 스테이닝 기법의 프랑켄탈러·루이스 등을 옹호하며 명명,,,1,서양미술사,사조,현대,추상;색면,
1159,네오 다다,,1950년대 후반 라우센버그·존스가 일상의 사물과 이미지를 끌어들인 흐름. 다다를 이어받아 팝아트로 넘어가는 다리,,의의: 일상 오브제와 예술의 경계를 다시 허물어 다다의 반예술 정신을 잇고 팝아트·플럭서스로 가는 다리 역할을 함,배경: 추상표현주의의 엄숙한 형식주의에 대한 반발로 라우센버그·존스 등이 주도,,,1,서양미술사,사조,현대,팝아트;미국,
1160,컴바인 페인팅,,라우센버그가 회화에 박제·침대·타이어 같은 실물을 결합한 작업. 회화와 조각의 경계를 지웠다,,,,,,1,서양미술사,기법,현대,네오다다,
1161,인디펜던트 그룹,,1950년대 런던에서 대중문화를 논의한 모임. 해밀턴의 콜라주가 영국 팝아트의 출발이 되었다,,,,,,2,서양미술사,개념,현대,팝아트;영국,
1162,벤데이 점,,인쇄물의 망점을 확대해 그린 것. 리히텐슈타인이 만화의 인쇄 효과를 회화로 옮기는 데 썼다,,,,,,1,서양미술사,기법,현대,팝아트,
1163,팩토리,,워홀의 뉴욕 작업실. 조수들과 실크스크린으로 작품을 대량 생산해 예술과 상업의 경계를 흔들었다,,,,,,2,서양미술사,개념,현대,팝아트,
1164,누보 레알리즘의 방법,,"실제 사물을 그대로 끌어들이는 여러 방식. 아르망의 집적, 세자르의 압축, 크리스토의 포장, 앵스의 찢기",,,,,,1,서양미술사,개념,현대,누보레알리즘,
1165,압축,콩프레시옹,세자르가 자동차 등을 기계로 눌러 덩어리로 만든 작업,,,,,,2,서양미술사,기법,현대,누보레알리즘,
1166,하이퍼리얼리즘,포토리얼리즘,1960년대 말 사진을 바탕으로 사진보다 더 정밀하게 그린 회화·조각. 클로즈의 초상과 핸슨의 인물 조각이 대표적,,의의: 사진보다 더 정밀하게 재현해 회화의 재현 능력을 극한까지 밀어붙이며 사진과 회화의 관계를 되물음,배경: 팝아트의 대중 이미지 차용과 사진 매체의 대중화를 배경으로 1960년대 말 대두,,,1,서양미술사,사조,현대,사실주의;현대,
1167,아르테 포베라,,1960년대 이탈리아에서 흙·나뭇가지·넝마 같은 가난한 재료로 만든 미술. 소비 사회와 미술 시장에 맞섰다,,"의의: 흙·나뭇가지 등 값싼 재료로 미술 시장의 상품화된 오브제 개념에 저항, 과정과 재료 자체의 물성을 드러냄",배경: 이탈리아 68혁명 전후 자본주의적 미술 시장과 미국 미니멀리즘의 산업적 세련됨에 대한 반발로 대두,,,1,서양미술사,사조,현대,이탈리아;재료,
1168,프로세스 아트,,완성된 결과보다 재료가 변하고 만들어지는 과정 자체를 드러내는 미술. 녹고 흘러내리고 썩는 것을 작품으로 삼는다,,"의의: 완성된 결과물보다 재료가 변형되는 과정 자체를 작품으로 제시, 미니멀리즘의 고정된 형태 개념을 해체",배경: 미니멀리즘 이후 작품의 물질성·시간성에 주목하며 세라 등이 주도,,,1,서양미술사,사조,현대,과정,
1169,안티폼,반형태,모리스가 1968년 제안한 태도. 정해진 형태를 버리고 펠트를 늘어뜨리듯 중력과 재료에 맡긴다,,,,,,2,서양미술사,개념,현대,과정;미니멀리즘,
1170,신체미술,보디 아트,작가 자신의 몸을 재료와 장소로 삼는 미술. 상처를 내거나 한계까지 견디는 퍼포먼스로 1960~70년대에 펼쳐졌다,,"의의: 작가 자신의 몸을 매체이자 작품으로 삼아 미술의 물질적 대상성을 해체, 퍼포먼스·개념미술의 한 갈래를 이룸",배경: 1960년대 미니멀리즘·개념미술이 대상성을 해체해가던 흐름 속에서 신체를 직접적 표현 매체로 삼으며 대두,,,1,서양미술사,사조,현대,퍼포먼스;신체,
1171,빈 행동주의,,1960년대 오스트리아의 과격한 퍼포먼스 그룹. 피와 동물 사체를 쓰는 제의적 행위로 사회의 억압을 드러냈다,,,,,,3,서양미술사,사조,현대,퍼포먼스,
1172,환경미술,,관람자를 둘러싸는 공간 전체를 작품으로 만드는 미술. 설치미술의 앞 단계로 1960년대에 쓰인 말,,,,,,2,서양미술사,사조,현대,설치,
1173,사운드 아트,,소리를 재료로 삼는 미술. 케이지의 침묵과 플럭서스의 실험에서 나와 설치와 결합한다,,,,,,3,서양미술사,사조,현대,매체,
1174,라이트 아트,,"빛 자체를 재료로 삼는 미술. 플래빈의 형광등, 터렐의 빛 공간이 대표적",,,,,,2,서양미술사,사조,현대,매체;빛,
1175,텍스트 아트,언어 미술,"글자와 문장을 작품으로 삼는 개념미술의 갈래. 코수스의 정의문, 홀저의 경구가 대표적",,,,,,2,서양미술사,사조,현대,개념미술,
1176,우편 미술,메일 아트,우편으로 작품을 주고받는 미술. 플럭서스에서 나왔으며 화랑 제도를 벗어난 소통 방식,,,,,,3,서양미술사,사조,현대,플럭서스,
1177,이벤트와 스코어,,플럭서스가 쓴 짧은 지시문과 그것을 실행하는 행위. 누구나 할 수 있는 일상적 행위를 예술로 삼았다,,,,,,2,서양미술사,개념,현대,플럭서스,
1178,포스트모더니즘,,1970년대 이후 모더니즘의 순수성·진보·독창성에 의문을 던진 흐름. 차용·혼성·역사의 인용과 다원주의가 특징,,"의의: 모더니즘의 형식주의적 순수성·진보 서사를 해체하고 절충·인용·혼성모방을 긍정, 미술사의 단선적 발전 서술에 근본적 의문을 제기",배경: 후기 자본주의 사회의 다원화와 거대 서사에 대한 불신(리오타르)을 배경으로 1970년대 이후 대두,,,1,서양미술사,사조,현대,포스트모던,
1179,뉴 이미지 페인팅,,1970년대 말 미국에서 구상 이미지를 되살린 회화. 개념미술 이후 그림으로의 복귀를 알렸다,,,,,,3,서양미술사,사조,현대,회화;미국,
1180,시뮬레이셔니즘,네오지오,1980년대 뉴욕의 흐름. 기하 추상을 상품처럼 다시 제시하며 보드리야르의 시뮬라크르 이론을 끌어들였다,,,,,,3,서양미술사,사조,현대,포스트모던,
1181,관계 미술,관계의 미학,부리오가 1998년 정리한 개념. 작품이 사물이 아니라 사람들 사이의 만남과 관계를 만드는 상황이 된다,,의의: 완결된 사물이 아니라 관람자 간의 사회적 상호작용 자체를 작품으로 규정해 참여형·커뮤니티 아트의 이론적 토대가 됨,배경: 부리요가 1990년대 인터넷·글로벌화로 파편화된 사회적 유대를 회복하려는 미술 실천을 이론화하며 대두,,,1,서양미술사,사조,현대,현대;참여,
1182,참여 미술,,관람자가 작품의 일부가 되거나 공동으로 만드는 미술. 관계 미학과 공동체 미술로 이어진다,,,,,,2,서양미술사,개념,현대,현대;참여,
1183,생태 미술,에코 아트,환경 문제를 다루거나 자연을 회복시키는 미술. 대지미술의 개입적 태도를 반성하며 나왔다,,,,,,2,서양미술사,사조,현대,현대;환경,
1184,포스트 인터넷 아트,,인터넷이 일상이 된 뒤의 미술. 온라인 이미지와 물질 작품을 오가며 디지털 문화 자체를 다룬다,,,,,,2,서양미술사,사조,현대,현대;디지털,
1185,넷 아트,,인터넷을 매체이자 전시 공간으로 삼는 미술. 1990년대 웹의 등장과 함께 나타났다,,,,,,3,서양미술사,사조,현대,현대;디지털,
1186,제너러티브 아트,생성 미술,알고리즘이나 규칙에 따라 작품이 만들어지는 미술. 컴퓨터 코드와 인공지능이 형태를 생성한다,,,,,,2,서양미술사,사조,현대,현대;디지털,
1187,NFT 미술,,블록체인으로 소유권을 증명하는 디지털 미술. 2021년 시장이 급성장하며 복제 가능한 디지털 작품의 원본성 논쟁을 일으켰다,,,,,,2,서양미술사,개념,현대,현대;디지털,
1188,비엔날레,,2년마다 열리는 국제 미술전. 1895년 베네치아에서 시작되었으며 현대 미술의 흐름을 보여 주는 무대,,,,,,1,서양미술사,개념,현대,제도;전시,
1189,도쿠멘타,,1955년부터 독일 카셀에서 5년마다 열리는 현대 미술전. 나치가 배척한 현대 미술을 되살리려 시작했다,,,,,,2,서양미술사,개념,현대,제도;전시,
1190,화이트 큐브,,"흰 벽과 균일한 조명의 전시 공간. 작품을 맥락에서 떼어 순수하게 보게 하지만, 그 자체가 이데올로기라는 비판(오도허티)도 받는다",,,,,,1,서양미술사,개념,현대,제도;전시,
1191,큐레이터,,전시를 기획하고 작품을 고르며 의미를 짜는 사람. 20세기 후반 이후 작가 못지않은 발언권을 지니게 되었다,,,,,,1,서양미술사,개념,현대,제도;전시,
1192,아방가르드,전위,군대의 선봉에서 온 말. 기존 관습을 앞서 깨뜨리는 실험적 미술과 그 태도를 가리킨다,,,,,,1,서양미술사,개념,현대,담론,
1193,모더니즘,,"19세기 중반 이후 각 예술이 자기 매체의 고유성을 찾아 순수해지려 한 흐름. 회화는 평면성, 조각은 물질성으로 향했다",,,,,,1,서양미술사,개념,현대,담론;모더니즘,
1194,페미니즘 미술사,,노클린의 '왜 위대한 여성 미술가는 없었는가'(1971) 이후 미술사의 남성 중심 서술을 다시 쓴 흐름,,,,,,1,서양미술사,개념,현대,담론;페미니즘,
1195,게릴라 걸스,,1985년 결성된 익명의 여성 작가 집단. 고릴라 가면을 쓰고 미술관의 성차별을 통계 포스터로 고발했다,,,,,,2,서양미술사,개념,현대,페미니즘,
1196,공공미술,,공공장소에 놓여 시민이 만나는 미술. 장소에 놓인 조각에서 장소 특정적 작업을 거쳐 주민 참여의 새 장르로 옮겨 갔다,,,,,,1,서양미술사,개념,현대,공공;참여,
1197,기울어진 호 논쟁,,세라가 1981년 뉴욕 광장에 세운 강철 벽이 시민 반대로 1989년 철거된 일. 공공미술에서 작가·장소·시민의 권리를 둘러싼 대표 사례,,,,,,1,서양미술사,개념,현대,공공;논쟁,
1198,장소 속의 미술과 장소 특정적 미술,,아무 데나 옮길 수 있는 조각과 그 자리를 떠나면 의미를 잃는 작업의 구분. 후자는 세라의 기울어진 호가 대표적,,,,,,2,서양미술사,개념,현대,공공;설치,
1199,도큐먼트로서의 사진,,퍼포먼스·대지미술처럼 남지 않는 작업을 기록해 전하는 사진. 기록이 곧 작품이 되는 문제를 낳았다,,,,,,2,서양미술사,개념,현대,사진;기록,
1200,이머시브 아트,몰입형 미술,관람자를 영상과 소리로 둘러싸 작품 안에 들어간 듯 느끼게 하는 미술. 팀랩 등 디지털 기술로 대중화되었다,,,,,,2,서양미술사,개념,현대,현대;디지털;설치,
1201,인공지능 미술,,"학습한 이미지에서 새 이미지를 만들어 내는 인공지능을 쓴 미술. 창작 주체와 저작권, 학습 데이터의 문제를 제기한다",,,,,,1,서양미술사,개념,현대,현대;디지털;AI,
1202,스트리트 아트,,거리의 벽에 허락 없이 또는 허락받고 그리는 미술. 그래피티에서 나와 뱅크시 등이 사회 비판 메시지를 담는다,,의의: 그래피티보다 확장된 형식(스텐실·포스터·설치)으로 공공 공간을 매체 삼아 사회 비판적 메시지를 대중과 직접 소통,배경: 그래피티가 미술관에 흡수된 이후에도 거리라는 매체 자체를 고수하려는 뱅크시 등의 흐름에서 대두,,,1,서양미술사,사조,현대,현대;거리,
1203,복제 시대의 예술,,벤야민이 1935년 쓴 글의 주장. 사진·영화 같은 기술 복제가 원작의 아우라를 무너뜨리고 예술을 대중과 정치의 영역으로 옮긴다,,,,,,1,서양미술사,개념,현대,담론;복제,
1204,스펙터클,,"드보르가 말한, 이미지가 실제 삶을 대신하는 소비 사회의 상태. 상황주의가 이를 깨뜨리려 했다",,,,,,2,서양미술사,개념,현대,담론,
1205,상황주의,시추아시오니스트,1957년 결성된 급진 그룹. 도시를 목적 없이 떠도는 표류와 기존 이미지를 뒤집는 전용으로 스펙터클에 맞섰다,,,,,,2,서양미술사,사조,현대,담론;정치,
1206,탈식민주의 미술,,식민 지배의 역사와 그 시선을 되묻는 미술. 서구 중심 미술사를 흔들며 1990년대 이후 비엔날레의 주요 흐름이 되었다,,,,,,2,서양미술사,개념,현대,담론,
1207,동시대 미술,컨템퍼러리 아트,"1960년대 이후, 특히 1989년 이후의 미술을 가리키는 말. 하나의 사조로 묶이지 않는 다원성이 특징",,,,,,1,서양미술사,개념,현대,담론,
1208,오브제 트루베,발견된 오브제,우연히 발견한 자연물이나 버려진 물건을 그대로 작품에 쓰는 것. 초현실주의가 즐겨 썼다,,,,,,2,서양미술사,개념,현대,초현실주의;오브제,
1209,데페이즈망의 유형,,"마그리트가 쓴 낯설게 하기의 방법들. 크기 바꾸기, 재질 바꾸기, 낮과 밤 겹치기, 이름과 그림 어긋내기",,,,,,2,서양미술사,개념,현대,초현실주의,
1210,모빌과 스태빌,,"칼더의 두 조각 형식. 바람에 움직이는 매단 조각이 모빌, 땅에 고정된 큰 철판 조각이 스태빌",,,,,,1,서양미술사,개념,현대,키네틱;조각,
1211,어셈블리지 미술,정크 아트,폐품과 버려진 물건을 모아 붙인 미술. 아상블라주 기법을 쓰는 1950~60년대 흐름을 가리킨다,,,,,,2,서양미술사,사조,현대,아상블라주,
1212,퍼포먼스 아트의 기록성,,한 번 일어나고 사라지는 행위를 사진·영상·유물로 남기는 문제. 기록이 작품을 대신하는지가 논쟁이 된다,,,,,,2,서양미술사,개념,현대,퍼포먼스,
1213,설치미술의 특징,,공간 전체를 하나의 작품으로 구성해 관람자가 그 안을 거닐게 한다. 일시적이고 장소에 매이며 여러 매체를 섞는다,,,,,,1,서양미술사,개념,현대,설치,
1214,사진 분리파,포토 세세션,1902년 스티글리츠가 만든 사진 그룹. 사진을 회화와 대등한 예술로 세우려 했으며 갤러리 291을 열었다,,,,,,2,서양미술사,개념,근대,사진,
1215,f/64 그룹,,1932년 웨스턴·애덤스 등이 만든 그룹. 조리개를 최대로 조여 화면 전체가 선명한 스트레이트 사진을 추구했다,,,,,,2,서양미술사,개념,현대,사진,
1216,다큐멘터리 사진,,사회 현실을 기록하고 증언하는 사진. 대공황기 FSA 프로젝트의 랭·에번스가 대표적,,,,,,1,서양미술사,개념,현대,사진;기록,
1217,뉴 토포그래픽스,,1975년 전시에서 이름을 얻은 사진 경향. 교외·공장 같은 인간이 바꾼 풍경을 감정 없이 기록했다,,,,,,3,서양미술사,개념,현대,사진,
1218,뒤셀도르프 학파,,베허 부부에게 배운 독일 사진가들. 산업 건축을 같은 조건으로 찍어 유형학적으로 늘어놓았으며 구르스키가 대표적,,,,,,2,서양미술사,개념,현대,사진,
1219,연출 사진,컨스트럭티드 포토 / 셋업 포토,장면을 미리 꾸며 놓고 찍는 사진. 셔먼의 무제 영화 스틸처럼 사진의 사실성 자체를 되묻는다,,,,,,2,서양미술사,개념,현대,사진;포스트모던,
1220,갑골문,,상나라 때 거북 배딱지와 소 어깨뼈에 새긴 점복 기록. 한자의 가장 오래된 형태로 서예의 뿌리,,,,,,1,동양미술사,개념,고대,서예;중국;상,
1221,청동 예기,,상·주 시대 제사에 쓴 청동 그릇. 정(鼎)·작(爵) 등이 있으며 도철문으로 장엄했다,,,,,,1,동양미술사,개념,고대,청동기;중국,
1222,병마용,,진시황릉 곁에 묻은 실물 크기 흙 병사와 말. 얼굴이 저마다 달라 개별 인물을 본떴다고 본다,,,,,,1,동양미술사,개념,고대,조각;중국;진,
1223,당삼채,,당나라 때 초록·황색·백색 세 가지 납유약을 흘려 구운 도기. 무덤 부장품인 말·낙타·인물상이 많다,,,,,,1,동양미술사,개념,당,도자;중국,
1224,백자와 청자의 시작,,"중국에서 청자는 한대 월주요에서, 백자는 수·당의 형요에서 확립되어 '남청북백'이라 했다",,,,,,2,동양미술사,개념,당,도자;중국,
1225,송자기,,송대의 도자. 여요·관요·가요·정요·균요의 오대 명요가 유명하며 절제된 형태와 유약의 깊이를 추구했다,,,,,,1,동양미술사,개념,북송,도자;중국,
1226,경덕진,,원 이후 중국 최대의 도자 산지. 청화백자를 세계에 수출했으며 명·청의 관요가 있었다,,,,,,1,동양미술사,개념,명,도자;중국,
1227,오채와 분채,,"명·청의 채색 자기. 유약 위에 여러 색을 그려 다시 구운 오채와, 청대에 유럽 에나멜을 받아들여 부드러운 색을 낸 분채",,,,,,2,동양미술사,기법,청,도자;중국,
1228,산점투시,,여러 시점을 한 화면에 흩어 놓는 동양 회화의 공간법. 고정된 눈을 전제하는 서양 원근법과 다르다,,,,,,1,동양미술사,원리,,회화;공간,
1229,준법의 종류,,"산과 바위의 질감을 나타내는 붓질. 삼베 올 같은 피마준, 도끼 자국 부벽준, 빗방울 우점준, 소털 우모준, 연잎 하엽준, 접힌 띠 절대준 등",,,,,,1,동양미술사,개념,,회화;준법,
1230,하엽준,,연잎의 잎맥처럼 산 능선에서 아래로 갈라져 내리는 준법. 조맹부가 즐겨 썼다,,,,,,2,동양미술사,기법,원,회화;준법,
1231,십팔묘법,,인물의 옷 주름을 그리는 열여덟 가지 선묘법. 철선묘·유엽묘·난엽묘·행운유수묘 등이 있다,,,,,,1,동양미술사,개념,,회화;묘법,
1232,유엽묘,,버들잎처럼 가운데가 굵고 양 끝이 가는 선. 옷 주름에 부드러운 움직임을 준다,,,,,,2,동양미술사,기법,,회화;묘법,
1233,행운유수묘,,흐르는 구름과 물처럼 유려하게 이어지는 선묘. 오도자의 옷자락 표현이 대표적,,,,,,2,동양미술사,기법,당,회화;묘법,
1234,화조화의 두 갈래,,윤곽을 그리고 채색하는 구륵전채(황전)와 윤곽 없이 색과 먹으로 그리는 몰골(서희). 오대·북송에 확립되었다,,,,,,1,동양미술사,개념,북송,회화;화조,
1235,원체화,,궁정 화원(畵院)에서 그린 그림. 정교한 묘사와 채색이 특징이며 문인화와 대비된다,,,,,,1,동양미술사,개념,북송,회화;화원,
1236,휘종과 선화화원,,북송 휘종이 직접 그림을 가르치고 시험으로 화원을 뽑은 궁정 아카데미. 사실적 화조화와 수금체 글씨가 유명,,,,,,2,동양미술사,개념,북송,회화;화원,
1237,마하파,,"남송 화원의 마원과 하규를 잇는 화풍. 한쪽으로 치우친 변각 구도와 부벽준, 여백이 특징",,의의: 변각구도와 여백으로 여운을 강조하는 남송 원체화의 대표 양식을 이루어 이후 절파와 조선 안견파 화풍에 영향,배경: 북송 멸망 후 강남으로 밀려난 궁정 화원들이 축소된 국토와 정서를 화면 한쪽에 몰아 그리는 데서 대두,,,1,동양미술사,사조,남송,회화;산수,
1238,원사대가,,원나라 문인화의 네 대가 황공망·오진·예찬·왕몽. 몽골 지배 아래 벼슬 대신 그림으로 뜻을 표현했다,,,,,,1,동양미술사,개념,원,회화;문인화,
1239,해상화파,,19세기 후반 상하이의 화가들. 상업 도시의 취향에 맞춰 화려한 색과 대중적 소재를 그렸으며 임백년·오창석이 대표적,,,,,,2,동양미술사,사조,청,회화;근대,
1240,영남화파,,20세기 초 광둥에서 일본화와 서양화를 받아들여 전통을 개혁한 화파. 고검부 형제가 이끌었다,,,,,,3,동양미술사,사조,청,회화;근대,
1241,서예 오체,,한자 서체의 다섯 갈래 전서·예서·해서·행서·초서. 이 순서로 발전했으며 각각 규범과 표현의 폭이 다르다,,,,,,1,동양미술사,개념,,서예,
1242,비학과 첩학,,"청대 서예의 두 흐름. 옛 비석 글씨를 본받는 비학과 명가의 필적 모음(법첩)을 따르는 첩학이 맞섰고, 추사체는 비학에서 나왔다",,,,,,1,동양미술사,개념,청,서예,
1243,석굴 사원,,바위 절벽을 파 들어가 만든 절. 인도 아잔타에서 시작해 실크로드를 따라 돈황·운강·용문으로 이어졌다,,,,,,1,동양미술사,개념,,불교;건축,
1244,운강 석굴,,북위 5세기 다퉁의 석굴. 거대한 담요오굴 대불이 서역과 간다라의 영향을 보여 준다,,,,,,1,동양미술사,개념,위진남북조,불교;석굴;중국,
1245,용문 석굴,,북위~당의 뤄양 석굴. 당 봉선사 노사나불이 중국화된 불상 양식의 정점을 보여 준다,,,,,,1,동양미술사,개념,당,불교;석굴;중국,
1246,북위 양식,,5~6세기 북위 불상의 특징. 갸름한 얼굴과 옷자락이 좌우로 뻗치는 포의박대 형식으로 삼국 초기 불상에 영향을 주었다,,,,,,1,동양미술사,개념,위진남북조,불상;중국,
1247,당 불상 양식,,"풍만한 몸과 부드러운 옷주름, 사실적 인체의 국제 양식. 통일신라 불상의 모범이 되었다",,,,,,1,동양미술사,개념,당,불상;중국,
1248,사군자의 상징,,"매화는 이른 봄의 절개, 난초는 그윽한 향기, 국화는 서리를 이기는 지조, 대나무는 곧고 빈 마음을 뜻한다",,,,,,1,동양미술사,개념,,문인화;사군자,
1249,시서화 삼절,,시·글씨·그림에 두루 뛰어남을 이르는 말. 문인화가 한 화면에 셋을 함께 담는 시서화 일치의 이상과 통한다,,,,,,1,동양미술사,개념,,문인화;서예,
1250,제발,,"그림이나 글씨에 덧붙이는 감상·기록의 글. 제는 앞에, 발은 뒤에 쓰며 작품의 내력을 전한다",,,,,,2,동양미술사,개념,,회화;서예,
1251,와유,,누워서 노닌다는 뜻. 산수화를 방에 걸어 두고 실제 산수를 거니는 대신 마음으로 노니는 감상 태도,,,,,,1,동양미술사,개념,,산수;감상,
1252,기명절지,,그릇·꽃가지·과일·문방구를 함께 그린 정물 그림. 청 말 유행해 장승업 등 조선 말 화가에게 이어졌다,,,,,,2,동양미술사,개념,청,회화;정물,
1253,발묵과 파묵의 차이,,"발묵은 먹을 흠뻑 뿌리듯 번지게 하고, 파묵은 먼저 칠한 먹 위에 농도가 다른 먹을 더해 깨뜨리듯 변화를 준다",,,,,,1,동양미술사,개념,,수묵;기법,
1254,만다라,,우주의 진리를 기하학적 도형과 불·보살의 배치로 나타낸 그림. 밀교에서 명상과 의식에 쓴다,,,,,,1,동양미술사,개념,,불교;밀교,
1255,탕카,,티베트 불교의 두루마리 불화. 면이나 비단에 만다라·불보살을 그려 말아 보관한다,,,,,,3,동양미술사,개념,,불교;티베트,
1256,조몬 토기,,일본 신석기 시대의 새끼줄 무늬 토기. 불꽃처럼 솟은 화려한 장식이 특징,,,,,,2,동양미술사,개념,선사,토기;일본,
1257,하니와,,고분 시대 일본 무덤 둘레에 세운 흙 인형과 통. 사람·말·집 모양이 있어 신라 토우와 비교된다,,,,,,2,동양미술사,개념,고대,토기;일본,
1258,아스카 미술,,6~7세기 일본 초기 불교 미술. 백제와 고구려의 영향 아래 호류지와 고류지 반가사유상이 만들어졌다,,의의: 일본 최초의 본격적 불교미술로 이후 나라·헤이안 불교미술의 토대를 놓음,배경: 백제를 통한 불교 공인과 도래인의 기술 전파를 배경으로 대두,,,1,동양미술사,사조,고대,불교;일본,
1259,야마토에,,헤이안 시대에 중국풍(가라에)에서 벗어나 일본의 풍경과 이야기를 그린 회화. 두루마리 그림(에마키)이 발달했다,,의의: 중국풍 화풍(가라에)에서 벗어나 일본의 자연·풍속·문학을 담은 고유 회화 전통을 확립해 이후 에마키·린파·우키요에로 이어짐,배경: 헤이안 시대 국풍 문화 융성과 함께 겐지모노가타리 등 일본 고유 문학이 성행하며 대두,,,1,동양미술사,사조,,회화;일본,
1260,에마키,,이야기를 옆으로 길게 그린 일본 두루마리 그림. 오른쪽에서 왼쪽으로 펼치며 시간이 흐른다,,,,,,2,동양미술사,개념,,회화;일본,
1261,수묵화의 일본 수용,,가마쿠라·무로마치 시대에 선종과 함께 송·원의 수묵화가 들어와 셋슈 등이 일본화했다,,,,,,2,동양미술사,개념,,수묵;일본,
1262,가노파,,무로마치 말부터 에도까지 막부의 어용 화파. 금박 병풍에 힘찬 선과 장식적 색으로 성곽을 꾸몄다,,의의: 무로마치 말~에도 시대 약 300년간 막부·다이묘의 공식 화파로 군림하며 일본 회화의 주류 양식을 이룸,배경: 선종화(수묵)와 야마토에(채색 장식화)를 절충해 무가의 취향에 맞는 실내 장벽화 양식을 만들 필요에서 대두,,,1,동양미술사,사조,,회화;일본,
1263,린파,,17세기 소타쓰·고린이 이룬 장식 화파. 금·은 바탕에 대담한 구도와 평면적 색면으로 자연을 양식화했다,,의의: 장식적 금박 배경과 대담한 구도로 일본 고유의 화려한 실내 장식 미술을 확립해 근대 일본화·공예 도안에 영향,"배경: 교토 상인 계층의 부와 고전 문학에 대한 취향이 결합해 대두, 혈연이 아닌 화풍 계승으로 이어짐",,,1,동양미술사,사조,,회화;일본,
1264,와비사비,,"소박하고 불완전한 것에서 아름다움을 찾는 일본 미의식. 다도와 찻그릇, 정원에 깃들어 있다",,,,,,1,동양미술사,개념,,미학;일본,
1265,가레산스이,고산수,물 없이 모래와 돌로 산수를 나타낸 일본 선종 정원. 료안지 석정이 대표적,,,,,,1,동양미술사,개념,,정원;일본;선종,
1266,다도와 찻그릇,,일본 다도가 소박한 미를 추구하며 조선 막사발을 최고의 찻잔으로 삼았다. 임진왜란 뒤 끌려간 조선 도공이 일본 도자를 일으켰다,,,,,,1,동양미술사,개념,,도자;일본,
1267,이마리 자기,,17세기 아리타에서 조선 도공 이삼평이 시작한 일본 자기. 이마리 항에서 유럽으로 수출되었다,,,,,,2,동양미술사,개념,,도자;일본,
1268,우키요에 3대 주제,,"미인화(비진가), 배우 그림(야쿠샤에), 풍경화(후케이가). 하루노부·샤라쿠·호쿠사이·히로시게가 각각 대표한다",,,,,,1,동양미술사,개념,,판화;일본,
1269,일본화,니혼가,메이지 이후 서양화(요가)에 맞서 전통 재료와 기법으로 그린 회화를 가리키는 말. 오카쿠라 덴신이 이끌었다,,,,,,2,동양미술사,개념,,근대;일본,
1270,인더스 문명 미술,,모헨조다로·하라파의 인장과 소형 조각. 사제왕 흉상과 춤추는 소녀상이 대표적,,,,,,2,동양미술사,개념,고대,고대;인도,
1271,무불상 시대,,초기 불교에서 부처를 사람 모습으로 나타내지 않고 발자국·보리수·법륜·빈 자리로 상징한 시기,,,,,,1,동양미술사,개념,고대,불교;인도,
1272,차이티야와 비하라,,"인도 석굴 사원의 두 형식. 스투파를 모신 예배당이 차이티야, 승려가 사는 승방이 비하라",,,,,,2,동양미술사,개념,고대,불교;인도;건축,
1273,삼굴 자세,트리방가,머리·허리·다리를 좌우로 세 번 굽힌 인도 조각의 자세. 유연한 곡선의 리듬을 준다,,,,,,1,동양미술사,개념,,조각;인도,
1274,무드라,,불상의 손 모양. 선정·항마촉지·전법륜·시무외·여원·지권 등이 각각 뜻을 지닌다,,,,,,1,동양미술사,개념,,불상;도상,
1275,보로부두르,,9세기 자바의 거대한 불교 유적. 계단식 피라미드에 부조와 스투파를 층층이 올려 우주의 구조를 나타냈다,,,,,,1,동양미술사,개념,,불교;동남아;건축,
1276,앙코르 와트,,12세기 크메르 제국의 힌두 사원. 수미산을 본뜬 다섯 탑과 긴 회랑의 부조가 특징,,,,,,1,동양미술사,개념,,힌두;동남아;건축,
1277,무굴 세밀화,,무굴 제국 궁정의 정교한 소형 그림. 페르시아 화풍에 인도와 유럽 요소가 섞여 초상과 궁정 생활을 그렸다,,,,,,2,동양미술사,개념,,회화;인도;이슬람,
1278,아라베스크,,"식물 덩굴과 기하학 무늬, 글자가 끝없이 되풀이되는 이슬람 장식. 우상 금지에서 발달했으며 신의 무한함을 나타낸다",,,,,,1,동양미술사,개념,,이슬람;장식,
1279,모스크의 구조,,"메카 방향 벽감(미흐라브), 설교단(민바르), 첨탑(미나레트), 둥근 지붕(돔), 안뜰(사한)로 이루어진다",,,,,,1,동양미술사,개념,,이슬람;건축,
1280,이슬람 서예,,쿠란의 말씀을 아름답게 쓰는 예술. 각진 쿠파체와 흐르는 나스흐체가 있으며 이슬람에서 가장 높은 예술로 대접받는다,,,,,,2,동양미술사,개념,,이슬람;서예,
1281,무카르나스,,이슬람 건축의 벌집 모양 종유석 장식. 돔과 벽이 만나는 곳을 작은 곡면으로 채운다,,,,,,3,동양미술사,개념,,이슬람;건축,
1282,2022 개정 미술과 목표,,"미술 활동을 통해 삶 속에서 대상과 현상을 지각·감상하고 창의적으로 표현하며 소통하는 능력을 기르고, 미술 문화를 향유하는 태도를 갖게 하는 것",,,,,,1,미술교육학,개념,,교육과정;2022,
1283,체험 영역,,"2022 개정 미술과의 첫 영역. 지각과 소통을 다루며, 감각으로 대상을 살피고 시각 문화와 미술의 역할을 이해하게 한다",,,,,,1,미술교육학,개념,,교육과정;2022;영역,
1284,미술과 영역 구성의 변천,,제7차의 미적 체험·표현·감상이 2009에 체험·표현·감상으로 바뀌어 2015·2022까지 이어졌다. 이름은 같아도 내용 요소는 개정마다 달라졌다,,,,,,2,미술교육학,개념,,교육과정;변천,
1285,내용 요소 세 범주의 뜻,,"지식·이해는 알아야 할 개념, 과정·기능은 해 볼 수 있어야 할 활동, 가치·태도는 길러야 할 마음가짐. 한 수업에서 셋이 함께 다뤄져야 한다",,,,,,1,미술교육학,개념,,교육과정;2022,
1286,성취기준의 구조,,학년군과 영역을 나타내는 코드 뒤에 '무엇을 할 수 있다'는 문장으로 진술된다. 평가 기준과 수업 목표의 출발점,,,,,,1,미술교육학,개념,,교육과정;성취기준,
1287,학년군,,"2009 개정부터 여러 학년을 묶어 성취기준을 제시하는 단위. 초 3~4, 5~6, 중 1~3처럼 묶여 학교가 순서를 정한다",,,,,,2,미술교육학,개념,,교육과정,
1288,교과 역량과 총론 핵심역량의 관계,,총론의 여섯 핵심역량(자기관리·지식정보처리·창의적 사고·심미적 감성·협력적 소통·공동체)을 미술과가 자기 방식으로 구체화한 것이 교과 역량,,,,,,1,미술교육학,개념,,교육과정;역량,
1289,디지털 소양,,2022 개정이 모든 교과에서 강조한 기초 소양. 미술과에서는 디지털 매체로 표현하고 온라인 자료를 비판적으로 읽는 능력,,,,,,1,미술교육학,개념,,교육과정;2022;디지털,
1290,생태전환 교육,,"2022 개정이 강조한 방향. 기후 위기에 대응해 삶의 방식을 바꾸는 교육으로, 미술과에서는 재료 순환과 환경 주제로 이어진다",,,,,,2,미술교육학,개념,,교육과정;2022,
1291,미술 교과서 검정제,,국가가 기준을 정하고 민간이 만든 교과서를 심사해 쓰는 제도. 미술은 검정 교과서로 학교가 고른다,,,,,,3,미술교육학,개념,,교육과정;제도,
1292,교수·학습 자료의 선정 기준,,"성취기준과의 관련성, 학생 발달 수준, 안전, 저작권, 다양성(성·인종·장애 편견 없음)을 따진다",,,,,,2,미술교육학,개념,,수업;자료,
1293,이해 중심 미술교육,,1980년대 미국에서 표현 위주 교육을 비판하며 미술사·비평·미학·실기를 함께 가르치자 한 흐름. DBAE가 대표적,,의의: 제작 기능 훈련을 넘어 미술사·비평·미학까지 아우르는 종합적 미술 이해 교육의 틀을 놓음(DBAE의 토대),배경: 표현 중심 교육이 지식·개념 학습을 소홀히 한다는 반성에서 대두,,,1,미술교육학,사조,,미술교육사조,
1294,사회재건주의 미술교육,,미술을 사회 문제를 드러내고 바꾸는 도구로 보는 관점. 공동체·환경·정의를 주제로 삼는다,,,,,,2,미술교육학,사조,,미술교육사조,
1295,게티 미술교육센터,,1982년 세워져 DBAE를 개발하고 보급한 미국 기관. 네 학문 영역의 균형 잡힌 미술교육을 주장했다,,,,,,2,미술교육학,개념,,미술교육사조;DBAE,
1296,네 가지 학문 영역,,DBAE가 가르쳐야 한다고 본 미술 제작·미술사·미술 비평·미학. 만들기만이 아니라 보고 읽고 판단하는 것까지 미술 교육으로 삼았다,,,,,,1,미술교육학,개념,,미술교육사조;DBAE,
1297,오웬 그리기 교육,오웬 교수법,19세기 영국에서 산업 도안가를 기르려 기하학적 선 긋기와 모사를 반복시킨 표현 기능 중심 교육,,,,,,3,미술교육학,개념,,미술교육사조;역사,
1298,페스탈로치의 직관 교육,,감각으로 직접 보고 만지는 데서 배움이 시작된다는 원리. 프뢰벨의 은물과 아동 중심 미술교육의 뿌리,,,,,,2,미술교육학,개념,,미술교육사조;역사,
1299,아동 미술의 발견,,19세기 말 리치·설리 등이 아이의 그림을 어른의 미숙한 모방이 아니라 고유한 표현으로 보기 시작한 일. 창의성 중심 교육의 출발,,,,,,2,미술교육학,개념,,미술교육사조;역사,
1300,난화기의 단계,,"로웬펠드가 나눈 2~4세의 세 단계. 마구 긋는 무질서한 난화, 팔 움직임을 통제하는 조절된 난화, 그림에 이름을 붙이는 명명된 난화",,,,,,1,미술교육학,개념,,발달;로웬펠드,
1301,도식,스키마,아이가 사람·집 등을 그릴 때 되풀이하는 자기만의 형태 공식. 7~9세에 굳어지며 경험이 강하면 벗어난다,,,,,,1,미술교육학,개념,,발달;로웬펠드,
1302,기저선과 하늘선,,도식기 아이가 종이 아래쪽에 긋는 땅 선과 위쪽의 하늘 선. 공간을 이해하기 시작했다는 표시,,,,,,1,미술교육학,개념,,발달;로웬펠드,
1303,전개도식 표현의 원리,,길 양쪽의 나무를 눕혀 그리듯 대상을 기저선에 수직으로 펼치는 도식기의 공간 표현,,,,,,2,미술교육학,개념,,발달;로웬펠드,
1304,과장과 생략,,도식기 아이가 중요한 부분을 크게 그리고 관심 없는 부분을 빼는 것. 감정과 경험이 형태를 결정한다,,,,,,1,미술교육학,개념,,발달;로웬펠드,
1305,사실기의 위기,,11~13세 무렵 사실적으로 그리고 싶은 욕구와 실제 능력의 차이에서 오는 좌절. 이때 미술을 포기하는 아이가 많아 교사의 지도가 중요하다,,,,,,1,미술교육학,개념,,발달;로웬펠드,
1306,켈로그의 난화 분류,,켈로그가 세계 아이들의 그림 100만 장을 모아 20가지 기본 난화와 도형·결합·만다라·태양·사람으로 이어지는 순서를 밝혔다,,,,,,2,미술교육학,개념,,발달,
1307,가드너의 예술적 발달,,가드너는 유아기의 자유로운 표현이 아동기 중반에 사실성에 매여 굳었다가 청소년기에 회복된다고 보아 U자형 곡선을 제시했다,,,,,,1,미술교육학,개념,,발달;가드너,
1308,하우젠의 미적 발달 단계,,"미술관 관람자 면담으로 정리한 다섯 단계. 설명적, 구성적, 분류적, 해석적, 재창조적 단계로 감상 능력이 깊어진다",,,,,,1,미술교육학,개념,,발달;감상,
1309,아른하임의 시지각 이론,,『미술과 시지각』에서 지각 자체가 이미 사고라고 주장. 아이가 원으로 사람을 그리는 것은 미숙함이 아니라 지각의 구조를 표현한 것,,,,,,1,미술교육학,개념,,발달;시지각,
1310,시각적 사고,,"아른하임의 개념. 이미지로 생각하는 능력으로, 언어적 사고와 다른 독자적 인지 방식이라고 보았다",,,,,,1,미술교육학,개념,,시지각;인지,
1311,굿맨의 상징 이론,,예술을 세계를 나타내는 상징 체계로 본 철학. 하버드 프로젝트 제로의 바탕이 되어 미술을 인지 활동으로 보게 했다,,,,,,2,미술교육학,개념,,인지;미학,
1312,프로젝트 제로,,하버드에서 굿맨이 시작하고 가드너가 이끈 예술 인지 연구. 예술을 감정이 아니라 사고의 문제로 다루었다,,,,,,2,미술교육학,개념,,인지;연구,
1313,예술 통합 교육,아츠 인테그레이션,미술을 다른 교과 학습의 통로로 쓰는 방식. 도구적 접근이라는 비판과 학습 효과라는 옹호가 있다,,,,,,2,미술교육학,개념,,통합,
1314,미술의 본질적 가치와 도구적 가치,,미술 그 자체를 배우는 가치와 미술로 다른 것(창의성·정서·타 교과)을 얻는 가치. 아이스너는 본질적 가치를 앞세웠다,,,,,,1,미술교육학,개념,,미술교육사조,
1315,표현적 결과,,"아이스너가 제안한 목표의 한 유형. 미리 정하지 않고 활동을 하고 난 뒤에 얻어지는 결과로, 미술처럼 열린 활동에 맞는다",,,,,,1,미술교육학,개념,,아이스너;목표,
1316,행동 목표와 문제 해결 목표,,"아이스너가 나눈 목표 유형. 행동 목표는 결과를 미리 정하고, 문제 해결 목표는 조건만 주고 해법은 열어 둔다",,,,,,2,미술교육학,개념,,아이스너;목표,
1317,질적 지능,,"아이스너의 개념. 미묘한 질의 차이를 지각하고 다루는 능력으로, 미술 교육이 기르는 고유한 지성",,,,,,2,미술교육학,개념,,아이스너,
1318,문화 다원주의 미술교육,,여러 문화의 미술을 우열 없이 동등하게 다루자는 관점. 서구 중심 정전을 벗어나 지역과 소수 문화의 미술을 포함한다,,,,,,1,미술교육학,개념,,다문화,
1319,뱅크스의 다문화 교육 접근,,기여적·부가적·변혁적·사회 행동 접근의 네 수준. 명절 소개에 그치는 기여적 접근을 넘어 관점을 바꾸는 변혁적 접근을 지향한다,,,,,,1,미술교육학,개념,,다문화,
1320,관광식 접근,,다른 문화를 옷·음식·명절 같은 볼거리로만 소개하고 끝내는 다문화 교육의 한계. 문화를 박제된 구경거리로 만든다,,,,,,2,미술교육학,개념,,다문화,
1321,비판적 시각 문해력,,이미지가 누구의 이익을 위해 무엇을 믿게 하는지 따져 읽는 능력. 시각문화 미술교육이 기르려는 핵심,,,,,,1,미술교육학,개념,,시각문화,
1322,일상 미학,,미술관 밖 일상의 사물과 경험에서 미적 가치를 찾는 관점. 시각문화 교육과 생활 공예 교육의 바탕,,,,,,2,미술교육학,개념,,미학;시각문화,
1323,젠더와 미술교육,,"여학생은 예쁜 것, 남학생은 기계를 그린다는 식의 고정관념이 수업에서 재생산되지 않도록 소재·평가·언어를 살피는 관점",,,,,,2,미술교육학,개념,,페미니즘;다양성,
1324,장애 학생 미술교육,,장애 유형에 맞게 재료·도구·과제를 바꾸어 참여를 보장하는 교육. 결과보다 과정과 감각 경험을 중시한다,,,,,,1,미술교육학,개념,,특수교육,
1325,보편적 학습 설계,UDL,처음부터 다양한 학습자가 접근할 수 있게 수업을 설계하는 원리. 표상·표현·참여의 여러 방법을 마련한다,,,,,,1,미술교육학,개념,,특수교육;수업설계,
1326,미술 영재교육,,미술에 뛰어난 소질을 지닌 학생을 위한 교육. 기능보다 창의성·몰입·문제 발견 능력으로 판별하고 심화 과제를 준다,,,,,,2,미술교육학,개념,,영재,
1327,발상과 구상,,"표현의 첫 단계. 발상은 아이디어를 떠올리는 것, 구상은 그것을 화면 구성과 재료 계획으로 구체화하는 것",,,,,,1,미술교육학,개념,,표현지도,
1328,마인드맵,,중심 낱말에서 가지를 뻗어 연상을 넓히는 발상법. 부잔이 제안했으며 주제를 여러 갈래로 펼치는 데 쓴다,,,,,,1,미술교육학,기법,,발상,
1329,스캠퍼,SCAMPER,대체·결합·응용·변형·다른 용도·제거·재배열의 일곱 질문으로 기존 것을 바꾸어 새 아이디어를 얻는 발상법,,,,,,1,미술교육학,기법,,발상,
1330,시네틱스,,"고든이 제안한 발상법. 익숙한 것을 낯설게, 낯선 것을 익숙하게 보도록 직접·의인·상징·환상 유추를 쓴다",,,,,,1,미술교육학,기법,,발상,
1331,육색 사고 모자,,드 보노의 사고법. 사실·감정·비판·긍정·창의·조정의 여섯 관점을 모자 색으로 나누어 차례로 생각한다,,,,,,2,미술교육학,기법,,발상,
1332,속성 열거법,,대상의 속성을 하나하나 나열한 뒤 각각을 바꾸어 보는 발상법. 크기·색·재료·기능을 항목별로 바꾼다,,,,,,2,미술교육학,기법,,발상,
1333,강제 결합법,,관계없는 두 대상을 억지로 붙여 새로운 것을 떠올리는 발상법,,,,,,2,미술교육학,기법,,발상,
1334,PMI 기법,,"아이디어의 좋은 점, 나쁜 점, 흥미로운 점을 차례로 살피는 드 보노의 사고 도구. 발상을 고르고 다듬을 때 쓴다",,,,,,3,미술교육학,기법,,발상,
1335,아이디어 스케치,,떠오른 생각을 빠르게 여러 장 그려 보는 것. 완성도보다 수와 다양성을 중시하며 구상의 바탕이 된다,,,,,,1,미술교육학,개념,,표현지도,
1336,주제 표현과 자유 표현,,교사가 주제를 주는 방식과 학생이 스스로 정하는 방식. 발달 단계와 목표에 따라 섞어 쓴다,,,,,,2,미술교육학,개념,,표현지도,
1337,모사와 창작,,"본떠 그리는 모사는 기법 습득에, 창작은 자기 표현에 쓰인다. 모사만 시키면 표현 의욕이 꺾이고 창작만 시키면 기초가 약해진다",,,,,,1,미술교육학,개념,,표현지도,
1338,시범,,"교사가 재료 다루기나 기법을 직접 보여 주는 것. 관찰학습의 원리에 따르며, 결과물이 아니라 과정을 보여 주어야 한다",,,,,,1,미술교육학,개념,,표현지도;수업,
1339,순회 지도,,학생이 작업하는 동안 교사가 돌아다니며 개별로 돕는 것. 실기 수업의 핵심 지도 방식이며 관찰 평가의 기회,,,,,,1,미술교육학,개념,,표현지도;수업,
1340,중간 감상,,작업 도중에 서로의 작품을 놓고 이야기하는 시간. 방향을 고칠 기회를 주고 동료 평가로 이어진다,,,,,,1,미술교육학,개념,,표현지도;감상,
1341,작업 일지,,구상부터 완성까지의 생각과 시도를 적는 기록. 과정 평가의 근거이자 성찰의 도구,,,,,,1,미술교육학,개념,,표현지도;평가,
1342,표현 의욕 저하의 지도,,"잘 그려야 한다는 부담이 원인이므로 결과보다 과정을 인정하고, 우연 기법이나 콜라주처럼 기능 부담이 적은 활동으로 시작한다",,,,,,1,미술교육학,개념,,표현지도,
1343,협동 표현,,여러 학생이 한 작품을 함께 만드는 활동. 벽화·설치가 대표적이며 역할 분담과 소통이 목표가 된다,,,,,,1,미술교육학,개념,,표현지도;협동,
1344,감상의 단계 모형 비교,,"펠드먼은 서술·분석·해석·판단, 앤더슨은 반응·서술·해석·평가, 미텔러는 서술·분석·해석·평가로 나눈다. 모두 판단을 뒤로 미룬다",,,,,,1,미술교육학,개념,,감상;비평,
1345,앤더슨의 비평 모형,,펠드먼 모형에 첫 단계 '반응'을 더해 직관적 첫인상에서 출발하게 한 감상 모형,,,,,,2,미술교육학,개념,,감상;비평,
1346,랭크포드의 현상학적 비평,,수용·지각·개인적 해석·비평적 해석·평가의 단계. 관람자의 체험을 앞세운다,,,,,,3,미술교육학,개념,,감상;비평,
1347,비교 감상,,"두 작품을 나란히 놓고 차이를 통해 각각의 특징을 드러내는 감상법. 같은 주제·다른 양식, 같은 작가·다른 시기 등으로 짝짓는다",,,,,,1,미술교육학,개념,,감상,
1348,작품 대화법,,작품 앞에서 교사의 발문과 학생의 대답을 주고받으며 감상을 깊게 하는 방법. VTS가 대표적,,,,,,1,미술교육학,개념,,감상;발문,
1349,발문의 유형,,"무엇이 보이는지 묻는 확인 발문, 왜 그런지 묻는 사고 발문, 나라면 어떻게 할지 묻는 적용 발문. 확산적 발문이 감상을 넓힌다",,,,,,1,미술교육학,개념,,감상;발문,
1350,맥락 정보의 제시 시점,,"작가·시대 정보를 먼저 주면 학생이 그 틀에 맞춰 보고, 나중에 주면 자기 해석 뒤에 넓힐 수 있다. 뒤에 주는 편이 권장된다",,,,,,1,미술교육학,개념,,감상,
1351,감상 학습지,워크시트,감상을 이끄는 질문과 기록란을 담은 활동지. '보이는 것'과 '생각한 것'을 나누어 적게 하면 서술과 해석을 구분하는 연습이 된다,,,,,,2,미술교육학,개념,,감상,
1352,미술관 연계 수업의 단계,,"관람 전(주제 살피기·볼 작품 정하기), 관람 중(한 점을 오래 보기·메모), 관람 후(발표·비평문·표현으로 잇기)의 세 단계",,,,,,1,미술교육학,개념,,감상;미술관,
1353,도슨트,,미술관에서 작품을 설명하는 안내인. 학생이 이 역할을 맡아 친구 작품을 설명하는 활동은 감상과 표현을 잇는다,,,,,,2,미술교육학,개념,,감상;미술관,
1354,에듀케이터,,미술관·박물관에서 교육 프로그램을 기획하고 운영하는 전문가. 학교 밖 미술 교육의 주체,,,,,,2,미술교육학,개념,,감상;미술관,
1355,복제 도판의 한계,,인쇄·화면으로 보는 작품은 크기·질감·색이 실물과 다르다. 감상 수업에서 실물 크기 표시나 세부 확대로 보완한다,,,,,,2,미술교육학,개념,,감상,
1356,감상문과 비평문,,"감상문은 느낌 중심, 비평문은 근거를 들어 판단하는 글. 중등에서는 조형 요소를 근거로 드는 비평문으로 나아간다",,,,,,1,미술교육학,개념,,감상;비평,
1357,미술사 학습의 접근,,연대순으로 훑는 통사적 접근과 주제·양식으로 묶는 주제적 접근. 중등에서는 작품에서 출발해 맥락으로 넓히는 귀납적 방식이 권장된다,,,,,,2,미술교육학,개념,,감상;미술사,
1358,평가의 기능,,"진단(출발점 파악), 형성(수업 중 피드백), 총괄(성취 확인)의 세 기능. 미술과는 형성 기능이 특히 중요하다",,,,,,1,미술교육학,개념,,평가,
1359,성장참조평가,자기참조평가,학생의 이전 상태와 견주어 얼마나 나아졌는지를 보는 평가. 출발점 차이가 큰 미술과에 알맞다,,,,,,1,미술교육학,개념,,평가,
1360,평가 기준,,성취기준에 도달한 정도를 상·중·하로 나누어 각각의 모습을 구체적으로 적은 것. 성취기준은 하나지만 이것은 여러 수준,,,,,,1,미술교육학,개념,,평가;성취기준,
1361,채점 기준의 공개,,무엇을 어느 수준까지 해야 하는지 학생에게 미리 알리는 것. 미술은 정답이 하나가 아니므로 답을 주는 게 아니라 방향을 준다,,,,,,1,미술교육학,개념,,평가,
1362,채점자 간 신뢰도,,여러 채점자가 같은 답안에 비슷한 점수를 주는 정도. 루브릭과 표본 답안으로 기준을 맞추어 높인다,,,,,,1,미술교육학,개념,,평가;신뢰도,
1363,관대함의 오류,,채점자가 전반적으로 후하게 점수를 주는 경향. 엄격함의 오류와 함께 평정 척도의 대표적 오류,,,,,,2,미술교육학,개념,,평가;오류,
1364,논리적 오류,,관련 없는 두 특성을 관련 있다고 보고 비슷하게 평가하는 오류. 성실한 학생의 작품을 잘 그렸다고 보는 식,,,,,,2,미술교육학,개념,,평가;오류,
1365,이원분류표,,평가 문항을 내용 영역과 행동(인지) 수준의 두 축으로 배치한 표. 평가가 특정 영역에 치우치지 않게 한다,,,,,,2,미술교육학,개념,,평가,
1366,실기 평가의 요소,,"발상의 독창성, 표현 방법의 적절성, 조형 요소의 활용, 재료·용구 사용, 완성도, 과정의 성실성 등을 나누어 본다",,,,,,1,미술교육학,개념,,평가;실기,
1367,결과 평가와 과정 평가,,완성작만 보는 평가와 구상·시도·수정의 과정까지 보는 평가. 미술과는 과정을 함께 보아야 기능 차이의 영향을 줄인다,,,,,,1,미술교육학,개념,,평가,
1368,관찰 평가 기록,,실기 중 학생의 태도·방법·변화를 그때그때 적는 것. 일화기록·체크리스트·평정척도를 상황에 맞게 고른다,,,,,,1,미술교육학,개념,,평가;관찰,
1369,자기 평가지,,학생이 자기 작업의 목표 달성·어려움·배운 점을 적는 양식. 성찰과 메타인지를 기르며 교사 평가를 보완한다,,,,,,1,미술교육학,개념,,평가,
1370,피드백의 원칙,,"구체적으로, 늦지 않게, 결과보다 과정과 다음 단계를 향해 준다. '잘했다'보다 '색의 대비가 초점을 만들었다'",,,,,,1,미술교육학,개념,,평가;피드백,
1371,학생부 교과 세부능력 특기사항,세특,학생의 수업 참여와 성취를 서술로 기록하는 학교생활기록부 항목. 미술은 과정과 태도를 구체적 사례로 적는다,,,,,,2,미술교육학,개념,,평가;기록,
1372,탐구 학습,,학생이 스스로 질문하고 자료를 찾아 결론에 이르는 수업. 미술에서는 재료의 성질이나 조형 원리를 실험으로 찾게 한다,,,,,,1,미술교육학,개념,,수업방법,
1373,문제 중심 학습,PBL,정답이 없는 실제 문제를 던지고 모둠이 해결하게 하는 수업. 학교 안내 표지 개선 같은 디자인 과제에 맞는다,,,,,,1,미술교육학,개념,,수업방법,
1374,거꾸로 수업,플립 러닝,개념은 영상으로 미리 배우고 교실에서는 실습과 토론을 하는 방식. 실기 시간을 늘릴 수 있다,,,,,,1,미술교육학,개념,,수업방법,
1375,블렌디드 러닝,,"대면 수업과 온라인 학습을 섞는 방식. 감상 자료는 온라인으로, 실기는 대면으로 나누는 식",,,,,,2,미술교육학,개념,,수업방법,
1376,하브루타,,짝을 지어 질문과 대답을 주고받으며 배우는 유대식 학습법. 작품 감상에서 서로의 해석을 견주는 데 쓴다,,,,,,3,미술교육학,개념,,수업방법,
1377,역할 놀이,,학생이 작가·큐레이터·비평가 등의 역할을 맡아 상황을 연기하는 수업. 감상과 미술 제도 이해에 쓴다,,,,,,2,미술교육학,개념,,수업방법,
1378,워크숍형 수업,,짧은 설명 뒤 긴 실습과 공유로 이루어진 수업 구조. 미술 실기의 기본 형태,,,,,,2,미술교육학,개념,,수업방법,
1379,스테이션 수업,,교실에 여러 활동 자리를 마련하고 모둠이 돌아가며 체험하는 방식. 판화·조소 등 여러 기법을 한 시간에 맛보게 한다,,,,,,2,미술교육학,개념,,수업방법,
1380,디자인 씽킹,,공감·정의·아이디어·시제품·검증의 다섯 단계로 문제를 푸는 방법. 사용자 관점에서 출발하며 디자인 수업의 틀이 된다,,,,,,1,미술교육학,개념,,수업방법;디자인,
1381,메이커 교육,,직접 만들며 배우는 교육. 3D 프린터·전자 부품을 미술 재료로 쓰며 표현과 기술을 잇는다,,,,,,2,미술교육학,개념,,수업방법;디지털,
1382,교육과정-수업-평가 일체화,,성취기준에서 수업과 평가가 어긋나지 않게 한 흐름으로 설계하는 것. 가르친 것을 평가하고 평가가 다시 수업으로 돌아온다,,,,,,1,미술교육학,개념,,수업설계;평가,
1383,백워드 설계의 세 단계,,바라는 결과 확인 → 수용할 증거 결정 → 학습 경험 계획. 활동이 아니라 도착점에서 거슬러 설계한다,,,,,,1,미술교육학,개념,,수업설계,
1384,본질적 질문,,백워드 설계에서 단원을 이끄는 열린 질문. '복제할 수 있다는 것이 이미지의 힘을 어떻게 바꾸는가' 같은 것,,,,,,1,미술교육학,개념,,수업설계,
1385,영속적 이해,,단원이 끝난 뒤에도 남고 다른 상황에 옮겨 쓸 수 있는 큰 생각. 백워드 설계의 목표,,,,,,1,미술교육학,개념,,수업설계,
1386,수업 지도안의 구성,,단원명·차시·성취기준·학습 목표·도입(동기유발)·전개(활동)·정리(평가·차시 예고)와 준비물·유의점으로 짠다,,,,,,1,미술교육학,개념,,수업설계,
1387,동기 유발 전략,,"관심 끌기(실물·영상·질문), 관련성(삶과 연결), 자신감(작은 성공), 만족감(전시·인정). 켈러 ARCS와 통한다",,,,,,1,미술교육학,개념,,수업설계;동기,
1388,학습 목표의 위계,,"블룸의 인지 영역(기억·이해·적용·분석·평가·창안), 정의 영역(수용·반응·가치화·조직화·인격화), 심동 영역을 함께 고려한다",,,,,,1,미술교육학,개념,,수업설계;목표,
1389,미술실 안전 수칙,,"칼날은 몸 반대로, 유성 재료는 환기, 석고는 신체에 직접 씌우지 않기, 물감 섞인 물은 침전 후 배출, 가마·전동 공구는 교사 감독",,,,,,1,미술교육학,개념,,안전,
1390,재료 안전 표시,,"무독성·아동용 표시(AP, CE 등)를 확인하는 것. 유성 용제·에어로졸·납 성분 안료는 중등에서도 주의한다",,,,,,2,미술교육학,개념,,안전;재료,
1391,미술실 환경 구성,,"채광·환기·수도·건조대·보관장을 갖추고, 작품을 게시할 벽면과 모둠 활동이 가능한 배치를 마련한다",,,,,,2,미술교육학,개념,,환경,
1392,학교 전시의 교육적 활용,,결과물 처분이 아니라 학습의 마지막 단계. 주제별로 묶고 작가의 말을 붙이며 감상 활동으로 잇는다,,,,,,1,미술교육학,개념,,전시,
1393,디지털 표현 도구의 지도,,태블릿 드로잉·이미지 편집·3D 모델링을 수업에 쓸 때는 도구 익히기에 시간을 다 쓰지 않도록 목표를 표현에 둔다,,,,,,1,미술교육학,개념,,디지털;수업,
1394,생성형 인공지능과 미술 수업,,"인공지능 생성 이미지를 쓸 때 학습 데이터의 저작권, 창작 주체, 결과물 의존의 문제를 학생과 함께 따진다",,,,,,1,미술교육학,개념,,디지털;AI;저작권,
1395,CCL,크리에이티브 커먼즈 라이선스,저작자가 이용 조건을 미리 밝히는 표시. 저작자 표시(BY)·비영리(NC)·변경 금지(ND)·동일 조건 변경 허락(SA)을 조합한다,,,,,,1,미술교육학,개념,,저작권,
1396,공공누리,KOGL,우리나라 공공기관 저작물의 이용 허락 표시. 제1유형(출처 표시)부터 제4유형(출처·비영리·변경 금지)까지 있다,,,,,,2,미술교육학,개념,,저작권,
1397,수업 목적 저작물 이용,,저작권법 제25조에 따라 수업에 필요한 범위에서 저작물을 쓸 수 있다. 다만 학교 밖 공개(누리집·SNS)는 별개다,,,,,,1,미술교육학,개념,,저작권,
1398,표절과 차용의 경계,,"출처를 밝히고 자기 의도에 따라 변형·재해석하면 차용, 그대로 베끼면 표절. 학생 작품 지도에서 자주 다루는 쟁점",,,,,,1,미술교육학,개념,,저작권;윤리,
1399,초상권과 학생 작품 공개,,학생 작품과 얼굴을 온라인에 올릴 때는 본인·보호자 동의가 필요하다. 전시 사진도 마찬가지,,,,,,2,미술교육학,개념,,저작권;윤리,
1400,미술 치료,,"그리기와 만들기를 통해 심리적 어려움을 표현하고 다루도록 돕는 것. 나움버그는 치료의 수단으로, 크레이머는 활동 자체를 치료로 보았다",,,,,,1,미술교육학,개념,,미술치료,
1401,HTP 검사,,집·나무·사람을 그리게 해 심리를 살피는 투사 검사. 벅이 개발했으며 그림의 크기·위치·필압을 해석한다,,,,,,2,미술교육학,개념,,미술치료;검사,
1402,동적 가족화,KFD,가족이 무언가 하고 있는 모습을 그리게 하는 검사. 인물의 크기·거리·활동으로 가족 관계를 본다,,,,,,2,미술교육학,개념,,미술치료;검사,
1403,투사,,자신의 감정이나 생각을 그림 같은 바깥 대상에 옮겨 드러내는 심리 기제. 미술 치료와 그림 검사의 원리,,,,,,2,미술교육학,개념,,미술치료;심리,
1404,정서 표현과 미술,,말로 하기 어려운 감정을 색·형·재료로 나타내는 것. 표현 자체가 정화(카타르시스)가 되며 교사는 해석보다 수용에 힘쓴다,,,,,,1,미술교육학,개념,,미술치료;정서,
1405,미술 관련 진로,,"순수 작가 외에 시각·산업·환경 디자이너, 일러스트레이터, 큐레이터, 보존과학자, 미술치료사, 애니메이터, UX 디자이너 등으로 넓다",,,,,,1,미술교육학,개념,,진로,
1406,진로 연계 교육,,2022 개정에서 강조된 방향. 중 3 2학기 진로연계학기에 미술과 관련 직업을 체험하되 교과 성취기준을 축으로 삼는다,,,,,,1,미술교육학,개념,,진로;교육과정,
1407,교과 융합 수업의 설계,,두 교과 이상의 성취기준을 하나의 주제로 엮는다. 미술이 장식이 되지 않도록 미술 고유의 성취기준을 반드시 넣는다,,,,,,1,미술교육학,개념,,통합;융합,
1408,스팀 교육에서 미술의 자리,,"STEAM의 A는 예술로, 과학·기술에 창의성과 감성을 더한다. 미술이 결과물 꾸미기에 머물지 않도록 조형적 문제 해결을 넣는다",,,,,,1,미술교육학,개념,,통합;융합,
1409,마을 연계 미술교육,,지역의 장소·사람·역사를 소재로 삼고 주민과 함께하는 수업. 벽화·지도 만들기가 대표적이며 공동체 미술로 이어진다,,,,,,2,미술교육학,개념,,공동체;지역,
1410,시각 문화의 범위,,순수 미술만이 아니라 광고·영화·만화·게임·패션·건축·인터넷 이미지까지. 학생이 실제로 마주하는 이미지 전체,,,,,,1,미술교육학,개념,,시각문화,
1411,미디어 리터러시,,미디어 메시지를 비판적으로 읽고 스스로 만들어 소통하는 능력. 시각적 문해력과 겹치며 2022 개정의 기초 소양,,,,,,1,미술교육학,개념,,시각문화;디지털,
1412,미적 체험의 뜻,,일상에서 대상의 형·색·질감을 감각으로 느끼고 아름다움을 발견하는 경험. 표현과 감상의 바탕이 되는 미술과 학습의 출발,,,,,,1,미술교육학,개념,,미적체험,
1413,조형 감각,,형·색·공간의 관계를 직관적으로 느끼고 다루는 능력. 조형 요소와 원리 학습으로 기른다,,,,,,1,미술교육학,개념,,미적체험;조형,
1414,미술 언어,,조형 요소(점·선·면·형·색·명암·질감·공간)와 원리(통일·변화·균형·율동·강조·비례)를 가리키는 말. 작품을 읽고 만드는 문법,,,,,,1,미술교육학,개념,,조형,
1415,자유학기 미술 프로그램,,중 1 자유학기에 시험 부담 없이 주제 선택·예술 체험으로 운영되는 미술 활동. 프로젝트와 진로 탐색에 맞다,,,,,,2,미술교육학,개념,,교육과정;자유학기,
1416,고교 미술 과목의 구성,,"2022 개정 고등학교에서 일반 선택 '미술', 진로 선택 '미술 창작'·'미술 감상과 비평', 융합 선택 '미술과 매체'로 나뉜다",,,,,,1,미술교육학,개념,,교육과정;고교,
1417,교사 연구의 방법,실행 연구,교사가 자기 수업의 문제를 찾아 계획·실행·관찰·성찰을 되풀이하며 개선하는 연구. 수업 개선의 실천적 방법,,,,,,2,미술교육학,개념,,교사;연구,
1418,수업 성찰,,수업 뒤 무엇이 되고 안 되었는지 되짚어 다음 수업을 고치는 것. 동료 참관과 영상 기록이 도움이 된다,,,,,,2,미술교육학,개념,,교사,
1419,교육적 감식안과 교육 비평의 차이,,"감식안은 수업의 질을 미세하게 알아보는 사적 능력, 비평은 그것을 남이 알 수 있게 언어로 드러내는 공적 행위. 아이스너가 나누었다",,,,,,1,미술교육학,개념,,아이스너;평가,
1420,미술과 정체성,,미술 활동이 자신이 누구인지 탐색하고 표현하게 한다는 관점. 자화상·자기 상징 만들기가 대표 활동,,,,,,2,미술교육학,개념,,정체성;표현,
1421,놀이와 미술,,놀이의 자발성·규칙·몰입이 미술 활동과 통한다는 관점. 유아·초등 미술의 원리이며 중등에서도 실험적 활동의 근거,,,,,,2,미술교육학,개념,,놀이,
1422,감각 통합 활동,,시각뿐 아니라 촉각·청각·후각을 함께 쓰는 미술 활동. 재료 탐색과 체험 영역 수업의 방법,,,,,,2,미술교육학,개념,,미적체험;감각,
1423,환경 조형과 학교 공간,,학교 공간을 학생이 직접 디자인하고 꾸미는 수업. 공공디자인과 참여의 경험이 된다,,,,,,2,미술교육학,개념,,환경;공공,
1424,미술 비평의 유형,,작품 자체에 집중하는 내재적 비평(형식주의)과 사회·역사·작가 맥락을 끌어오는 외재적 비평. 감상 수업에서 둘을 함께 쓴다,,,,,,1,미술교육학,개념,,비평,
1425,형식 분석의 요소,,"펠드먼 2단계에서 살피는 것. 조형 요소의 쓰임, 구도와 시선의 흐름, 색과 명암의 배치, 재료와 기법",,,,,,1,미술교육학,개념,,비평;감상,
1426,작품 해석의 근거,,해석은 자유롭되 근거가 작품 안에 있어야 한다. 서로 다른 해석이 근거를 갖추면 함께 성립한다,,,,,,1,미술교육학,개념,,비평;감상,
1427,판단의 기준,,"작품을 평가하는 잣대. 닮음(모방론), 감정 전달(표현론), 형식의 완결(형식론), 제도의 인정(제도론) 등 어느 이론에 서느냐에 따라 다르다",,,,,,1,미술교육학,개념,,비평;미학,
1428,미학의 주요 물음,,"예술이란 무엇인가(정의), 아름다움은 어디에 있는가(미적 가치), 왜 감동하는가(미적 경험). 미술 교육의 미학 영역이 다루는 질문",,,,,,1,미술교육학,개념,,미학,
1429,취미 판단,,칸트가 말한 아름다움에 대한 판단. 개인의 느낌에서 출발하지만 남도 동의하리라 기대하는 보편성을 지닌다,,,,,,2,미술교육학,개념,,미학,
1430,예술 의지,쿤스트볼렌,리글의 개념. 각 시대 미술의 특징은 기술 부족이 아니라 그 시대가 원한 형식이라는 것. 양식 변화를 진보가 아닌 선택으로 본다,,,,,,2,미술교육학,개념,,미학;미술사,
1431,양식사,,뵐플린이 다섯 쌍의 개념(선적/회화적 등)으로 르네상스와 바로크를 견준 미술사 방법. 작품의 형식 변화를 따라간다,,,,,,2,미술교육학,개념,,미학;미술사,
1432,사회사적 미술사,,하우저 등이 미술을 사회·경제 조건의 산물로 읽은 방법. 후원자·시장·계급이 양식을 어떻게 만들었는지 본다,,,,,,2,미술교육학,개념,,미학;미술사,
1433,신미술사학,,1980년대 이후 페미니즘·기호학·정신분석·탈식민주의를 끌어들여 정전 중심 미술사를 되물은 흐름,,,,,,2,미술교육학,개념,,미학;미술사,
1434,행동주의 학습이론,,"학습을 자극과 반응의 연결로 보는 관점. 강화와 벌로 행동을 바꾸며, 목표를 관찰 가능한 행동으로 진술하는 수업 설계의 바탕",,,,,,1,일반교육학,개념,,학습이론,
1435,인지주의 학습이론,,"학습을 머릿속 정보 처리와 구조의 변화로 보는 관점. 이해와 기억, 문제 해결 전략에 주목한다",,,,,,1,일반교육학,개념,,학습이론,
1436,사회적 구성주의,,지식이 사회적 상호작용과 문화 속에서 구성된다는 비고츠키의 관점. 협력·대화·언어를 학습의 핵심으로 본다,,,,,,1,일반교육학,개념,,학습이론;구성주의,
1437,관찰학습,모델링,"반두라의 이론. 남의 행동과 그 결과를 보고 배우며, 주의·파지·재생·동기의 네 과정을 거친다. 시범이 효과적인 근거",,,,,,1,일반교육학,개념,,학습이론,
1438,자기효능감,,"어떤 일을 해낼 수 있다는 자신의 능력에 대한 믿음. 성공 경험, 대리 경험, 언어적 설득, 정서 상태가 이를 키운다",,,,,,1,일반교육학,개념,,동기,
1439,내재적 동기와 외재적 동기,,활동 자체의 즐거움에서 오는 동기와 보상·평가 같은 바깥 요인에서 오는 동기. 외적 보상이 내적 동기를 깎을 수 있다,,,,,,1,일반교육학,개념,,동기,
1440,매슬로 욕구 위계,,생리·안전·소속·존중·자아실현 순으로 욕구가 채워진다는 이론. 미술의 자기표현은 자아실현 욕구와 이어진다,,,,,,2,일반교육학,개념,,동기,
1441,몰입,플로우,칙센트미하이의 개념. 과제 난이도와 능력이 맞을 때 시간을 잊고 빠져드는 상태. 미술 활동에서 자주 일어난다,,,,,,1,일반교육학,개념,,동기,
1442,전이,,한 상황에서 배운 것이 다른 상황에 옮겨 쓰이는 것. 원리를 이해할수록 잘 일어나며 교육의 궁극 목표,,,,,,1,일반교육학,개념,,학습,
1443,메타인지,,"자신의 생각과 학습을 스스로 살피고 조절하는 능력. 계획·점검·평가의 과정으로, 성찰 일지가 이를 기른다",,,,,,1,일반교육학,개념,,학습,
1444,완전학습,,블룸의 주장. 시간과 적절한 도움만 주면 거의 모든 학생이 목표에 이를 수 있다는 것. 형성평가와 보충 학습이 핵심,,,,,,2,일반교육학,개념,,수업,
1445,개별화 수업,,학생마다 다른 속도·수준·방식에 맞춘 수업. 미술의 개인차가 크므로 과제와 재료를 여러 갈래로 준비한다,,,,,,1,일반교육학,개념,,수업,
1446,교육과정 재구성,,국가 교육과정을 바탕으로 교사가 학교·학생에 맞게 내용과 순서를 다시 짜는 일. 성취기준은 지키되 활동은 자유롭다,,,,,,1,일반교육학,개념,,교육과정,
1447,잠재적 교육과정,,문서에 없지만 학교 생활 속에서 은연중에 배우는 가치와 태도. 교실 분위기와 교사의 태도가 이에 속한다,,,,,,1,일반교육학,개념,,교육과정,
1448,영 교육과정,,아이스너가 제안한 개념. 학교가 가르치지 않아 학생이 배울 기회를 갖지 못하는 내용. 무엇을 뺐는지도 선택이다,,,,,,1,일반교육학,개념,,교육과정,
1449,교수 설계 ADDIE,,분석·설계·개발·실행·평가의 다섯 단계로 수업을 체계적으로 만드는 모형,,,,,,2,일반교육학,개념,,수업설계,
1450,가네의 9가지 수업 사태,,"주의 집중, 목표 제시, 선수 학습 회상, 자료 제시, 학습 안내, 수행 유도, 피드백, 수행 평가, 파지와 전이의 순서",,,,,,2,일반교육학,개념,,수업설계,
1451,수업 목표 진술,,학습자가 수업 뒤 무엇을 할 수 있는지를 관찰 가능한 행동 동사로 쓰는 것. '이해한다' 대신 '설명할 수 있다',,,,,,1,일반교육학,개념,,수업설계,
1452,점,,"위치만 있고 크기가 없는 가장 작은 조형 요소. 모이면 선과 면이 되고, 크기·밀도에 따라 명암과 리듬을 만든다",,,,,,1,표현기법,개념,,조형요소,
1453,선의 종류와 느낌,,"직선은 굳세고 곡선은 부드러우며, 수직선은 상승·수평선은 안정·사선은 움직임을 준다. 굵기와 속도에 따라 감정이 달라진다",,,,,,1,표현기법,개념,,조형요소;선,
1454,형과 형태,,"형(shape)은 평면의 윤곽, 형태(form)는 부피를 지닌 입체. 기하학적 형과 유기적 형으로도 나눈다",,,,,,1,표현기법,개념,,조형요소;형,
1455,명암,,"빛에 따른 밝고 어두움. 입체감과 공간감, 분위기를 만들며 하이라이트·중간톤·그림자·반사광·그림자로 나눈다",,,,,,1,표현기법,개념,,조형요소;명암,
1456,질감,텍스처,표면의 느낌. 실제로 만져지는 촉각적인 것과 그린 것처럼 보이는 시각적인 것으로 나눈다,,,,,,1,표현기법,개념,,조형요소;질감,
1457,공간,,"조형에서 사물이 놓인 자리와 그 사이. 평면에서는 원근과 겹침으로, 입체에서는 양감과 빈 곳으로 나타낸다",,,,,,1,표현기법,개념,,조형요소;공간,
1458,양감,볼륨,"부피와 무게가 느껴지는 성질. 명암과 윤곽, 조각에서는 덩어리로 나타낸다",,,,,,1,표현기법,개념,,조형요소;입체,
1459,동세,무브망,움직임의 느낌. 사선·곡선·반복·인체의 비틀림으로 나타낸다,,,,,,1,표현기법,개념,,조형요소;움직임,
1460,통일,,여러 요소가 하나로 어우러진 느낌. 반복·유사·근접으로 얻으며 지나치면 단조로워진다,,,,,,1,표현기법,원리,,조형원리,
1461,변화,,요소에 차이를 주어 생기를 얻는 것. 통일과 짝을 이루며 둘의 어울림이 조형의 기본 목표,,,,,,1,표현기법,원리,,조형원리,
1462,균형,,화면의 시각적 무게가 안정된 상태. 좌우가 같은 대칭과 다르면서 무게가 맞는 비대칭이 있다,,,,,,1,표현기법,원리,,조형원리,
1463,대칭과 비대칭,,"중심축을 기준으로 양쪽이 같은 대칭은 안정과 엄숙함을, 비대칭은 긴장과 생동감을 준다",,,,,,1,표현기법,원리,,조형원리;균형,
1464,율동,리듬,요소의 반복과 변화가 만드는 흐름. 반복·점층·교차로 시선을 이끈다,,,,,,1,표현기법,원리,,조형원리,
1465,반복,,같거나 비슷한 요소를 되풀이하는 것. 질서와 리듬을 만들며 패턴의 바탕,,,,,,1,표현기법,원리,,조형원리;율동,
1466,점층,점이,크기·색·간격이 차츰 변하는 것. 방향성과 운동감을 준다,,,,,,1,표현기법,원리,,조형원리;율동,
1467,강조,,한 부분을 두드러지게 해 시선을 모으는 것. 대비·고립·위치로 초점을 만든다,,,,,,1,표현기법,원리,,조형원리,
1468,대비,,성질이 다른 요소를 나란히 놓아 서로를 돋보이게 하는 것. 명암·색·크기·질감에서 쓴다,,,,,,1,표현기법,원리,,조형원리,
1469,비례,,"부분과 부분, 부분과 전체의 크기 관계. 황금비·금강비·인체의 등신이 대표적",,,,,,1,표현기법,원리,,조형원리;비례,
1470,조화,,서로 다른 요소가 어울려 아름답게 보이는 것. 닮은 것끼리의 어울림과 다른 것끼리의 어울림으로 나눈다,,,,,,1,표현기법,원리,,조형원리,
1471,금강비,,"정사각형의 한 변과 대각선의 비 1:1.414. 한국 석탑과 목조 건축, A열 종이에 쓰인다",,,,,,1,표현기법,원리,,조형원리;비례,
1472,인체 비례,,"머리 길이를 기준으로 한 몸의 비율. 그리스 고전기 7등신, 헬레니즘 8등신, 실제 성인은 7~7.5등신",,,,,,1,표현기법,개념,,비례;인체,
1473,구도,,화면에 요소를 배치하는 짜임. 삼각형·수평·수직·대각선·원형·S자형이 각각 다른 느낌을 준다,,,,,,1,표현기법,개념,,구도,
1474,삼각형 구도,,요소를 세모꼴로 배치한 구도. 안정되고 장중하며 르네상스 성모자상에 많다,,,,,,1,표현기법,개념,,구도,
1475,대각선 구도,,사선으로 요소를 배치한 구도. 움직임과 긴장을 주며 바로크 회화에 많다,,,,,,1,표현기법,개념,,구도,
1476,삼분할법,,화면을 가로세로 3등분한 선과 교점에 주요 요소를 놓는 구도법. 사진과 회화의 기본 규칙,,,,,,1,표현기법,개념,,구도;사진,
1477,시선의 흐름,,보는 이의 눈이 화면을 따라 움직이는 길. 선·명암·색의 배치로 의도한 순서대로 이끈다,,,,,,1,표현기법,개념,,구도,
1478,여백,,그리지 않고 비워 둔 부분. 동양화에서는 안개·물·공간으로 읽히는 적극적 요소,,,,,,1,표현기법,개념,,구도;동양화,
1479,착시,,"실제와 다르게 보이는 지각 현상. 뮐러-라이어(길이), 에빙하우스(크기), 헤링(휨) 등이 있으며 조형에서 보정하거나 이용한다",,,,,,1,표현기법,원리,,시지각;착시,
1480,항상성,,조건이 바뀌어도 같은 대상으로 지각하는 성질. 크기·모양·색·밝기에서 나타나 그림자 속 흰 종이도 희게 본다,,,,,,1,표현기법,원리,,시지각,
1481,게슈탈트 집단화 원리,,"가까운 것끼리(근접), 닮은 것끼리(유사), 이어지는 것끼리(연속), 닫힌 것끼리(폐쇄) 묶어 보는 지각 법칙",,,,,,1,표현기법,원리,,시지각;게슈탈트,
1482,공동 운명의 원리,,같은 방향으로 움직이는 요소를 한 묶음으로 보는 게슈탈트 원리. 애니메이션과 인터페이스 설계에 쓰인다,,,,,,2,표현기법,원리,,시지각;게슈탈트,
1483,무채색과 유채색,,흰·회·검처럼 색상이 없는 무채색과 색상을 지닌 유채색. 무채색은 명도만 갖는다,,,,,,1,표현기법,개념,,색채,
1484,색광의 삼원색,,빨강(R)·초록(G)·파랑(B). 섞을수록 밝아져 흰빛이 되는 가산혼합의 원색으로 화면 표시에 쓴다,,,,,,1,표현기법,개념,,색채;혼합,
1485,색료의 삼원색,,시안(C)·마젠타(M)·노랑(Y). 섞을수록 어두워지는 감산혼합의 원색으로 인쇄에 검정(K)을 더해 CMYK,,,,,,1,표현기법,개념,,색채;혼합,
1486,일차색·이차색·삼차색,,"원색(1차), 원색 둘을 섞은 2차색(주황·초록·보라), 1차와 2차를 섞은 3차색. 12색상환의 구성",,,,,,1,표현기법,개념,,색채;색상환,
1487,보색 잔상,,한 색을 오래 본 뒤 흰 면에서 그 보색이 떠오르는 현상. 계시대비의 원인이며 수술복이 청록인 까닭,,,,,,1,표현기법,원리,,색채;지각,
1488,색의 동화,베졸트 효과,가는 줄무늬나 작은 점이 둘러싼 색과 비슷해 보이는 현상. 대비와 반대 방향으로 작용한다,,,,,,2,표현기법,원리,,색채;지각,
1489,색의 명시도와 주목성,,멀리서도 잘 보이는 정도와 눈길을 끄는 정도. 노랑 바탕에 검정이 가장 잘 보인다,,,,,,1,표현기법,개념,,색채;기능,
1490,색의 감정 효과,,난색은 따뜻하고 흥분시키며 한색은 차갑고 가라앉힌다. 명도가 높으면 가볍고 낮으면 무겁다,,,,,,1,표현기법,개념,,색채;심리,
1491,색의 연상과 상징,,"빨강은 정열·위험, 파랑은 신뢰·차가움처럼 색이 떠올리게 하는 것. 문화마다 다르며 오방색은 방위를 뜻한다",,,,,,1,표현기법,개념,,색채;상징,
1492,색의 공감각,,"색이 맛·소리·냄새 같은 다른 감각을 불러오는 것. 노랑은 신맛, 높은 명도는 높은 음",,,,,,2,표현기법,개념,,색채;심리,
1493,PCCS 색체계,,일본 색채연구소의 표색계. 24색상과 12톤으로 나누어 배색 교육에 쓰기 쉽다,,,,,,2,표현기법,개념,,색채;표색계,
1494,NCS 색체계,,스웨덴의 자연색 체계. 흰·검·노·빨·초·파 여섯 기본색에 대한 지각 비율로 색을 적는다,,,,,,3,표현기법,개념,,색채;표색계,
1495,CIE 색체계,,국제조명위원회가 정한 혼색계. 빛의 파장을 재어 xy 색도도로 모든 색을 좌표로 나타낸다,,,,,,2,표현기법,개념,,색채;표색계,
1496,색상·명도·채도 배색,,"배색을 무엇을 기준으로 맞추느냐에 따라 색상 배색(동일·유사·반대), 명도 배색(고·중·저), 채도 배색으로 나눈다",,,,,,1,표현기법,개념,,색채;배색,
1497,그라데이션,,색이나 명도가 단계적으로 이어지는 것. 연속배색이며 부드러운 공간감을 준다,,,,,,1,표현기법,기법,,색채;배색,
1498,저드의 색채조화 원리,,"질서·친근·유사·명료의 네 원리. 규칙적 색 관계, 익숙한 자연의 배색, 공통 요소, 뚜렷한 차이가 조화를 만든다",,,,,,1,표현기법,개념,,색채;조화,
1499,색채 계획,컬러 플래닝,제품·공간·도시의 색을 목적에 맞게 미리 정하는 일. 주조색·보조색·강조색의 비율(70:25:5)로 짠다,,,,,,1,표현기법,개념,,색채;디자인,
1500,주조색·보조색·강조색,,"화면이나 공간에서 가장 넓은 색, 그것을 받치는 색, 작게 쓰여 눈길을 끄는 색의 역할 구분",,,,,,1,표현기법,개념,,색채;배색,
1501,색채 심리 치료,컬러 테라피,"색이 정서와 생리에 미치는 영향을 이용하는 것. 병원의 연두, 학교의 따뜻한 색 등 환경 색채에 반영된다",,,,,,3,표현기법,개념,,색채;심리,
1502,고유색,,사물이 본래 지녔다고 여기는 색. 인상주의는 빛에 따라 변하는 색을 그려 이 관념을 깼다,,,,,,1,표현기법,개념,,색채;회화,
1503,색온도,,"빛의 색을 켈빈(K)으로 나타낸 값. 낮으면 붉고 높으면 푸르며, 사진의 화이트밸런스와 조명 설계에 쓴다",,,,,,2,표현기법,개념,,색채;빛;사진,
1504,해칭,,평행한 선을 그어 명암을 내는 소묘 기법. 겹쳐 그으면 더 어둡게 된다,,,,,,1,표현기법,기법,,소묘,
1505,스티플링,점묘 소묘,점을 찍어 명암을 내는 기법. 점의 밀도로 어둡기를 조절하며 펜화에 많다,,,,,,2,표현기법,기법,,소묘,
1506,블렌딩,,연필·목탄·파스텔을 손가락이나 찰필로 문질러 부드럽게 섞는 것,,,,,,1,표현기법,기법,,소묘,
1507,찰필,,종이를 단단히 말아 만든 막대. 목탄·파스텔을 문질러 명암을 고르게 편다,,,,,,2,표현기법,개념,,소묘;도구,
1508,연필의 경도,,H는 단단하고 연하며 B는 무르고 진하다. 9H부터 9B까지 있으며 소묘는 2B~4B를 많이 쓴다,,,,,,1,표현기법,개념,,소묘;재료,
1509,제스처 드로잉,,대상의 움직임과 기세를 몇 초 안에 빠르게 잡는 드로잉. 세부보다 전체의 흐름을 본다,,,,,,1,표현기법,기법,,소묘,
1510,컨투어 드로잉,윤곽 드로잉,종이를 보지 않고 대상의 윤곽만 따라 천천히 긋는 연습. 눈과 손의 협응을 기른다,,,,,,1,표현기법,기법,,소묘,
1511,네거티브 드로잉,,대상이 아니라 대상 주위의 빈 공간을 그려 형태를 얻는 방법. 선입견을 벗어나 보게 한다,,,,,,2,표현기법,기법,,소묘,
1512,스케치와 에스키스,,"스케치는 빠른 밑그림, 에스키스는 작품을 위한 구상 초안. 둘 다 완성 전 단계",,,,,,1,표현기법,개념,,소묘,
1513,펜화,,펜과 잉크로 그리는 그림. 지울 수 없어 선의 확신이 필요하며 해칭으로 명암을 낸다,,,,,,2,표현기법,기법,,소묘;펜,
1514,마커,,휘발성 잉크 펜. 빠르게 마르고 색이 선명해 디자인 스케치와 렌더링에 쓴다,,,,,,2,표현기법,개념,,재료;디자인,
1515,색연필,,"안료를 왁스나 오일로 굳힌 심을 나무로 감싼 재료. 겹쳐 칠해 색을 섞고, 수채용은 물로 풀 수 있다",,,,,,1,표현기법,개념,,재료,
1516,크레용과 오일파스텔,,"크레용은 왁스 위주로 단단하고, 오일파스텔은 기름이 많아 무르고 진하게 발린다. 긁기와 겹치기가 다르다",,,,,,1,표현기법,개념,,재료,
1517,웨트 인 웨트,,젖은 종이나 젖은 물감 위에 물감을 더해 번지게 하는 수채 기법. 부드러운 경계와 우연한 무늬를 얻는다,,,,,,1,표현기법,기법,,수채화,
1518,웨트 온 드라이,,마른 바탕 위에 물감을 칠하는 수채 기법. 경계가 또렷하고 겹칠로 층을 쌓는다,,,,,,1,표현기법,기법,,수채화,
1519,드라이 브러시,갈필 기법,물기를 뺀 붓으로 종이 결 위를 스치듯 칠하는 기법. 거칠고 마른 질감을 낸다,,,,,,1,표현기법,기법,,수채화;유화,
1520,워시,,묽은 물감을 넓게 고르게 칠하는 것. 하늘이나 배경의 바탕이 된다,,,,,,1,표현기법,기법,,수채화,
1521,마스킹,,칠하지 않을 부분을 액체나 테이프로 가려 두었다가 나중에 벗기는 기법. 흰 부분을 남길 때 쓴다,,,,,,1,표현기법,기법,,수채화,
1522,리프팅,닦아내기,칠한 물감을 마르기 전이나 후에 붓·휴지로 닦아 밝게 만드는 수채 기법,,,,,,2,표현기법,기법,,수채화,
1523,소금 기법,,젖은 수채 물감 위에 소금을 뿌려 물기를 빨아들이게 해 눈꽃 같은 무늬를 얻는 기법,,,,,,2,표현기법,기법,,수채화;우연,
1524,스패터링,뿌리기,붓이나 칫솔로 물감을 튀겨 점을 뿌리는 기법. 질감과 우연한 효과를 낸다,,,,,,1,표현기법,기법,,수채화;우연,
1525,불투명 수채와 투명 수채,,"투명 수채는 종이의 흰색으로 밝기를 내고, 불투명 수채(과슈·포스터컬러)는 흰 물감을 섞어 덮어 칠한다",,,,,,1,표현기법,개념,,수채화,
1526,포스터컬러,,불투명하고 고르게 발리는 수성 물감. 넓은 면을 균일하게 칠하는 디자인·포스터 작업에 쓴다,,,,,,1,표현기법,개념,,재료;디자인,
1527,먹의 농담,,물의 양으로 조절하는 먹의 진하기. 초묵·농묵·중묵·담묵·청묵의 오묵으로 나눈다,,,,,,1,표현기법,개념,,수묵,
1528,갈필과 윤필,,물기 적은 붓으로 거칠게 긋는 갈필과 물기 많은 붓으로 촉촉하게 긋는 윤필. 질감과 정서가 다르다,,,,,,1,표현기법,개념,,수묵,
1529,붓의 종류,,"동양화는 털의 성질로 양모(부드러움)·황모(탄력)·겸호(섞음)로, 서양화는 모양으로 둥근붓·평붓·부채붓으로 나눈다",,,,,,2,표현기법,개념,,도구;붓,
1530,화선지와 장지,,"화선지는 얇아 먹이 잘 번지고, 장지는 두꺼워 여러 번 칠할 수 있다. 수묵은 화선지, 채색은 장지에 맞다",,,,,,1,표현기법,개념,,재료;종이;한국화,
1531,분채와 석채,,"분채는 안료 가루를 아교로 개어 쓰는 채색 물감, 석채는 광물을 갈아 만든 알갱이 안료. 석채가 더 두껍고 빛난다",,,,,,1,표현기법,개념,,재료;채색;한국화,
1532,아교,,"동물 가죽·뼈를 고아 만든 접착제. 동양화 안료를 개고, 종이에 발라 번짐을 막는 데 쓴다",,,,,,1,표현기법,개념,,재료;한국화,
1533,언더페인팅,밑칠,본격 채색 전에 단색으로 명암과 구도를 잡아 두는 층. 그리자유가 대표적이며 위에 글레이징을 올린다,,,,,,1,표현기법,기법,,유화,
1534,스컴블링,,불투명한 밝은 물감을 마른 어두운 층 위에 얇게 문질러 아래가 비치게 하는 기법. 글레이징의 불투명 짝,,,,,,2,표현기법,기법,,유화,
1535,웨트 온 웨트 유화,,마르지 않은 물감 위에 바로 이어 그리는 유화 기법. 알라 프리마와 같은 뜻으로 인상주의가 즐겨 썼다,,,,,,2,표현기법,기법,,유화,
1536,나이프 페인팅,,붓 대신 팔레트 나이프로 물감을 바르는 기법. 두껍고 각진 질감이 난다,,,,,,1,표현기법,기법,,유화,
1537,린시드유,아마인유,아마 씨에서 짠 건성유. 유화 물감의 전색제이자 희석제로 천천히 마르며 광택을 준다,,,,,,1,표현기법,개념,,유화;재료,
1538,테레빈,,송진에서 뽑은 휘발성 용제. 유화 물감을 묽게 하고 붓을 씻으며 냄새가 강해 환기가 필요하다,,,,,,1,표현기법,개념,,유화;재료,
1539,건성유와 휘발성유,,"린시드처럼 굳어서 막이 되는 건성유와 테레빈처럼 날아가는 휘발성유. 밑층은 휘발성유를 많이, 윗층은 건성유를 많이 쓴다",,,,,,1,표현기법,개념,,유화;재료,
1540,크래킹,균열,물감층이 갈라지는 현상. 기름 적은 층을 기름 많은 층 위에 올리거나 너무 빨리 말리면 생긴다,,,,,,2,표현기법,개념,,유화;보존,
1541,아크릴 미디엄,,"아크릴 물감에 섞어 광택·투명도·두께를 조절하는 재료. 젤 미디엄은 두껍게, 리타더는 천천히 마르게 한다",,,,,,2,표현기법,개념,,아크릴;재료,
1542,에어브러시,,압축 공기로 물감을 안개처럼 뿜는 도구. 부드러운 그라데이션과 사실적 표현에 쓴다,,,,,,2,표현기법,개념,,도구;채색,
1543,납화,엔카우스틱,밀랍에 안료를 섞어 뜨겁게 녹여 칠하는 고대 기법. 파이윰 초상이 대표적이며 존스가 되살렸다,,,,,,2,표현기법,기법,,회화;고대,
1544,에그 템페라,,달걀노른자에 안료를 개어 그리는 기법. 빨리 마르고 색이 맑으며 유화 이전 패널화의 주된 방식,,,,"치마부에, 〈산타 트리니타 마에스타〉, 1280년경",https://commons.wikimedia.org/wiki/Special:FilePath/Cimabue%20-%20Maest%C3%A0%20di%20Santa%20Trinita%20-%20Google%20Art%20Project.jpg?width=700,1,표현기법,기법,,회화;템페라,
1545,프레스코의 두 방식,,젖은 회벽에 그리는 부온 프레스코와 마른 벽에 그리는 아 세코. 전자는 오래가고 후자는 잘 떨어진다,,,,"미켈란젤로, 시스티나 예배당 천장화, 1508~12",https://commons.wikimedia.org/wiki/Special:FilePath/%27Sistine%20Chapel%20ceiling%27%20by%20Michelangelo%20JBU21.JPG?width=700,1,표현기법,기법,,벽화;프레스코,
1546,벽화의 종류,,"회벽에 그리는 프레스코, 돌·유리 조각을 붙이는 모자이크, 천에 그려 붙이는 마루플라주, 타일 벽화, 스프레이 벽화",,,,,,2,표현기법,개념,,벽화,
1547,판화의 4분류,,"잉크가 앉는 자리에 따라 볼록판(목판·리놀륨), 오목판(에칭·드라이포인트), 평판(석판·모노타이프), 공판(실크스크린·스텐실)",,,,,,1,표현기법,개념,,판화,
1548,좌우 반전,,판에 새긴 것이 찍으면 거울처럼 뒤집히는 성질. 글자는 거꾸로 새겨야 하며 공판화만 반전이 없다,,,,,,1,표현기법,개념,,판화,
1549,고무판화,,부드러운 고무판을 조각도로 파서 찍는 볼록판화. 리놀륨보다 무르고 안전해 학교에서 많이 쓴다,,,,,,1,표현기법,기법,,판화;볼록판화,
1550,조각도의 종류,,"삼각도는 가는 선, 둥근도는 부드러운 홈, 평도는 넓은 면, 창칼은 윤곽 따기에 쓴다",,,,,,1,표현기법,개념,,판화;도구,
1551,브레이어,롤러,판에 잉크를 고르게 미는 고무 도구. 볼록판화의 기본 도구,,,,,,1,표현기법,개념,,판화;도구,
1552,다색 판화의 방법,,색마다 판을 따로 만드는 분판법과 한 판을 색 순서대로 파 가며 찍는 소판법(감판법). 후자는 판이 남지 않는다,,,,,,1,표현기법,기법,,판화;다색,
1553,소판법,감판법,한 판을 밝은 색부터 찍고 그 부분을 파낸 뒤 다음 색을 찍기를 되풀이하는 다색 판화. 피카소가 리놀륨에 썼다,,,,,,2,표현기법,기법,,판화;다색,
1554,인그레이빙,,뷰린으로 금속판을 직접 파서 선을 새기는 오목판화. 뒤러의 동판화가 대표적이며 선이 날카롭고 고르다,,,,"뒤러, 〈멜랑콜리아 I〉, 1514",https://commons.wikimedia.org/wiki/Special:FilePath/Albrecht%20D%C3%BCrer%20-%20Melencolia%20I%20-%20Google%20Art%20Project%20%28427760%29.jpg?width=700,1,표현기법,기법,,판화;오목판화,
1555,뷰린,,인그레이빙에 쓰는 끝이 마름모꼴인 강철 조각칼. 손바닥으로 밀어 판에 홈을 판다,,,,,,2,표현기법,개념,,판화;도구,
1556,그라운드,,에칭에서 판을 덮어 산을 막는 방부제 층. 단단한 것과 부드러운 것이 있다,,,,,,1,표현기법,개념,,판화;에칭,
1557,소프트 그라운드 에칭,,"무른 그라운드 위에 종이를 놓고 그리면 연필 자국대로 그라운드가 떨어져, 부식하면 연필선 같은 부드러운 선이 나오는 기법",,,,,,2,표현기법,기법,,판화;에칭,
1558,슈가 리프트,,설탕물로 그린 뒤 그라운드를 덮고 물에 담그면 설탕이 녹아 그린 부분만 드러나는 에칭 기법. 붓 자국을 살린다,,,,,,3,표현기법,기법,,판화;에칭,
1559,부식 시간과 톤,,에칭에서 산에 담근 시간이 길수록 홈이 깊어 진하게 찍힌다. 단계적으로 막아 가며 여러 톤을 낸다,,,,,,2,표현기법,개념,,판화;에칭,
1560,프레스,,오목판화와 석판화를 찍는 압착기. 롤러 사이로 판과 젖은 종이를 통과시켜 홈 속 잉크를 옮긴다,,,,,,1,표현기법,개념,,판화;도구,
1561,와이핑,,오목판 표면의 잉크를 닦아 내 홈에만 남기는 과정. 닦는 정도로 톤을 조절한다,,,,,,2,표현기법,기법,,판화;오목판화,
1562,석판화의 원리,,물과 기름의 반발. 유성 재료로 그린 부분만 잉크를 받고 나머지는 물을 머금는다,,,,,,1,표현기법,개념,,판화;평판화,
1563,리소 크레용,,석판에 그리는 유성 크레용. 그린 자국이 그대로 인쇄되어 소묘의 맛이 산다,,,,,,3,표현기법,개념,,판화;평판화,
1564,알루미늄 석판,,무거운 석회석 대신 표면을 거칠게 한 알루미늄판을 쓰는 평판화. 학교와 현대 공방에서 널리 쓴다,,,,,,2,표현기법,개념,,판화;평판화,
1565,감광 유제,,빛에 반응해 굳는 액체. 실크스크린 판에 발라 필름을 대고 노광하면 이미지 부분만 씻겨 나가 구멍이 된다,,,,,,1,표현기법,개념,,판화;공판화,
1566,실크스크린 제판,,"차단법(종이·풀로 막기), 감광법(필름 노광), 직접 그리기 등으로 스크린에 잉크가 통과할 부분을 만드는 과정",,,,,,1,표현기법,기법,,판화;공판화,
1567,스텐실의 브리지,,스텐실에서 안쪽 형태가 떨어져 나가지 않도록 남겨 두는 연결 부분. 글자 O의 가운데를 잇는 띠,,,,,,2,표현기법,개념,,판화;공판화,
1568,판화의 서명 규칙,,"왼쪽 아래에 에디션 번호(3/20), 가운데 제목, 오른쪽에 연필 서명. A.P.는 작가 보관용, H.C.는 비매품",,,,,,1,표현기법,개념,,판화;에디션,
1569,판화지의 준비,,"오목판화는 종이를 물에 적셔 부드럽게 한 뒤 찍고, 볼록판화는 마른 얇은 종이를 쓴다. 습기가 잉크 흡수를 좌우한다",,,,,,2,표현기법,개념,,판화;종이,
1570,복수 예술,,판화·사진·주조처럼 같은 작품을 여럿 만들 수 있는 미술. 원본이 여러 개라는 점에서 회화와 다르다,,,,,,1,표현기법,개념,,판화;개념,
1571,판화와 인쇄의 차이,,"판화는 작가가 판을 만들고 찍는 과정에 관여한 한정 원본, 인쇄는 기계로 무한히 복제한 것. 서명과 에디션이 경계",,,,,,1,표현기법,개념,,판화;개념,
1572,모델링,,흙처럼 무른 재료를 붙여 가며 형태를 만드는 소조의 방법. 덧붙임(가법)이라 고치기 쉽다,,,,,,1,표현기법,기법,,조소,
1573,캐스팅,주조,원형에서 틀을 떠 석고·청동 등 다른 재료로 옮기는 방법. 소조 원형을 영구 재료로 바꾼다,,,,,,1,표현기법,기법,,조소,
1574,구축,컨스트럭션,재료를 자르고 이어 붙여 짜 올리는 입체 제작법. 20세기 용접 조각과 함께 나타났으며 가법·감법과 구별된다,,,,,,1,표현기법,기법,,조소;현대,
1575,용접 조각,,철판·철봉을 용접으로 이어 만든 조각. 곤잘레스·스미스가 열었으며 속이 빈 열린 형태를 가능하게 했다,,,,,,2,표현기법,기법,,조소;현대;금속,
1576,심봉,아마추어,소조에서 흙이 무너지지 않게 안에 세우는 뼈대. 철사·나무로 자세를 잡고 그 위에 흙을 붙인다,,,,,,1,표현기법,개념,,조소;도구,
1577,석고 직조,,석고를 틀 없이 직접 발라 형태를 만드는 방법. 철망·삼베에 석고를 묻혀 쌓는다,,,,,,2,표현기법,기법,,조소;석고,
1578,틀뜨기의 종류,,"한 번 쓰고 깨는 파괴 틀(웨이스트 몰드)과 여러 번 쓰는 분할 틀(피스 몰드), 실리콘으로 뜨는 탄성 틀",,,,,,2,표현기법,기법,,조소;주조,
1579,이형제,,틀과 재료가 달라붙지 않게 바르는 것. 비눗물·바셀린·왁스를 쓴다,,,,,,3,표현기법,개념,,조소;주조,
1580,부조의 종류,,"튀어나온 깊이에 따라 고·중·저로, 배경을 파 들어간 심조와 뚫어 낸 투조가 있다",,,,,,1,표현기법,개념,,조소;부조,
1581,투조,,"배경을 완전히 뚫어 낸 조각. 백제 금동대향로 뚜껑, 신라 금관 장식, 목가구 문살에 쓰인다",,,,,,2,표현기법,기법,,조소;공예,
1582,환조와 부조의 감상,,"환조는 돌아가며 여러 방향에서 보고, 부조는 정면에서 본다. 빛의 방향이 부조의 인상을 크게 바꾼다",,,,,,2,표현기법,개념,,조소;감상,
1583,종이 조형,,종이를 접고 자르고 붙여 입체를 만드는 것. 종이의 탄성과 결을 이용하며 페이퍼 커팅·팝업이 있다,,,,,,1,표현기법,기법,,조소;종이,
1584,와이어 조형,철사 조형,철사를 구부리고 엮어 선으로 입체를 만드는 것. 칼더의 철사 초상이 대표적이며 공간을 선으로 그린다,,,,,,1,표현기법,기법,,조소;선,
1585,지점토와 폴리머 클레이,,"종이 펄프를 섞어 가볍고 자연 건조되는 지점토와, 오븐에 구워 굳히는 합성 점토. 소형 작업과 수업에 맞다",,,,,,2,표현기법,개념,,조소;재료,
1586,입체의 감상 요소,,양감·공간·재질·빛·비례·움직임. 평면과 달리 관람자가 움직이며 보는 시간이 들어간다,,,,,,1,표현기법,개념,,조소;감상,
1587,오브제의 종류,,"발견된 오브제(자연물), 레디메이드(기성품), 어시스티드 레디메이드(손댄 기성품), 초현실주의 오브제(낯선 결합)",,,,,,2,표현기법,개념,,조소;오브제,
1588,도자기의 분류,,"굽는 온도와 태토에 따라 토기(600~800도)·도기(1,000도 안팎)·석기(1,200도)·자기(1,300도 이상)로 나눈다",,,,,,1,표현기법,개념,,도자,
1589,도기와 자기의 차이,,"도기는 흡수성이 있고 두드리면 탁한 소리, 자기는 유리질화되어 물을 빨아들이지 않고 맑은 소리가 난다",,,,,,1,표현기법,개념,,도자,
1590,점토의 종류,,청자토·백자토·산백토·옹기토 등 철분과 가소성이 다르다. 백자토는 철분이 적어 희고 높은 온도를 견딘다,,,,,,2,표현기법,개념,,도자;재료,
1591,핀칭,손빚기,흙덩이를 엄지로 눌러 벌려 가며 그릇을 만드는 가장 기본적인 성형법,,,,,,1,표현기법,기법,,도자;성형,
1592,이장 주입 성형,슬립 캐스팅,물처럼 묽은 흙물을 석고 틀에 부어 굳히는 성형. 같은 모양을 여럿 만드는 산업 도자의 방법,,,,,,2,표현기법,기법,,도자;성형,
1593,굽깎기,,반건조된 그릇을 물레에 거꾸로 올려 바닥의 굽을 깎아 다듬는 과정. 그릇의 무게와 균형을 정한다,,,,,,2,표현기법,기법,,도자;성형,
1594,건조,,"성형한 기물의 물기를 천천히 고르게 빼는 과정. 급하면 갈라지며, 초벌 전에 완전히 말려야 한다",,,,,,2,표현기법,개념,,도자;공정,
1595,시유,,초벌구이한 기물에 유약을 입히는 것. 담그기·붓기·뿌리기·붓칠로 하며 굽 바닥은 닦아 낸다,,,,,,1,표현기법,기법,,도자;유약,
1596,유약의 구성,,"유리질을 만드는 규석, 녹는점을 낮추는 매용제(장석·석회·재), 점성을 주는 알루미나. 발색은 금속 산화물이 맡는다",,,,,,2,표현기법,개념,,도자;유약,
1597,산화염과 환원염,,"산소를 충분히 넣어 굽는 산화염과 부족하게 하는 환원염. 같은 철 안료가 산화에서는 누렇게, 환원에서는 푸르게 나온다",,,,,,1,표현기법,개념,,도자;번조,
1598,소성 온도 확인,,가마 안 온도를 색과 형태가 변하는 삼각추(제게르 콘)나 열전대로 확인한다,,,,,,3,표현기법,개념,,도자;번조,
1599,가마의 종류,,연료와 구조에 따라 장작 가마(오름가마)·가스 가마·전기 가마. 장작은 재가 자연 유약이 되고 전기는 산화염이 기본,,,,,,1,표현기법,개념,,도자;가마,
1600,라쿠 소성,,낮은 온도에서 구운 기물을 뜨거울 때 꺼내 톱밥에 묻어 급격히 환원시키는 일본식 소성. 금속광과 균열이 생긴다,,,,,,2,표현기법,기법,,도자;번조,
1601,빙렬,,유약이 태토보다 많이 수축해 생기는 가는 금. 결함이지만 장식으로도 삼으며 고려청자에도 보인다,,,,,,2,표현기법,개념,,도자;유약,
1602,상감의 절차,,"무늬를 파고 백토·자토를 메운 뒤 긁어 내고, 초벌·시유·재벌한다. 투명한 청자유 아래 흑백 무늬가 비친다",,,,,,1,표현기법,기법,,도자;상감,
1603,단조,,금속을 두드려 늘이고 모양을 만드는 기법. 방짜유기와 칼이 대표적,,,,,,1,표현기법,기법,,금속공예,
1604,타출,,금속판을 뒤에서 두드려 무늬를 도드라지게 하는 기법. 얇은 판에 부조를 낸다,,,,,,2,표현기법,기법,,금속공예,
1605,조금,,정으로 금속 표면에 선과 무늬를 새기는 기법. 선각·어자문(물고기알 무늬 바탕)이 있다,,,,,,2,표현기법,기법,,금속공예,
1606,누금,,금 알갱이나 가는 금선을 붙여 무늬를 내는 기법. 신라 금귀걸이의 세공이 대표적,,,,,,1,표현기법,기법,,금속공예,
1607,투각 금속 공예,,금속판을 뚫어 무늬를 낸 것. 백제 금동관과 신라 관식에 쓰였다,,,,,,2,표현기법,기법,,금속공예,
1608,금속 주조의 종류,,"밀랍 원형을 녹여 내는 실납법, 모래 틀에 붓는 사형 주조, 돌 틀을 쓰는 석범 주조. 청동기 시대부터 쓰였다",,,,,,1,표현기법,기법,,금속공예;주조,
1609,도금,,금속 표면에 얇게 금을 입히는 것. 수은에 금을 녹여 바르고 가열하는 아말감법이 전통 방법,,,,,,2,표현기법,기법,,금속공예,
1610,칠보의 종류,,"선으로 칸을 나눈 유선칠보, 판을 파낸 상감칠보, 선 없이 유약만 올린 무선칠보, 투명한 투태칠보",,,,,,2,표현기법,개념,,금속공예;칠보,
1611,목재의 결,,"나무의 무늬. 세로로 켠 널결(판목)은 무늬가 화려하고, 지름 방향 곧은결(정목)은 뒤틀림이 적다",,,,,,2,표현기법,개념,,목공예;재료,
1612,목공 도구,,"톱·대패·끌·망치·자귀. 대패는 면을 고르고, 끌은 홈을 파며, 자귀는 거칠게 깎는다",,,,,,2,표현기법,개념,,목공예;도구,
1613,목상감,,나무에 홈을 파고 다른 색 나무나 자개·뼈를 박아 무늬를 내는 기법,,,,,,3,표현기법,기법,,목공예,
1614,건칠,,삼베에 옻칠을 겹겹이 발라 굳힌 뒤 속의 흙을 빼내 형태만 남기는 기법. 가볍고 튼튼해 불상과 그릇에 쓴다,,,,,,2,표현기법,기법,,칠공예,
1615,직조,,날실과 씨실을 엮어 천을 짜는 것. 평직·능직·수자직의 기본 조직이 있으며 태피스트리는 그림을 짜 넣는다,,,,,,1,표현기법,기법,,섬유공예,
1616,태피스트리,,그림이나 무늬를 씨실로 짜 넣은 벽걸이 직물. 중세 유럽 성의 벽을 덮었으며 현대 섬유 미술로 이어진다,,,,,,1,표현기법,개념,,섬유공예,
1617,홀치기염,,천을 실로 묶거나 접어 염료가 스미지 않게 한 뒤 물들이는 방염. 묶은 자리가 흰 무늬로 남는다,,,,,,1,표현기법,기법,,섬유공예;염색,
1618,납방염,바틱,밀랍으로 무늬를 그려 막고 염색한 뒤 밀랍을 녹여 내는 방염. 밀랍이 갈라진 자리에 실금 무늬가 든다,,,,,,1,표현기법,기법,,섬유공예;염색,
1619,날염,,염료를 풀에 개어 천에 직접 찍거나 그리는 염색. 판·형지·실크스크린으로 한다,,,,,,2,표현기법,기법,,섬유공예;염색,
1620,천연 염료,,쪽(파랑)·홍화(빨강)·치자(노랑)·감(갈색) 등 식물에서 얻는 염료. 매염제에 따라 색이 달라진다,,,,,,2,표현기법,개념,,섬유공예;염색,
1621,펠트,,양털을 물과 비누로 문질러 엉기게 해 만든 천. 짜지 않는 부직포로 보이스가 재료로 썼다,,,,,,2,표현기법,개념,,섬유공예;재료,
1622,유리 공예 기법,,"녹인 유리를 대롱으로 불어 만드는 블로잉, 판유리를 녹여 붙이는 퓨징, 틀 위에 늘어뜨리는 슬럼핑, 색유리를 납으로 잇는 스테인드글라스",,,,,,1,표현기법,기법,,유리공예,
1623,가죽 공예,,가죽을 자르고 두드려 무늬를 내며(카빙·스탬핑) 꿰매어 만드는 공예. 천연 가죽은 물에 젖으면 성형된다,,,,,,3,표현기법,기법,,공예,
1624,한지 공예,,한지를 여러 겹 붙이거나 꼬아 만드는 공예. 지호(찢어 붙임)·지승(꼬아 엮음)·지장(틀에 붙임)이 있다,,,,,,2,표현기법,기법,,공예;종이,
1625,공예의 기능과 미,,쓰임과 아름다움이 하나인 것이 공예의 본질. 쓰임에서 형태가 나오며 재료의 성질을 살린다,,,,,,1,표현기법,개념,,공예;개념,
1626,민예,,야나기 무네요시가 이름 붙인 개념. 이름 없는 장인이 만든 생활 공예의 소박한 아름다움을 예술로 보았다,,,,,,1,표현기법,개념,,공예;개념,
1627,디자인 과정,,문제 발견 → 조사·분석 → 아이디어 전개 → 시안 제작 → 평가·수정 → 완성. 되돌아가며 반복한다,,,,,,1,표현기법,개념,,디자인;과정,
1628,디자인의 조건,,합목적성(쓰임에 맞음)·심미성(아름다움)·경제성·독창성·질서성. 굿 디자인의 판단 기준,,,,,,1,표현기법,개념,,디자인;개념,
1629,시각디자인의 영역,,포스터·광고·편집·타이포·심벌·패키지·웹 등 정보와 이미지를 눈으로 전달하는 디자인 전반,,,,,,1,표현기법,개념,,디자인;시각디자인,
1630,제품디자인,산업디자인,대량 생산되는 물건의 형태와 기능을 설계하는 디자인. 인간공학·재료·생산 방식을 함께 고려한다,,,,,,1,표현기법,개념,,디자인;제품,
1631,인간공학,에르고노믹스,사람의 몸 크기·힘·습관에 맞게 물건과 환경을 설계하는 학문. 의자 높이와 손잡이 굵기의 근거,,,,,,1,표현기법,개념,,디자인;제품,
1632,모듈,,되풀이해 조합할 수 있는 기본 단위. 가구·건축·그리드 디자인에서 규격을 맞추고 효율을 높인다,,,,,,1,표현기법,개념,,디자인;개념,
1633,심벌마크,,기업·단체·행사를 나타내는 상징 도형. 단순하고 기억하기 쉬우며 크기를 바꿔도 알아볼 수 있어야 한다,,,,,,1,표현기법,개념,,디자인;시각디자인,
1634,로고타입,,회사나 상품 이름을 고유한 글자 모양으로 디자인한 것. 심벌마크와 함께 아이덴티티를 이룬다,,,,,,1,표현기법,개념,,디자인;시각디자인,
1635,레터링,,글자를 목적에 맞게 손으로 그리듯 디자인하는 것. 활자와 달리 한 번 쓰기 위해 만든다,,,,,,2,표현기법,기법,,디자인;타이포,
1636,캘리그래피,,손으로 쓴 글씨의 조형적 아름다움을 살린 디자인. 붓글씨의 감성을 상표·표지에 쓴다,,,,,,1,표현기법,기법,,디자인;타이포;서예,
1637,세리프와 산세리프,,"획 끝에 돌기가 있는 글꼴과 없는 글꼴. 전자는 본문에, 후자는 제목과 화면에 많이 쓴다",,,,,,1,표현기법,개념,,디자인;타이포,
1638,자간·행간·장평,,"글자 사이 간격, 줄 사이 간격, 글자의 가로 비율. 가독성을 좌우하는 타이포그래피의 기본 조절값",,,,,,1,표현기법,개념,,디자인;타이포,
1639,가독성과 판독성,,글을 읽기 쉬운 정도와 낱글자를 알아보기 쉬운 정도. 글꼴·크기·간격·대비가 결정한다,,,,,,1,표현기법,개념,,디자인;타이포,
1640,여백의 디자인,,화면에서 비운 부분이 정보를 돋보이게 하고 시선을 쉬게 한다. 꽉 채운 화면보다 여백 있는 화면이 고급스럽다,,,,,,1,표현기법,원리,,디자인;레이아웃,
1641,정렬,,요소의 가장자리나 중심을 맞추어 놓는 것. 보이지 않는 선이 생겨 질서와 관련성이 드러난다,,,,,,1,표현기법,원리,,디자인;레이아웃,
1642,인포그래픽,,정보와 데이터를 그림·도표로 알기 쉽게 나타낸 것. 아이소타이프에서 이어지며 신문과 웹에 널리 쓰인다,,,,,,1,표현기법,개념,,디자인;정보,
1643,사인 시스템,,건물이나 도시에서 길을 안내하는 표지 체계. 픽토그램·색·글꼴을 통일해 어디서나 같은 규칙으로 읽히게 한다,,,,,,1,표현기법,개념,,디자인;공공,
1644,일러스트레이션,,글의 내용을 그림으로 설명하거나 분위기를 더하는 그림. 책·잡지·광고에 쓰이며 회화와 달리 전달 목적이 앞선다,,,,,,1,표현기법,개념,,디자인;그림,
1645,캐릭터 디자인,,이야기나 상품을 대표하는 인물·동물을 만드는 디자인. 단순한 형태와 뚜렷한 개성으로 기억되게 한다,,,,,,2,표현기법,개념,,디자인;캐릭터,
1646,광고 디자인의 요소,,"헤드라인(주목), 비주얼(이미지), 바디카피(설명), 로고(주체). 짧은 시간에 눈길을 끌고 기억되게 짠다",,,,,,1,표현기법,개념,,디자인;광고,
1647,편집 디자인,,책·잡지·신문의 글과 그림을 지면에 배치하는 디자인. 그리드와 타이포그래피가 핵심,,,,,,1,표현기법,개념,,디자인;편집,
1648,북 디자인,,표지·판형·본문·제본까지 책 전체를 설계하는 디자인. 손에 쥐는 물건으로서의 책을 다룬다,,,,,,2,표현기법,개념,,디자인;편집,
1649,웹 디자인,,웹사이트의 화면 구성과 흐름을 설계하는 디자인. 반응형(화면 크기에 맞춰 변함)과 접근성이 중요하다,,,,,,1,표현기법,개념,,디자인;디지털,
1650,아이콘,,기능이나 대상을 작은 그림으로 나타낸 것. 화면에서 글자 없이 뜻을 전하며 픽토그램과 통한다,,,,,,1,표현기법,개념,,디자인;디지털,
1651,와이어프레임,,화면의 뼈대만 선으로 그린 설계도. 색과 그림을 빼고 배치와 흐름을 먼저 정한다,,,,,,2,표현기법,개념,,디자인;디지털;UX,
1652,사용자 조사,,디자인 전에 실제 쓰는 사람을 관찰·면담하는 일. 디자인 씽킹의 공감 단계이며 페르소나의 근거,,,,,,1,표현기법,개념,,디자인;UX,
1653,사용성 평가,,만든 것을 실제 사용자가 써 보게 하고 문제를 찾는 것. 디자인 과정의 검증 단계,,,,,,2,표현기법,개념,,디자인;UX,
1654,친환경 디자인,에코 디자인,재료 채취부터 폐기까지 환경 부담을 줄이는 디자인. 재활용·감량·수명 연장을 원칙으로 한다,,,,,,1,표현기법,개념,,디자인;환경,
1655,업사이클링,,버려지는 것을 더 가치 있는 물건으로 다시 만드는 것. 단순 재활용과 달리 디자인이 더해진다,,,,,,1,표현기법,개념,,디자인;환경,
1656,인클루시브 디자인,포용적 디자인,장애·나이·문화에 관계없이 많은 사람이 쓸 수 있게 하는 디자인. 유니버설 디자인과 통하며 배제된 사람에서 출발한다,,,,,,1,표현기법,개념,,디자인;유니버설,
1657,바이오미미크리,생체 모방,"자연의 형태와 원리를 본떠 설계하는 디자인. 도꼬마리에서 벨크로가, 물총새 부리에서 신칸센이 나왔다",,,,,,2,표현기법,개념,,디자인;자연,
1658,공간 디자인,,실내·전시·무대 등 사람이 머무는 공간을 설계하는 디자인. 동선·조명·재료·색으로 경험을 만든다,,,,,,1,표현기법,개념,,디자인;공간,
1659,동선,,사람이 공간에서 움직이는 길. 전시와 매장 설계에서 시작·끝·머무는 자리를 정하는 기준,,,,,,1,표현기법,개념,,디자인;공간,
1660,조경 디자인,,정원·공원·가로의 식물과 지형을 설계하는 디자인. 계절에 따라 변하는 살아 있는 재료를 다룬다,,,,,,2,표현기법,개념,,디자인;환경,
1661,패션 디자인의 요소,,실루엣(윤곽)·디테일·색·소재·무늬. 몸에 입혀 움직이는 것을 전제로 설계한다,,,,,,2,표현기법,개념,,디자인;패션,
1662,무대 디자인,,연극·공연의 배경·조명·의상을 설계하는 디자인. 관객 시점과 장면 전환을 고려한다,,,,,,3,표현기법,개념,,디자인;공간,
1663,디자인 저작권,,디자인은 디자인보호법(등록)·저작권법(창작물)·상표법(로고)으로 겹쳐 보호된다. 폰트도 저작물이다,,,,,,2,표현기법,개념,,디자인;저작권,
1664,픽셀과 해상도,,"디지털 이미지를 이루는 점과 그 밀도(ppi/dpi). 화면은 72~96, 인쇄는 300이 기준",,,,,,1,표현기법,개념,,디지털,
1665,비트맵과 벡터,,점으로 이루어져 확대하면 깨지는 비트맵(사진)과 수식으로 그려 아무리 키워도 매끈한 벡터(로고·글꼴),,,,,,1,표현기법,개념,,디지털,
1666,이미지 파일 형식,,"JPG는 사진(손실 압축), PNG는 투명 배경, GIF는 움직임, SVG는 벡터, TIFF·RAW는 인쇄·원본용",,,,,,1,표현기법,개념,,디지털,
1667,RGB와 CMYK,,"화면은 빛의 삼원색 RGB, 인쇄는 색료 CMYK로 색을 만든다. 화면의 선명한 색이 인쇄에서 탁해지는 까닭",,,,,,1,표현기법,개념,,디지털;색채,
1668,레이어,,"디지털 그림에서 투명한 층을 겹쳐 따로 그리고 고치는 기능. 순서와 불투명도, 혼합 모드로 합성한다",,,,,,1,표현기법,개념,,디지털,
1669,마스크,디지털 마스크,레이어의 일부를 가리거나 보이게 하는 기능. 지우지 않고 숨기므로 되돌릴 수 있다,,,,,,2,표현기법,개념,,디지털,
1670,색 보정,,디지털 이미지의 밝기·대비·색조·채도를 조절하는 것. 커브와 레벨로 톤을 다룬다,,,,,,2,표현기법,기법,,디지털;사진,
1671,3D 모델링,,컴퓨터로 입체 형태를 만드는 것. 다각형(폴리곤)·곡면(NURBS)·조각(스컬프팅) 방식이 있으며 3D 프린팅과 렌더링으로 이어진다,,,,,,1,표현기법,개념,,디지털;3D,
1672,렌더링,,3D 모델에 재질·조명·카메라를 적용해 최종 이미지를 계산해 내는 것. 디자인 스케치에서는 완성 예상도를 뜻하기도 한다,,,,,,1,표현기법,개념,,디지털;3D,
1673,3D 프린팅,,디지털 모델을 층층이 쌓아 실물로 만드는 기술. 적층 제조라 하며 조소·제품 시제품에 쓴다,,,,,,1,표현기법,개념,,디지털;3D,
1674,태블릿 드로잉,,펜 태블릿이나 태블릿 PC에 직접 그리는 디지털 드로잉. 필압 감지로 붓의 굵기와 농도가 달라진다,,,,,,1,표현기법,개념,,디지털;드로잉,
1675,픽셀 아트,,픽셀 하나하나를 찍어 만드는 그림. 초기 게임 그래픽에서 나와 독자적 양식이 되었다,,,,,,2,표현기법,개념,,디지털,
1676,조리개,,렌즈로 들어오는 빛의 양을 조절하는 구멍. f값이 작을수록 많이 열려 밝고 배경이 흐려진다(얕은 심도),,,,,,1,표현기법,개념,,사진,
1677,셔터 속도,,"빛이 센서에 닿는 시간. 빠르면 움직임이 멈추고 느리면 흐르며, 삼각대 없이는 1/60초 아래가 흔들린다",,,,,,1,표현기법,개념,,사진,
1678,ISO 감도,,센서가 빛에 반응하는 민감도. 높이면 어두운 곳에서 찍을 수 있지만 노이즈가 는다,,,,,,1,표현기법,개념,,사진,
1679,노출,,조리개·셔터 속도·감도로 정해지는 밝기. 셋은 서로 맞물려 한쪽을 바꾸면 다른 쪽으로 보정한다,,,,,,1,표현기법,개념,,사진,
1680,피사계 심도,,초점이 맞아 보이는 앞뒤 범위. 조리개를 열고 망원으로 가까이 찍으면 얕아져 배경이 흐려진다,,,,,,1,표현기법,개념,,사진,
1681,화이트밸런스,,빛의 색온도에 따라 흰색이 희게 보이도록 맞추는 것. 형광등·백열등·햇빛에서 색이 달라지는 것을 보정한다,,,,,,2,표현기법,개념,,사진;색채,
1682,초점 거리와 화각,,렌즈의 초점 거리가 짧으면 넓게(광각) 길면 좁게(망원) 찍힌다. 광각은 원근이 과장되고 망원은 압축된다,,,,,,1,표현기법,개념,,사진,
1683,앵글,,"카메라의 높이와 각도. 눈높이는 자연스럽고, 아래에서 올려 찍으면 위엄을, 위에서 내려 찍으면 왜소함을 준다",,,,,,1,표현기법,개념,,사진;영상,
1684,쇼트의 크기,,인물이 화면에 담기는 크기. 풀 쇼트·미디엄 쇼트·클로즈업으로 나뉘며 감정의 거리를 조절한다,,,,,,1,표현기법,개념,,영상,
1685,컷과 편집,,촬영한 조각(컷)을 잇는 것. 순서와 길이로 시간과 의미를 만들며 몽타주 이론의 바탕,,,,,,1,표현기법,개념,,영상,
1686,몽타주,,서로 다른 쇼트를 이어 붙여 새 의미를 만드는 편집 원리. 에이젠슈테인이 이론화했다,,,,,,1,표현기법,개념,,영상,
1687,스토리보드,,영상의 장면을 순서대로 그린 그림 대본. 카메라 위치·움직임·대사를 함께 적는다,,,,,,1,표현기법,개념,,영상;기획,
1688,스톱 모션,,물체를 조금씩 움직여 한 장씩 찍고 이어 붙여 움직이게 하는 애니메이션. 클레이·컷아웃·오브제 애니메이션이 있다,,,,,,1,표현기법,기법,,영상;애니메이션,
1689,타임랩스,,긴 시간을 일정 간격으로 찍어 빠르게 재생하는 기법. 구름·꽃이 피는 과정을 압축해 보여 준다,,,,,,2,표현기법,기법,,영상,
1690,키 프레임,원화,"움직임의 시작과 끝, 중요한 순간을 그린 그림. 그 사이를 채우는 중간 그림(동화)과 구분된다",,,,,,1,표현기법,개념,,영상;애니메이션,
1691,프레임 레이트,,"1초에 보여 주는 그림 수(fps). 영화 24, 영상 30, 애니메이션은 한 장을 2~3프레임씩 쓰기도 한다",,,,,,1,표현기법,개념,,영상;애니메이션,
1692,영상 언어,,쇼트·앵글·움직임·편집·소리로 뜻을 전하는 체계. 글의 문법처럼 영상에도 읽고 쓰는 규칙이 있다,,,,,,1,표현기법,개념,,영상;시각문화,
1693,사진 합성,,여러 사진을 겹치고 오려 붙여 하나로 만드는 것. 19세기 조합 인화에서 포토몽타주를 거쳐 디지털 합성으로 이어진다,,,,,,1,표현기법,기법,,사진;디지털,
1694,보정과 조작의 윤리,,사진의 색·밝기를 고치는 보정과 내용을 바꾸는 조작의 경계. 보도 사진과 광고에서 기준이 다르다,,,,,,1,표현기법,개념,,사진;윤리,
1695,서예 용구의 관리,,"붓은 쓴 뒤 먹을 씻어 걸어 말리고, 벼루는 먹을 갈아 두지 않으며, 종이는 습기를 피한다",,,,,,3,표현기법,개념,,서예;도구,
1696,운필,,"붓을 움직이는 방법. 붓을 대는 기필, 나아가는 행필, 거두는 수필로 한 획이 이루어진다",,,,,,1,표현기법,개념,,서예,
1697,중봉과 측봉,,붓끝이 획 가운데를 지나는 중봉과 옆으로 기울어 지나는 측봉. 중봉이 서예의 기본이며 힘 있고 둥근 선을 낸다,,,,,,1,표현기법,개념,,서예,
1698,장법,,"글자와 글자, 줄과 줄을 화면 전체에 배치하는 법. 낱글자 못지않게 전체의 짜임이 작품을 좌우한다",,,,,,2,표현기법,개념,,서예;구성,
1699,한글 서예의 서체,,"훈민정음 판본체(고체), 궁중 여성들이 쓴 흘림의 궁체, 일상의 민체. 궁체는 정자와 흘림으로 나뉜다",,,,,,1,표현기법,개념,,서예;한글,
1700,판본체,고체,훈민정음 해례본의 글꼴처럼 획이 곧고 굵기가 같은 한글 서체. 목판 인쇄에서 나와 단정하고 힘 있다,,,,,,1,표현기법,개념,,서예;한글,
1701,궁체,,조선 궁중의 여성들이 쓰던 한글 서체. 부드럽고 정연하며 정자와 흘림이 있다,,,,,,1,표현기법,개념,,서예;한글,
1702,문인화의 화제,,그림에 곁들여 쓰는 시나 글. 그림의 뜻을 보태며 글씨 자체가 조형의 일부가 된다,,,,,,2,표현기법,개념,,서예;문인화,
1703,재료의 안전 표시와 보관,,"유성 용제는 뚜껑을 닫아 서늘한 곳에, 가루 안료는 흡입 주의, 날붙이는 날을 덮어 보관한다",,,,,,2,표현기법,개념,,안전;재료,
1704,작품 보존의 기초,,"직사광선·습기·먼지를 피하고, 종이 작품은 중성지에, 유화는 세워서 보관한다. 바니시가 표면을 보호한다",,,,,,2,표현기법,개념,,보존,
1705,액자와 마운팅,,작품을 보호하고 돋보이게 하는 틀과 받침. 매트(여백 종이)로 유리와 작품 사이를 띄운다,,,,,,3,표현기법,개념,,보존;전시,
1706,전시 조명,,"작품을 비추는 빛. 자외선을 막고 조도를 낮추어(종이 50럭스, 유화 150럭스) 손상을 줄이며 각도로 반사를 피한다",,,,,,2,표현기법,개념,,전시;보존,
1707,작품 걸기의 높이,,작품 중심이 관람자 눈높이(성인 145~155cm)에 오게 건다. 학생 관람이면 조금 낮춘다,,,,,,2,표현기법,개념,,전시,
1708,반두준,礬頭皴,산봉우리나 언덕 위에 백반 덩어리처럼 둥글고 납작한 바위를 얹어 그리는 준법. 오대 거연이 썼고 정선의 금강전도에도 보인다,,,,"동원(전), 산수도",https://commons.wikimedia.org/wiki/Special:FilePath/Dong%20Yuan.%20River%20landscape.National%20Palace%20Museum%2C%20Taipei.jpg?width=700,2,동양미술사,기법,,준법;남종화,서브노트/표현2_동양화;서브노트/동양1_중국전기
1709,운두준,雲頭皴,"뭉게구름이 피어오르듯 침식된 토산을, 필선이 구분되지 않게 붓을 잇대어 그리는 준법. 북송 곽희와 이곽파의 대표 준법으로 안견 몽유도원도에 쓰였다",,,,"곽희, 〈조춘도〉, 1072",https://commons.wikimedia.org/wiki/Special:FilePath/Guo%20Xi%20-%20Early%20Spring%20%28large%29.jpg?width=700,1,동양미술사,기법,,준법;이곽파,서브노트/표현2_동양화;서브노트/동양1_중국전기
1710,해삭준,解索皴,풀어헤친 밧줄처럼 꼬불꼬불 얽힌 선으로 바위 질감을 내는 준법. 피마준의 변형으로 원 왕몽이 우모준과 함께 즐겨 썼다,,,,,,2,동양미술사,기법,,준법;원사대가,서브노트/표현2_동양화;서브노트/동양1_중국전기
1711,점자준,點子皴,짧은 먹선과 작은 점을 한데 모아 주름을 이루는 준법. 오대 동원이 피마준과 함께 창시했다,,,,,,3,동양미술사,기법,,준법;남종화,서브노트/표현2_동양화;서브노트/동양1_중국전기
1712,부착준,斧擦皴,"도끼로 통나무를 갈랐을 때처럼 길게 결을 이루며 갈라진 바위 단층을 그리는 준법. 부벽준보다 길고, 갈라진 틈의 윤곽을 긋지 않고 남겨 둔다. 심사정",,,,,,3,동양미술사,기법,,준법,서브노트/표현2_동양화
1713,악착준,握鑿皴,산등성이와 절벽을 자귀로 끊어낸 듯 잘게 끊긴 거친 자국을 내는 부벽준의 변형. 조선 중기 김명국 설중귀려도의 거칠고 호방한 필법,,,,,,2,한국미술사,기법,조선,준법;절파,서브노트/표현2_동양화;서브노트/한국2_회화중기
1714,단선점준,短線點皴,"가늘고 뾰족한 붓을 화면에 살짝 대어 끌거나 찍듯이 하여 짧은 선과 점을 이루는 준법. 안견의 필법이 계승되며 16세기 전반 유행한, 조선 화단에서만 쓰인 고유 준법",,,,"안견, 〈몽유도원도〉, 1447",https://commons.wikimedia.org/wiki/Special:FilePath/Ahn%20Gyeon-Mongyu%20dowondo.jpg?width=700,1,한국미술사,기법,조선,준법;안견파,서브노트/표현2_동양화;서브노트/한국2_회화중기
1715,수직준,垂直皴 / 겸재준,붓을 세워 날카로운 필선을 세로로 길게 죽죽 내리그어 강인한 암산을 그리는 정선 특유의 준법. 금강산 바위 봉우리 표현,,,,"정선, 〈금강전도〉, 1734",https://commons.wikimedia.org/wiki/Special:FilePath/Jeong%20Seon-Geumgangjeondo.jpg?width=700,1,한국미술사,기법,조선,준법;진경산수;정선,서브노트/표현2_동양화;서브노트/한국3_회화후기
1716,상악준,霜嶽皴,"금강산의 서릿발처럼 희고 날카로운 바위산을 세로로 내리그어 그리는 준법. 정선의 겸재준을 달리 부르는 이름으로, 청록이나 백색으로 설채하기도 한다",,,,"정선, 〈금강전도〉, 1734",https://commons.wikimedia.org/wiki/Special:FilePath/Jeong%20Seon-Geumgangjeondo.jpg?width=700,2,한국미술사,기법,조선,준법;진경산수;정선,서브노트/표현2_동양화;서브노트/한국3_회화후기
1717,쇄찰준,刷擦皴 / 직찰준,"붓을 눕혀 빗자루로 쓸듯 끌거나 문질러 짙은 먹을 겹치는 준법. 소묘의 명암 넣기와 비슷하며, 정선 인왕제색도의 검게 젖은 암벽에 쓰였다",,,,"정선, 〈인왕제색도〉, 1751",https://commons.wikimedia.org/wiki/Special:FilePath/Inwangjesaekdo.jpg?width=700,1,한국미술사,기법,조선,준법;진경산수;정선,서브노트/표현2_동양화;서브노트/한국3_회화후기
1718,골산법,骨山法,산의 뼈대만 자연스럽게 죽죽 내리그어 정선이 산에서 느낀 정신과 힘을 드러낸 필법. 수직준과 비슷하다,,,,"정선, 〈인왕제색도〉, 1751",https://commons.wikimedia.org/wiki/Special:FilePath/Inwangjesaekdo.jpg?width=700,2,한국미술사,기법,조선,준법;진경산수;정선,서브노트/한국3_회화후기
1719,묵찰법,墨擦法,붓에 먹을 흠뻑 묻혀 힘 있게 비비거나 문질러 구사하는 짙은 묵법. 정선이 인왕제색도의 비에 젖은 봉우리를 검게 칠할 때 썼다,,,,"정선, 〈인왕제색도〉, 1751",https://commons.wikimedia.org/wiki/Special:FilePath/Inwangjesaekdo.jpg?width=700,1,한국미술사,기법,조선,묵법;진경산수;정선,서브노트/한국3_회화후기
1720,옥우법,屋宇法,"산수화에서 집과 건물을 그리는 법. 정선은 여러 시점을 섞어 집을 배치했고, 편필 소나무와 함께 그의 진경산수 기법으로 꼽힌다",,,,,,3,한국미술사,기법,조선,진경산수;정선,서브노트/한국3_회화후기;서브노트/한국2_회화중기
1721,편필,偏筆,붓을 옆으로 뉘어 넓적한 획을 내는 필법. 정선이 농묵으로 소나무 잎을 그릴 때 평두점과 함께 구사했다,,,,"정선, 〈금강전도〉, 1734",https://commons.wikimedia.org/wiki/Special:FilePath/Jeong%20Seon-Geumgangjeondo.jpg?width=700,2,한국미술사,기법,조선,필법;정선,서브노트/한국3_회화후기
1722,호초점,胡椒點,"후추알 같은 작고 둥근 먹점을 촘촘히 찍는 점법. 붓끝으로 종이를 때리듯 찍어 먼 산의 나무와 잔잎을 나타낸다. 거연·오진, 왕몽의 청변은거도",,,,,,2,동양미술사,기법,,점법,서브노트/표현2_동양화;서브노트/동양1_중국전기
1723,평두점,平頭點,가로선을 옆으로 늘어뜨리며 겹쳐 찍는 점법. 정선이 소나무 잎을 그릴 때 편필과 함께 즐겨 썼다,,,,"정선, 〈금강전도〉, 1734",https://commons.wikimedia.org/wiki/Special:FilePath/Jeong%20Seon-Geumgangjeondo.jpg?width=700,3,한국미술사,기법,조선,점법;정선,서브노트/표현2_동양화;서브노트/한국3_회화후기
1724,개자점,介字點,"작은 필치 네 개쯤을 한 묶음으로 介 자 모양이 되게 찍는 점법. 활엽수와 대나무 잎, 낙엽수 표현",,,,,,3,동양미술사,기법,,점법,서브노트/표현2_동양화
1725,태점,苔點 / 점태,"산·바위·나무 둥치에 이끼처럼 찍는 작은 점. 붓끝을 수직으로 내려 찍어 화면의 조화를 잡고 악센트를 주며, 남종화법을 알리는 요소",,,,,,2,동양미술사,기법,,점법;남종화,서브노트/표현2_동양화;서브노트/한국2_회화중기
1726,감필법,減筆法 / 감필묘,붓질을 최소한으로 줄여 대상의 정수만 빠르고 간략하게 그리는 필법. 남송 양해가 확립했고 선승 화가들의 사의적 인물화에 쓰였다. 본래 서예에서 자획을 줄여 쓰는 약필을 뜻했다,,,,"양해, 〈발묵선인도〉",https://commons.wikimedia.org/wiki/Special:FilePath/Liang%20Kai%20-%20Immortal%20in%20Splashed%20Ink.jpg?width=700,1,동양미술사,기법,,묘법;선종화,서브노트/표현2_동양화;서브노트/동양1_중국전기
1727,절로묘,折蘆描,갈대가 꺾인 듯 길고 가늘며 날카롭게 꺾이는 선묘. 붓을 강하게 넣어 직선적으로 격렬하게 굴곡시킨다. 남송 양해 이후 도석화와 명 절파의 전형,,,,,,2,동양미술사,기법,,묘법;십팔묘,서브노트/표현2_동양화;서브노트/동양1_중국전기
1728,정두서미묘,釘頭鼠尾描,못대가리처럼 뭉툭하게 시작해 쥐꼬리처럼 가늘게 빠지는 선묘. 붓을 강하게 댄 뒤 차차 가늘게 직선적으로 끈다. 남송 마원과 절파의 의습선,,,,,,2,동양미술사,기법,,묘법;십팔묘,서브노트/표현2_동양화;서브노트/한국1_회화전기
1729,춘잠토사묘,春蠶吐絲描,봄누에가 실을 토하듯 가늘고 길게 끊이지 않는 부드러운 선묘. 육조 고개지의 여사잠도·낙신부도 인물선이 대표,,,,"고개지, 〈낙신부도〉(남송 모사본)",https://commons.wikimedia.org/wiki/Special:FilePath/B%20Gu%20Kaizhi.%20Nymph%20of%20the%20Luo%20River.%20%28section%29%20Southern%20Song%20Copy.%20Liaoning%20Provincial%20museum.jpg?width=700,2,동양미술사,기법,,묘법;십팔묘,서브노트/표현2_동양화;서브노트/동양1_중국전기
1730,고고유사묘,高古遊絲描,옛 거문고 줄처럼 가늘고 고르며 끊이지 않는 선묘. 고개지가 인물의 옷주름에 썼으며 춘잠토사묘와 짝으로 불린다,,,,"고개지, 〈낙신부도〉(남송 모사본)",https://commons.wikimedia.org/wiki/Special:FilePath/B%20Gu%20Kaizhi.%20Nymph%20of%20the%20Luo%20River.%20%28section%29%20Southern%20Song%20Copy.%20Liaoning%20Provincial%20museum.jpg?width=700,2,동양미술사,기법,,묘법;십팔묘,서브노트/표현2_동양화;서브노트/한국1_회화전기
1731,조의출수묘,曹衣出水描 / 조의묘,"물에서 막 나온 듯 몸에 착 달라붙은 좁은 옷주름 선묘. 북제 조중달의 인물화 양식으로, 옷자락이 바람에 날리는 오대당풍과 대조된다",,,,,,1,동양미술사,기법,,묘법;십팔묘,서브노트/표현2_동양화
1732,전필수문묘,戰筆水紋描,붓에 힘을 주어 손을 떨듯 그어 파도 물결처럼 빠르고 떨림 있는 선묘. 오대 주문구,,,,,,3,동양미술사,기법,,묘법;십팔묘,서브노트/표현2_동양화
1733,궐두묘,橛頭描 / 궐두정묘,가느다란 말뚝처럼 직선으로 빠르게 내리긋고 끝을 점으로 강하게 맺는 질박한 선묘. 남송 마원·하규,,,,,,3,동양미술사,기법,,묘법;십팔묘,서브노트/표현2_동양화
1734,마황묘,螞蟥描,거머리가 움직이듯 유연하며 첨필로 모나게 꺾이는 선묘. 난초 잎이 꺾인 듯해 난엽묘라고도 한다. 남송 마화지,,,,,,3,동양미술사,기법,,묘법;십팔묘,서브노트/표현2_동양화
1735,구인묘,蚯蚓描,지렁이가 기어간 자취처럼 두툼하고 매끄러운 곡선이 꿈틀대며 이어지는 선묘. 도석인물화의 넘실대는 옷주름,,,,,,3,동양미술사,기법,,묘법;십팔묘,서브노트/표현2_동양화
1736,시필묘,柴筆描,마른 울타리 땔나무처럼 굵고 거칠며 날카로운 필세의 선묘. 오대 석각의 일품 선종화에 쓰였다,,,,,,3,동양미술사,기법,,묘법;십팔묘;선종화,서브노트/표현2_동양화;서브노트/동양1_중국전기
1737,혼묘,混描,엷은 먹으로 가늘게 그은 선 옆이나 위에 짙고 굵은 윤곽선을 겹쳐 그어 깊이와 입체감을 내는 선묘. 두 종류의 선이 모두 보인다,,,,,,3,동양미술사,기법,,묘법;십팔묘,서브노트/표현2_동양화
1738,이시동도법,異時同圖法,"한 화면에 같은 인물을 이야기의 흐름에 따라 여러 번 등장시켜 시간의 경과를 나타내는 구성법. 고개지 낙신부도, 고굉중 한희재야연도",,,,,,1,동양미술사,개념,,구성;두루마리,서브노트/동양1_중국전기
1739,비백법,飛白法,"붓에 먹이 적어 획 사이로 흰 종이가 드러나게 긋는 법. 서예의 필의를 살린 사의적 표현으로 묵매의 늙은 가지, 김정희 세한도의 소나무에 쓰였다",,,,,,1,한국미술사,기법,조선,필법;문인화,서브노트/한국2_회화중기;서브노트/한국3_회화후기
1740,독필법,禿筆法,"닳거나 부러진 몽당붓으로 거칠게 그리는 법. 마하파가 썼고, 조선 말 허련이 거칠고 활달한 독필로 격 높은 남종화를 이루었다",,,,,,2,한국미술사,기법,조선,필법;남종화,서브노트/표현2_동양화;서브노트/한국3_회화후기
1741,삼전법,三轉法,난초 잎을 그을 때 붓의 방향을 세 번 바꾸어 잎이 공간에서 구성지게 뻗게 하는 법. 김정희 불이선란도,,,,"김정희, 〈불이선란도〉",https://commons.wikimedia.org/wiki/Special:FilePath/Chusa-Buliseonrando-01.jpg?width=700,1,한국미술사,기법,조선,사군자;김정희,서브노트/한국3_회화후기
1742,파선법,破線法,마르지 않은 먹선 위에 다시 선을 겹쳐 그어 윤곽을 깨뜨리며 강조하는 법. 변관식이 적묵법과 함께 써서 거칠고 과장된 선을 얻었다,,,,,,2,한국미술사,기법,근현대,묵법;변관식,서브노트/표현2_동양화;서브노트/한국8_근현대
1743,수지법,樹枝法,"나뭇가지 그리는 법의 총칭. 불꽃처럼 위로 뻗는 화영법, 사슴뿔 모양의 녹각법, 게발톱처럼 아래로 굽는 해조법, 새 발 모양의 작조지 등으로 나뉜다",,,,,,2,표현기법,기법,,수법;산수화,서브노트/표현2_동양화
1744,묵분오색,墨分五色,"먹 하나에 다섯 빛이 갖추어졌다는 말. 초·농·중·담·청, 또는 농·담·건·습·흑으로 나누며 장언원 역대명화기에서 비롯한 먹의 풍부한 농담 변화",,,,,,1,표현기법,개념,,묵법,서브노트/표현2_동양화
1745,삼투법,滲透法,담묵으로 그은 획 위에 농묵을 얹어 스며들며 번지게 하는 묵법. 삼묵법과 함께 한 획 안에서 농담의 변화를 얻는다,,,,,,3,표현기법,기법,,묵법,서브노트/표현2_동양화
1746,퇴묵법,退墨法,붓의 먹을 휴지 등에 흡수시켜 먹이 거의 없는 상태로 그리는 법. 비백이 생겨 갈필과 비슷하다. 김정희·허련의 절제된 화면,,,,,,3,표현기법,기법,,묵법,서브노트/표현2_동양화;서브노트/한국3_회화후기
1747,초묵법,焦墨法,마른 붓으로 먹을 여러 번 칠해 매우 치밀하고 짙은 먹색을 내는 법. 완성 단계에서 악센트를 줄 때 쓴다,,,,,,3,표현기법,기법,,묵법,서브노트/표현2_동양화
1748,석묵법,惜墨法,"먹을 금처럼 아껴 쓴다는 뜻으로, 먹을 적게 묻혀 메마르게 그리는 갈필 계열의 법. 북송 이성의 산수에서 유래",,,,,,3,표현기법,기법,,묵법,서브노트/표현2_동양화
1749,윤필법,潤筆法,붓에 물기를 머금은 중묵을 듬뿍 묻혀 천천히 운필해 부드럽고 번지는 선을 얻는 법. 우거진 나뭇잎 등 대담한 터치에 쓰며 갈필과 대비된다,,,,,,3,표현기법,기법,,필법,서브노트/표현2_동양화
1750,공필법,工筆法 / 면상필법,"가는 붓으로 꼼꼼하고 세밀하게 그리는 필법. 초상의 눈과 수염, 화조·영모의 사실적 외형 묘사에 쓰이며 직업 화가의 화법으로 사의와 대비된다",,,,,,1,표현기법,기법,,필법,서브노트/표현2_동양화
1751,설채법,設彩法,"동양화에서 색을 올리는 방법 전반을 이르는 말. 고구려 벽화의 백·적·황 진채, 몽유도원도의 엷고 유려한 담채처럼 구분해 말한다",,,,,,2,표현기법,개념,,채색,서브노트/한국1_회화전기;서브노트/한국2_회화중기
1752,홍염법,烘染法,"물이나 엷은 먹으로 바탕을 적신 뒤 번지게 하여 안개·비·물기 어린 분위기를 내는 선염의 한 방법. 정선의 안개, 김수철의 수채화 같은 설채",,,,,,3,표현기법,기법,,채색;선염,서브노트/한국3_회화후기
1753,유백법,留白法,칠하지 않고 흰 부분을 그대로 남겨 눈이나 흰 대상을 나타내는 채색법. 김정희 세한도의 눈,,,,,,2,표현기법,기법,,채색,서브노트/표현2_동양화;서브노트/한국3_회화후기
1754,분지법,粉紙法,종이를 쌀뜨물에 담가 희게 만들어 쓰는 법. 유백법과 함께 흰빛을 얻는 채색화 기법으로 세한도 설명에 등장한다,,,,,,3,표현기법,기법,,채색;종이,서브노트/표현2_동양화;서브노트/한국3_회화후기
1755,중채법,重彩法,교반수지·도침지처럼 번지지 않는 종이에 물감을 칠하고 완전히 마른 뒤 겹쳐 덧칠해 채도를 높이는 법. 마르기 전에 칠하면 번짐 효과가 난다,,,,,,2,표현기법,기법,,채색,서브노트/표현2_동양화
1756,적수법,滴水法,"도침·배접하지 않은 종이나 비단에 먹이나 물감을 칠하고 물방울을 떨어뜨려, 번지고 뒤섞이며 생기는 우연한 얼룩을 살리는 법",,,,,,3,표현기법,기법,,채색;우연,서브노트/표현2_동양화
1757,태서법,泰西法,"서양식 명암법을 이르는 말로 요철법과 같은 뜻. 서역에서 전래되어 안악3호분 주인 초상에 보이며, 조선 후기 김두량·강세황 등이 일반화했다",,,,,,2,표현기법,기법,,명암;서양화법,서브노트/표현2_동양화;서브노트/한국1_회화전기
1758,도침지,搗砧紙,덜 마른 종이를 홍두깨로 다듬이질하고 삭힌 쌀풀을 발라 표면을 매끈하게 한 한지. 먹 번짐이 적어 채색과 수묵에 모두 알맞은 한국 고유의 가공법,,,,,,2,표현기법,개념,,종이;재료,서브노트/표현2_동양화
1759,교반수,膠礬水 / 교반수지,아교와 백반을 섞은 용액. 종이나 비단에 발라 피막을 씌우면 먹이 번지지 않고 여러 번 덧칠할 수 있다,,,,,,2,표현기법,개념,,종이;재료;아교,서브노트/표현2_동양화
1760,송연묵과 유연묵,松煙墨·油煙墨,"소나무 그을음으로 만든 먹과 기름 그을음으로 만든 먹. 앞것은 입자가 곱고 암갈색이며 물에 잘 풀리고, 뒷것은 단단하고 부드럽게 갈리며 값이 비싸 궁궐에서 썼다",,,,,,2,표현기법,개념,,먹;재료,서브노트/표현2_동양화
1761,분본,粉本 / 화고,"밑그림. 먹선을 따라 바늘구멍을 뚫고 분을 두드려 옮기던 데서 이름이 왔다. 불화에서는 본이 되는 밑그림을 초본, 그것을 베끼는 일을 출초라 한다",,,,,,2,표현기법,개념,,밑그림;불화,서브노트/표현2_동양화
1762,낙화,烙畵 / 낙죽,달군 인두로 나무·대나무·종이 표면을 지져 그림이나 무늬를 내는 것. 인두가 뜨거우면 세우고 식으면 뉘어 농담을 조절하며 공예품 장식에 많다,,,,,,3,표현기법,기법,,공예;인두,서브노트/표현2_동양화
1763,혁필화,革筆畵,붓 대신 납작한 가죽 조각을 이어 만든 붓에 여러 색을 발라 단번에 그어 영롱한 필치를 내는 그림. 주로 문자도에 쓰였다,,,,,,3,표현기법,기법,,민화;문자도,서브노트/표현2_동양화
1764,구륵전채법,鉤勒塡彩法,먹선으로 윤곽을 먼저 그리고 안쪽을 화려하게 채색하는 법. 오대 황전의 화조화가 대표이며 서희의 몰골담채와 대비된다,,,,,,1,동양미술사,기법,,채색;화조화,서브노트/동양1_중국전기
1765,청록산수,靑綠山水,청색·녹색 광물 안료를 주로 써서 그린 채색 산수. 명확한 윤곽선과 장식성이 특징으로 당 이사훈·이소도가 완성했고 뒤에 북종화로 불렸다,,,,,,1,동양미술사,개념,,산수화;북종화,서브노트/동양1_중국전기
1766,금벽산수,金碧山水,청록산수에 금니로 선을 긋거나 금분을 더해 한층 화려하게 한 산수. 이사훈 부자의 궁정 취향,,,,,,2,동양미술사,개념,,산수화;북종화,서브노트/동양1_중국전기
1767,잔산잉수,殘山剩水,'패한 산과 남은 물'. 북송 멸망 후 남송 강남의 한정된 경치를 화면 한쪽에 몰아 그린 마하파의 변각 구도를 이르는 말,,,,,,1,동양미술사,개념,,마하파;구도,서브노트/동양1_중국전기;서브노트/한국2_회화중기
1768,흉중성죽,胸中成竹 / 흉중석죽,"'가슴속에 이미 대나무가 이루어져 있다'. 북송 문동의 묵죽을 두고 한 말로, 그리기 전에 마음속에 완성된 상을 갖추는 문인화의 태도",,,,,,1,동양미술사,개념,,문인화;묵죽,서브노트/동양1_중국전기;서브노트/동양2_중국후기
1769,천강산수,淺絳山水 / 천강화법,수묵 위에 엷은 붉은빛과 남색을 병용해 은은한 한난 대비를 준 담채 산수. 원 황공망 천지석벽도가 대표이며 이후 남종화에서 흔히 썼다,,,,,,2,동양미술사,개념,,산수화;남종화;원사대가,서브노트/동양1_중국전기
1770,관가산수,關家山水,오대 관동이 스승 형호의 대관산수를 자기 것으로 이루었다며 붙인 이름. 간필로 장대한 북방 산세를 그린 화북산수,,,,,,3,동양미술사,개념,,화북산수,서브노트/동양1_중국전기
1771,육요,六要,오대 형호가 『필법기』에서 제시한 산수화의 여섯 요체. 기·운·사·경·필·묵,,,,,,2,동양미술사,개념,,화론,서브노트/동양1_중국전기
1772,음청조모,陰晴朝暮,"곽희 『임천고치』의 가르침으로, 흐림과 갬·아침과 저녁에 따라 달라지는 산수의 표정을 관찰해 계절감과 시간을 표현하라는 것",,,,,,2,동양미술사,개념,,화론;곽희,서브노트/동양2_중국후기
1773,동거파,董巨派,오대 강남의 동원과 제자 거연을 잇는 화파. 피마준·반두준과 담묵으로 습윤한 토산을 그려 원말사대가와 남종화의 근원이 되었다,,의의: 피마준·반두준과 담묵으로 강남의 습윤한 풍경을 그려 원말사대가와 남종화 전통의 근원이 됨,배경: 오대 강남 지역 특유의 부드러운 토산과 안개 낀 풍경을 담아내려는 시도에서 대두,,,1,동양미술사,사조,,남종화;강남산수,서브노트/동양1_중국전기
1774,화북산수와 강남산수,華北山水·江南山水,"형호·관동·이성·범관의 웅장한 북방 암산 산수와, 동원·거연의 부드러운 남방 토산 산수. 준법과 정서가 갈려 뒤에 북종·남종 구분의 뿌리가 되었다",,,,,,1,동양미술사,개념,,산수화,서브노트/동양1_중국전기
1775,광태사학파,狂態邪學派,명 절파 말기의 거칠고 광기 어린 화풍을 낮잡아 부른 이름. 조선 중기 김명국의 호방한 필치가 이에 통한다,,,,,,2,동양미술사,사조,,절파,서브노트/한국2_회화중기
1776,타라시코미,たらし込み,먼저 칠한 색이 마르기 전에 다른 색이나 먹을 흘려 넣어 번지며 겹치게 하는 일본 림파의 묵법. 조선 초 이암 화조구자도의 강아지에서 그 시원을 찾기도 한다,,,,,,2,동양미술사,기법,,일본;묵법,서브노트/한국2_회화중기
1777,몽롱체,朦朧體,20세기 초 일본화에서 선묘를 없애고 먹과 색의 농담만으로 공간감을 낸 양식. 서양화를 받아들이는 과정이었으나 힘 있는 필선이 없다는 비판을 받았다,,,,,,2,동양미술사,사조,근현대,일본;근대,서브노트/표현2_동양화
1778,수예론,手藝論,화가의 타고난 자질과 손재주·기량을 강조한 조희룡의 이론. 문인의 여기이던 문인화를 전문 예술로 격상시켰으나 정신성이 부족하다는 비판도 받았다,,,,,,2,한국미술사,개념,조선,화론;조희룡,서브노트/한국3_회화후기
1779,청전양식,靑田樣式,화면을 가로로 양분하는 수평 구도에 부드러운 세필로 미점을 겹쳐 찍어 쓸쓸한 야산과 들녘을 그린 이상범의 산수 양식,,,,,,1,한국미술사,개념,근현대,근대;이상범,서브노트/한국8_근현대
1780,은지화,銀紙畵,담뱃갑 은박지에 철필로 선을 새기고 먹이나 물감을 문질러 홈에 남긴 이중섭의 그림. 선묘의 특성이 발현된 독창적 방식으로 희귀성과 작품성을 인정받는다,,,,,,1,한국미술사,개념,근현대,근대;이중섭,서브노트/한국8_근현대
1781,모노하,物派 / 모노파,"1960년대 말 일본에서 이우환이 이론과 실천을 주도한 운동. 돌·철판·유리 같은 사물을 가공하지 않고 놓아 사물과 공간, 인간의 관계를 드러냈다",,"의의: 가공하지 않은 사물 그대로를 놓아 사물과 공간, 인간의 관계를 드러내는 동양 최초의 국제적 현대미술 운동으로 평가됨",배경: 서구 미니멀리즘을 접한 이우환 등이 서구적 재현·구성 개념에 대한 동양적 대안을 모색하며 1968년경 일본에서 주도,,,1,한국미술사,사조,근현대,현대;이우환,서브노트/한국8_근현대
1782,하모니즘,Harmonism / 조형주의,"김흥수가 1977년 발표한 회화. 구상과 비구상, 한국화와 서양화의 요소를 한 화면에 나란히 대비시켜 조화시키며, 바탕에 동양의 음양 사상을 둔다",,,,,,2,한국미술사,사조,근현대,현대;김흥수,서브노트/한국8_근현대
1783,르푸세,repoussé / 타출 기법,얇은 금속판을 뒤에서 망치로 두드려 앞면에 무늬가 도드라지게 하는 금속 공예 기법. 에게·미케네 황금 가면과 잔에서 보인다,,,,,,2,표현기법,기법,,금속공예;고대,서브노트/서양1_선사-중세
1784,테세라,tessera,"모자이크를 이루는 작은 조각. 색 대리석·색유리·금박 유리를 잘라 회반죽에 박아 넣으며, 라벤나 산 비탈레 성당 모자이크가 대표",,,,,,1,표현기법,개념,,모자이크;비잔틴,서브노트/서양1_선사-중세
1785,판토크라토르,Pantocrator,"'만물의 지배자'. 오른손으로 축복하고 왼손에 복음서를 든 그리스도 도상으로, 비잔틴 성당 돔이나 앱스 천장에 그려졌다. 몬레알레·다프니가 대표",,,,,,1,서양미술사,개념,중세,비잔틴;도상,서브노트/서양1_선사-중세
1786,아케이로포이에토스,acheiropoietos,"'사람 손으로 그리지 않은' 그림. 신이 스스로 모습을 드러낸 참된 상이라는 뜻으로, 성상 논쟁 때 성상을 옹호하는 근거가 되었다",,,,,,2,서양미술사,개념,중세,비잔틴;성상논쟁,서브노트/서양1_선사-중세
1787,코벨 구조,corbel / 내쌓기,"돌이나 벽돌을 위로 갈수록 조금씩 안으로 내밀어 쌓아 공간을 덮는 공법. 미케네 아트레우스 보고의 벌집 무덤이 대표로, 진짜 아치 이전의 지지 방식",,,,미케네 아트레우스의 보고 내부,https://commons.wikimedia.org/wiki/Special:FilePath/Le%20Tr%C3%A9sor%20d%27Atr%C3%A9e%2C%20parfois%20appel%C3%A9%20Tombe%20d%27Agamemnon%2C%20int%C3%A9rieur%20d%C3%B4me.jpg?width=700,2,표현기법,기법,,건축;고대,서브노트/서양8_건축
1788,플루팅,fluting / 홈새김,기둥 몸체에 세로로 판 얕은 홈. 도리아식은 홈 사이가 날카롭게 모서리지고 이오니아·코린트식은 모서리를 편평하게 다듬는다,,,,,,2,서양미술사,개념,고대,그리스;건축;오더,서브노트/서양8_건축
1789,라이즈와 엔타시스,rise,기단과 엔타블러처 가운데를 살짝 솟게 하는 것과 기둥 배를 부풀리는 것. 처져 보이거나 오목해 보이는 착시를 막는 그리스 신전의 시각 보정,,,,,,2,서양미술사,개념,고대,그리스;건축;착시,서브노트/서양8_건축
1790,로톤다와 오쿨루스,rotonda / oculus,"원형 평면에 돔을 얹은 건물과, 그 돔 정점에 낸 둥근 개구부. 판테온은 지름 43m 돔 꼭대기의 개구부 하나로 실내를 밝힌다",,,,,,1,서양미술사,개념,고대,로마;건축;판테온,서브노트/서양8_건축
1791,트라야누스 기념주,Trajan's Column,로마 황제의 다키아 전쟁을 200m 가까운 나선형 부조 띠로 새긴 기념 기둥. 기록성과 기념비성을 앞세운 로마 서술 부조의 대표,,,,,,2,서양미술사,작품,고대,로마;부조,서브노트/서양1_선사-중세
1792,스키아차토,schiacciato / 릴리에보 스키아차토,'납작하게 누른' 극단적 저부조. 소묘처럼 얕은 깊이로 원근과 공간을 나타내며 도나텔로가 성 게오르기우스 대좌 부조에서 처음 썼다,,,,"도나텔로, 〈헤로데의 향연〉, 1435년경",https://commons.wikimedia.org/wiki/Special:FilePath/Donatello%2C%20festino%20d%27erode%2C%20marmo%2C%201435%20ca.%2001.jpg?width=700,1,서양미술사,기법,르네상스,조각;도나텔로,서브노트/서양2_르네상스
1793,폰데라치오네,ponderazione / 폰더레이션,한쪽 다리에 체중을 싣고 다른 다리를 자유롭게 두어 몸의 균형을 잡는 자세의 원리. 고대 콘트라포스토를 르네상스가 되살린 것으로 도나텔로 다비드가 대표,,,,,,2,서양미술사,개념,르네상스,조각;콘트라포스토,서브노트/서양2_르네상스
1794,글레이즈,glaze / 글라시,묽고 투명한 물감을 얇은 막처럼 여러 겹 겹쳐 깊고 빛나는 색을 얻는 유화 기법. 반 에이크가 완성했고 렘브란트·클로드 로랭이 즐겨 썼다,,,,,,1,표현기법,기법,,유화;기법,서브노트/서양2_르네상스;서브노트/서양3_바로크
1795,임프리마투라,imprimatura,"바탕 전체에 엷은 중간색을 먼저 칠해 두는 밑칠. 어둠에서 밝음으로 층을 쌓아 올리는 고전 유화의 출발점으로, 베르메르의 투명한 피부 색조도 이 위에 쌓였다",,,,,,2,표현기법,기법,,유화;밑칠,서브노트/서양3_바로크
1796,입회자 자화상,작가의 화중 등장,"화가가 그림 속 군중의 한 사람으로 자신을 그려 넣는 것. 보티첼리 동방박사의 경배, 라파엘로 아테네 학당, 미켈란젤로 최후의 심판의 벗겨진 가죽이 유명하다",,,,,,2,서양미술사,개념,르네상스,자화상;도상,서브노트/서양2_르네상스
1797,브론치노의 궁정 초상,선묘 양식,"차가운 빛과 정교한 선묘, 감정을 지운 무표정과 화려한 의상으로 인물을 개인이 아닌 상류 계층의 일원으로 그린 메디치 궁정 초상. 매너리즘 초상의 전형",,,,,,2,서양미술사,개념,르네상스,매너리즘;초상,서브노트/서양2_르네상스
1798,콰드라투라,quadratura,건축 요소를 원근법으로 그려 천장이 실제로 뚫려 하늘로 이어지는 듯 보이게 하는 환영적 천장화. 포초의 산 이냐치오 천장이 대표,,,,"안드레아 포초, 산티냐치오 성당 천장화, 1685~94",https://commons.wikimedia.org/wiki/Special:FilePath/Triumph%20of%20St.%20Ignatius%20of%20Loyola%2C%20ceiling%20fresco%20by%20Andrea%20Pozzo.jpg?width=700,1,서양미술사,기법,바로크,천장화;환영,서브노트/서양3_바로크
1799,소토 인 수,sotto in sù / 소틴수,'아래에서 위로'. 단축법으로 인물이 머리 위 허공에 떠 있는 듯 보이게 그리는 천장화 기법. 만테냐 결혼의 방에서 시작해 바로크에 절정,,,,"만테냐, 카메라 델리 스포시 천장, 1465~74",https://commons.wikimedia.org/wiki/Special:FilePath/Andrea%20mantegna%2C%20camera%20degli%20sposi%2C%201465-74%2C%20volta%2C%2001.jpg?width=700,1,서양미술사,기법,바로크,천장화;단축법,서브노트/서양3_바로크
1800,트로니,tronie,특정인의 초상이 아니라 표정·의상·유형이 두드러진 가슴 높이의 인물 습작. 렘브란트·베르메르 등 네덜란드 17세기 회화의 한 장르,,,,,,2,서양미술사,개념,바로크,네덜란드;초상,서브노트/서양3_바로크
1801,프롱크 정물,pronkstilleven,'과시하는' 정물. 중국 자기·은그릇·값진 식탁보를 쌓아 네덜란드 중산층의 부를 드러낸 호화 정물화. 칼프가 대표,,,,,,2,서양미술사,개념,바로크,네덜란드;정물화,서브노트/서양3_바로크
1802,보데곤,bodegón / 보테곤,술집·부엌의 소박한 정물과 서민 인물을 함께 그린 스페인 풍속 정물화. 벨라스케스 초기 세비야 시절 작품이 대표,,,,,,2,서양미술사,개념,바로크,스페인;정물화;벨라스케스,서브노트/서양3_바로크
1803,베두타,veduta,도시와 고대 유적을 지형학적으로 정확하게 그린 경관화. 그랜드 투어 기념품으로 수요가 폭증했고 카날레토·과르디가 카메라 오브스쿠라를 써서 그렸다,,,,,,1,서양미술사,개념,바로크,풍경화;베네치아,서브노트/서양3_바로크
1804,그랜드 투어,Grand Tour,17~18세기 북유럽 귀족 자제가 교양을 쌓으려 이탈리아를 여행한 관행. 베두타와 고대 취향의 수요를 만들어 신고전주의 확산의 배경이 되었다,,,,,,1,서양미술사,개념,바로크,계몽주의;신고전주의,서브노트/서양3_바로크
1805,그랜드 매너,Grand Manner / 장려양식,"17~18세기 아카데미가 옹호한 역사화의 이상 양식. 라파엘로·카라치·푸생의 고전적 조화를 본으로 삼고, 레이놀즈가 강연에서 '위대한 양식'으로 정식화했다",,,,,,2,서양미술사,개념,바로크,아카데미;역사화,서브노트/서양3_바로크
1806,픽처레스크,picturesque,'그림이 될 만한'. 매끈한 미와 압도적 숭고 사이에서 거칠고 불규칙한 풍경의 매력을 뜻하는 18세기 영국 미학. 클로드 로랭의 풍경이 그 본보기,,,,,,1,서양미술사,개념,근대,미학;풍경화,서브노트/서양3_바로크;서브노트/서양4_근대
1807,클로드 글라스,Claude glass,"검게 코팅된 작은 볼록 거울. 풍경을 비추면 색조가 낮아지고 초점이 부드러워져 로랭의 그림처럼 보여, 픽처레스크 여행자와 화가가 지녔다",,,,,,3,서양미술사,개념,근대,풍경화;도구,서브노트/서양3_바로크
1808,포슬린 조각,porcelain figure,로코코 시대 마이센·세브르 등에서 만든 도자 인물 조각. 대리석보다 쉽고 섬세하게 사랑스럽고 감미로운 취향을 구현했다,,,,,,3,서양미술사,개념,바로크,로코코;도자;조각,서브노트/서양3_바로크
1809,카라바조의 이중 자화상,골리앗의 머리를 든 다비드,"젊은 자신을 다비드에, 늙은 자신을 잘린 골리앗 머리에 그려 스스로를 단죄하는 자기 연민과 경멸을 동시에 담은 카라바조 만년작",,,,,,2,서양미술사,작품,바로크,카라바조;자화상,서브노트/서양3_바로크
1810,르푸수아르,repoussoir,전경 한쪽에 어둡거나 큰 요소를 두어 시선을 화면 안으로 밀어 넣고 배경이 물러나 보이게 하는 구성 장치. 고갱 설교 뒤의 환영의 나무줄기,,,,,,2,서양미술사,개념,근대,구도;고갱,서브노트/서양4_근대
1811,트리밍 구도,trimming,화면 가장자리에서 인물이나 사물을 과감히 잘라내는 구성. 사진과 우키요에에서 배운 드가·고갱의 화면,,,,,,2,서양미술사,개념,근대,구도;사진,서브노트/서양4_근대
1812,마르코타주,marcottage,로댕이 같은 형상을 다른 작품에 떼어 붙여 반복 사용한 조합 방식. 조각을 이야기에서 떼어 물질과 형태 자체에 집중하게 해 20세기 조각의 반복·파편화를 예고했다,,,,,,2,서양미술사,개념,근대,로댕;조각,서브노트/서양4_근대
1813,파사주,passage,세잔이 사물의 윤곽을 닫지 않고 색면이 이웃 면으로 번져 넘어가게 한 처리. 형태와 배경이 서로 침투해 입체주의 면 분할의 출발이 되었다,,,,"세잔, 〈생트빅투아르 산〉",https://commons.wikimedia.org/wiki/Special:FilePath/Paul%20C%C3%A9zanne%20-%20Mont%20Sainte-Victoire%20and%20the%20Viaduct%20of%20the%20Arc%20River%20Valley%20%28Metropolitan%20Museum%20of%20Art%29.jpg?width=700,1,서양미술사,기법,근대,세잔;입체주의,서브노트/서양4_근대
1814,앙티미즘,intimisme,실내의 조용하고 친근한 일상 장면을 그린 경향. 나비파의 보나르와 뷔야르가 대표,,,,,,2,서양미술사,사조,근대,나비파;실내,서브노트/서양4_근대
1815,플라뇌르,flâneur,근대 도시의 거리를 한가로이 거니는 관찰자. 보들레르가 근대 화가의 태도로 제시했고 마네·르누아르·카유보트의 파리 풍속에 그 시선이 담겼다,,,,,,1,서양미술사,개념,근대,근대성;파리,서브노트/서양4_근대
1816,모네의 연작,시리얼 아트,"같은 대상을 시간과 빛에 따라 여러 점 그린 방식. 건초더미·루앙 대성당·수련으로, 고유색 대신 빛의 현상으로서의 색을 증명했다",,,,,,1,서양미술사,개념,근대,인상주의;모네,서브노트/서양4_근대
1817,솔라리제이션,solarization,현상 도중 인화지를 다시 빛에 노출시켜 명암이 부분적으로 반전되고 윤곽에 검은 선이 생기게 하는 사진 기법. 만 레이와 리 밀러,,,,,,1,서양미술사,기법,현대,사진;초현실주의,서브노트/서양5_현대1
1818,레이요그램,rayograph,만 레이가 카메라 없이 인화지 위에 물체를 놓고 빛을 쬐어 얻은 사진. 포토그램을 자기 이름으로 부른 것,,,,,,2,서양미술사,기법,현대,사진;다다,서브노트/서양5_현대1
1819,이중 노광과 샌드위치 몽타주,double exposure,"한 필름에 두 번 노출해 상을 겹치는 것과, 두 장의 네거티브를 겹쳐 인화하는 것. 초현실주의 사진의 환상적 화면을 만든 방법",,,,,,2,서양미술사,기법,현대,사진;초현실주의,서브노트/서양5_현대1
1820,크로노포토그래피,chronophotography,일정한 시간 간격으로 움직임을 한 판에 다중 노출해 기록한 마레의 사진. 마이브리지의 연속 사진과 함께 미래주의와 뒤샹의 계단을 내려오는 누드에 영향,,,,,,1,서양미술사,개념,현대,사진;미래주의,서브노트/서양5_현대1
1821,포토디나미스모,fotodinamismo / 약동사진,브라갈리아 형제가 움직임의 궤적을 흐릿하게 담은 미래주의 사진. 기록보다 운동의 역동성과 정서를 표현했다,,,,,,3,서양미술사,개념,현대,사진;미래주의,서브노트/서양5_현대1
1822,파롤레 인 리베르타,parole in libertà / 자유 단어,마리네티가 문법과 구두점을 버리고 활자를 화면처럼 배치한 미래주의 시. 다다 콜라주와 타이포그래피에 앞섰다,,,,,,2,서양미술사,개념,현대,미래주의;타이포그래피,서브노트/서양5_현대1
1823,팍투라와 텍토니카,faktura / tektonika,"러시아 구성주의의 두 원리. 재료의 물질적 성질을 있는 그대로 드러내는 것과, 사회적 목적에 맞게 구조를 짜는 것. 타틀린의 카운터 릴리프가 실현",,,,,,1,서양미술사,개념,현대,구성주의;러시아,서브노트/서양5_현대1
1824,카운터 릴리프,counter-relief / 역부조,타틀린이 철·유리·나무를 벽이나 모서리에 걸쳐 실제 공간으로 돌출시킨 부조. 재현을 버리고 재료와 구축만 남긴 구성주의 조각의 출발,,,,,,1,서양미술사,개념,현대,구성주의;타틀린,서브노트/서양5_현대1
1825,프로운,Proun,엘 리시츠키가 '새로운 것을 위한 계획'이라 이름 붙인 작업. 절대주의 기하 형태를 축측 투영으로 띄워 회화와 건축의 중간 지대를 만들었다,,,,,,1,서양미술사,개념,현대,구성주의;절대주의,서브노트/서양5_현대1
1826,큐보 퓨처리즘,Cubo-Futurism,입체주의의 면 분할과 미래주의의 역동성을 결합한 1910년대 러시아 회화. 말레비치가 절대주의로 가기 전 단계,,,,,,2,서양미술사,사조,현대,러시아;입체주의;미래주의,서브노트/서양5_현대1
1827,실린더리즘,cylindrisme / 튜비즘,인체와 사물을 원통과 관 모양으로 환원해 기계적 명쾌함을 준 레제의 입체주의. 비평가가 붙인 이름,,,,,,2,서양미술사,사조,현대,입체주의;레제,서브노트/서양5_현대1
1828,안티 세른,anti-cerne,검은 윤곽선 대신 색면이 맞닿는 자리를 칠하지 않고 남겨 흰 선이 되게 한 마티스의 처리. 색이 스스로 형태를 이루게 한다,,,,,,2,서양미술사,기법,현대,야수주의;마티스,서브노트/서양5_현대1
1829,포슈아르,pochoir,금속판을 오려 만든 형지로 색을 찍어 내는 정교한 스텐실 판화. 마티스 재즈 등 20세기 초 프랑스 삽화집에 널리 쓰였다,,,,,,2,표현기법,기법,,판화;스텐실,서브노트/서양5_현대1
1830,로즈 셀라비,Rrose Sélavy,"뒤샹이 여장한 또 하나의 자아. 만 레이가 찍은 사진으로 남았으며, 작가의 성과 정체성을 유동적인 것으로 만든 안드로지니의 놀이",,,,,,2,서양미술사,개념,현대,다다;뒤샹;젠더,서브노트/서양5_현대1
1831,편집광적 비판 방법,paranoiac-critical method,달리가 환각과 망상을 의도적으로 불러내어 이중 이미지를 극사실로 그려 낸 방법. 하나의 형상이 다른 형상으로 읽히는 겹친 영상,,,,,,1,서양미술사,개념,현대,초현실주의;달리,서브노트/서양5_현대1
1832,오펜하임의 모피 찻잔,Object / 아침 식사,"찻잔과 받침, 숟가락을 모피로 감싼 초현실주의 오브제. 익숙한 사물의 기능을 박탈하고 촉각적 불쾌와 성적 암시를 결합한 물신적 대상",,,,,,2,서양미술사,작품,현대,초현실주의;오브제,서브노트/서양5_현대1
1833,타글리,tagli / 공간 개념,폰타나가 캔버스를 칼로 베거나 뚫은 연작. 평면 뒤의 실제 공간과 행위의 시간을 끌어들여 회화·조각의 경계를 허문 공간주의,,,,,,1,서양미술사,개념,현대,공간주의;폰타나,서브노트/서양5_현대1
1834,스테이닝,staining / 얼룩 기법,밑칠 없는 캔버스에 묽게 희석한 물감을 부어 천에 스며들게 하는 기법. 프랑켄탈러가 시작해 루이스·놀런드의 색면 회화로 이어졌다,,,,,,1,서양미술사,기법,현대,색면회화;후기회화적추상,서브노트/서양6_현대2
1835,베일 연작,Veils,모리스 루이스가 버팀틀 없는 캔버스를 기울여 묽은 물감이 흘러내리게 한 연작. 붓 자국 없이 색의 순수한 시각 효과만 남겼다,,,,,,2,서양미술사,작품,현대,색면회화;루이스,서브노트/서양6_현대2
1836,밀고 당기기,push and pull,호프만의 이론. 색면의 진출과 후퇴가 서로 밀고 당기며 평면 위에 깊이의 긴장을 만든다는 것. 추상표현주의 세대의 교사,,,,,,2,서양미술사,개념,현대,추상표현주의;호프만,서브노트/서양6_현대2
1837,화이트 라이팅,white writing,마크 토비가 어두운 바탕 위를 흰 선의 캘리그래피로 빽빽이 채운 양식. 동양 서예와 명상에서 나온 전면 회화의 선구,,,,,,2,서양미술사,개념,현대,추상표현주의;토비,서브노트/서양6_현대2
1838,앙파트망,empâtement / 오트 파트,물감에 모래·석고·타르 등을 섞어 반죽처럼 두껍게 쌓아 올리는 것. 포트리에 인질 연작과 뒤뷔페가 대표하며 앵포르멜의 물질성,,,,,,1,서양미술사,기법,현대,앵포르멜;마티에르,서브노트/서양6_현대2
1839,우를루프,L'Hourloupe,뒤뷔페가 1962년부터 만든 조어. 빨강·파랑·검정 선으로 화면을 세포처럼 메우는 반자동적 양식으로 회화에서 대형 조각·환경으로 확장했다,,,,,,2,서양미술사,개념,현대,뒤뷔페;아르브뤼,서브노트/서양6_현대2
1840,에피그래피 회화,épigraphie,마티외가 튜브에서 짜낸 물감을 빠른 몸짓으로 화면에 새기듯 남긴 서체적 추상. 관중 앞에서 쇼처럼 그리는 실연으로 유명,,,,,,3,서양미술사,개념,현대,앵포르멜;서체적추상,서브노트/서양6_현대2
1841,슈팅 페인팅,shooting painting / tirs,"니키 드 생팔이 물감 주머니를 붙인 석고 화면에 총을 쏘아 터뜨린 작업. 우연과 폭력, 관람자 참여를 결합했다",,,,,,2,서양미술사,개념,현대,누보레알리즘;참여,서브노트/서양6_현대2
1842,프로즌 해프닝,frozen happening,시걸의 석고 인물 군상을 두고 한 말. 실제 인물에서 뜬 하얀 석고상을 일상 사물 사이에 놓아 얼어붙은 순간처럼 보이게 했다,,,,,,2,서양미술사,개념,현대,팝아트;시걸,서브노트/서양6_현대2
1843,라이프 캐스팅,life casting,"살아 있는 사람 몸에 석고 붕대를 감아 굳힌 뒤 떼어 내 형을 뜨는 방법. 시걸은 겉면 자체를, 핸슨은 그 형에 합성수지를 부어 극사실 인물을 만들었다",,,,,,1,서양미술사,기법,현대,조각;팝아트,서브노트/서양6_현대2
1844,블랙 페인팅,Black Paintings,스텔라가 1959년 발표한 검은 에나멜 줄무늬 그림. 캔버스 형태를 따라 선을 그어 환영을 없애고 '보이는 것이 전부'라는 태도로 미니멀리즘을 열었다,,"의의: 캔버스 형태와 줄무늬를 일치시켜 회화를 환영의 창이 아닌 사물로 규정, 미니멀리즘의 출발을 알림",배경: 추상표현주의의 표현적 붓질에 대한 반발로 1959년경 제작,,,1,서양미술사,작품,현대,미니멀리즘;스텔라,서브노트/서양6_현대2
1845,라인하르트의 궁극의 회화,Ultimate Painting,거의 구분되지 않는 검은 사각 색면으로만 이룬 애드 라인하르트의 만년작. 회화가 다다를 수 있는 마지막 지점이라 선언해 미니멀·개념미술을 예견했다,,,,,,2,서양미술사,개념,현대,모노크롬;미니멀리즘,서브노트/서양6_현대2
1846,월 드로잉,wall drawing,"솔 르윗이 지시문만 쓰고 실행은 남에게 맡겨 벽에 직접 그리게 한 드로잉. 전시가 끝나면 지워지며, 아이디어가 작품이라는 개념미술의 태도",,,,,,1,서양미술사,개념,현대,개념미술;르윗,서브노트/서양6_현대2
1847,로스트 스컬프처,lost sculpture,칼 안드레가 좌대 없이 바닥에 깐 금속판·벽돌 조각을 두고 한 말. 단순한 구조가 실제 사물과 구분되지 않아 환경 속에 '사라진다'는 뜻,,,,,,2,서양미술사,개념,현대,미니멀리즘;안드레,서브노트/서양6_현대2
1848,엔트로피,entropy,스미스슨이 미술에 끌어들인 열역학 개념. 질서에서 무질서로 흐르는 소멸의 과정을 대지미술과 산업 폐허 기록으로 보여 주며 진보 신화를 비판했다,,,,,,1,서양미술사,개념,현대,대지미술;스미스슨,서브노트/서양6_현대2
1849,인시튜 줄무늬,in situ,뷔렌이 8.7cm 폭의 흰 줄무늬를 전시장 벽·거리·건물에 붙여 온 작업. 줄무늬는 늘 같아 장소와 제도 자체가 드러난다,,,,,,2,서양미술사,개념,현대,제도비판;장소특정,서브노트/서양6_현대2
1850,에어 아트,air art,이브 클랭이 공기·불·물 같은 비물질 요소로 시도한 건축과 작업. 비물질적 감수성 지대 판매와 함께 정신성을 향한 개념미술의 선구,,,,,,3,서양미술사,개념,현대,클랭;비물질,서브노트/서양6_현대2
1851,트루이즘,Truisms,제니 홀저가 '남용은 놀라운 일이 아니다' 같은 뻔한 문장 수백 개를 포스터·전광판·돌 벤치에 새긴 작업. 언어를 공공 공간에 놓은 개념미술,,의의: 뻔한 격언 형식의 문구를 공공 매체(전광판·포스터)에 배치해 언어와 이데올로기의 작동 방식을 드러내는 공공 개념미술의 대표작,배경: 1970년대 말 대중매체의 선전 문구와 격언의 권위에 대한 비판적 문제의식을 배경으로 제작,,,1,서양미술사,작품,현대,개념미술;홀저;공공,서브노트/서양6_현대2;서브노트/서양7_포스트모던
1852,네온 조각,neon sculpture,"네온관을 구부려 글자나 형상을 만들고 점멸시키는 작업. 나우만의 언어 유희, 플래빈의 형광등과 함께 빛을 매체로 삼은 조각",,,,,,2,서양미술사,개념,현대,뉴미디어;나우만,서브노트/서양6_현대2
1853,펑크 아트,Funk Art,1960년대 샌프란시스코에서 다다와 팝의 영향으로 나온 경향. 키엔홀츠의 마네킹 아상블라주처럼 기괴하고 지저분한 소재로 사회를 고발했다,,,,,,2,서양미술사,사조,현대,아상블라주;키엔홀츠,서브노트/서양6_현대2
1854,키네티시즘과 옵아트의 차이,,"실제로 움직이는 것과 정지된 화면이 움직여 보이는 것. 바자렐리는 기하 도형의 착시로 후자를 열었고, 팅겔리·칼더는 전자",,,,,,2,서양미술사,개념,현대,옵아트;키네틱아트,서브노트/서양6_현대2
1855,배드 페인팅,Bad Painting,"1978년 뉴 뮤지엄 전시에서 이름 붙은, 일부러 서툴고 조악하게 그린 구상 회화. 미니멀·개념미술의 세련됨에 반발해 신표현주의와 함께 유행",,,,,,2,서양미술사,사조,현대,신표현주의;구상,서브노트/서양7_포스트모던
1856,아브젝트 아트,abject art,"크리스테바의 '비천한 것' 개념을 빌려 배설물·체액·부패 등 밀어내고 싶은 것으로 몸과 정체성을 묻는 1990년대 미술. 키키 스미스, 매카시",,의의: 배설물·체액 등 밀어내고 싶은 신체 이미지로 정체성과 경계의 불안을 드러내 페미니즘·퀴어 미술과 접목됨,배경: 크리스테바의 아브젝션 이론과 1990년대 신체에 대한 불안을 배경으로 대두,,,1,서양미술사,사조,현대,신체;페미니즘,서브노트/서양7_포스트모던
1857,크리매스터 사이클,Cremaster Cycle,매슈 바니가 1994~2002년 만든 다섯 편의 영상 연작. 성이 분화되기 전 태아의 상태를 은유로 남성성과 여성성 사이의 전환 욕망을 다뤘다,,,,,,2,서양미술사,작품,현대,영상;바니,서브노트/서양7_포스트모던
1858,리히터의 사진 회화,photo painting / 블러링,"사진을 캔버스에 옮긴 뒤 마르기 전에 문질러 초점이 나간 듯 흐리게 한 회화. 멀리서는 사진, 가까이서는 붓 자국으로 재현과 회화 사이를 묻는다",,,,,,1,서양미술사,개념,현대,리히터;사진,서브노트/서양7_포스트모던
1859,고백 예술,confessional art,자신의 사생활과 상처를 낱낱이 드러내는 미술. 루이즈 부르주아가 선구이고 트레이시 에민의 침대와 텐트가 대표,,,,,,2,서양미술사,사조,현대,페미니즘;에민,서브노트/서양7_포스트모던
1860,SAMO,SAMO©,바스키아가 1970년대 말 뉴욕 거리에 남긴 낙서 서명. 'same old shit'의 준말로 그래피티가 미술관으로 들어오는 출발점,,,,,,2,서양미술사,개념,현대,그래피티;바스키아,서브노트/서양7_포스트모던
1861,팝 샵,Pop Shop,키스 해링이 1986년 뉴욕에 연 가게. 자기 이미지를 티셔츠·배지로 팔아 대중과 직접 만나려 했으며 미술의 상업화 논쟁을 낳았다,,,,,,3,서양미술사,개념,현대,팝;해링,서브노트/서양7_포스트모던
1862,스핀 페인팅과 스팟 페인팅,spin / spot painting,"허스트의 두 연작. 회전판 위 캔버스에 물감을 부어 우연히 만든 것과, 격자 위에 색점을 규칙적으로 찍어 알약을 떠올리게 한 것",,,,,,2,서양미술사,개념,현대,yBa;허스트,서브노트/서양7_포스트모던
1863,바젤리츠의 거꾸로 그린 그림,Upside-down,1969년부터 형상을 뒤집어 그린 회화. 서사와 재현에서 눈을 떼고 색과 붓질 자체를 보게 하려는 신표현주의의 전략,,,,,,2,서양미술사,개념,현대,신표현주의;바젤리츠,서브노트/서양7_포스트모던
1864,러스티케이션,rustication,석재 표면을 거칠게 남기고 이음매를 깊게 파 무게감을 강조하는 마감. 르네상스 팔라초 1층 외벽의 전형,,,,팔라초 메디치 리카르디 외벽,https://commons.wikimedia.org/wiki/Special:FilePath/Palazzo%20medici%20riccardi%2C%20bugnato%2001.JPG?width=700,2,서양미술사,기법,르네상스,건축;팔라초,서브노트/서양8_건축
1865,팔라초와 파빌리온,palazzo / pavilion,"르네상스 귀족의 도시 대저택과, 본채에서 떨어져 정원이나 박람회에 세운 가벼운 별채·전시관. 후자는 근대 건축 실험의 무대가 되었다",,,,,,2,서양미술사,개념,,건축,서브노트/서양8_건축
1866,순례 성당 양식,pilgrimage church,"순례길에 세워진 로마네스크 성당 형식. 측랑이 후진을 돌아가는 회랑과 방사형 예배당으로 많은 순례자가 성유물을 돌아보게 했다. 콩크, 산티아고",,,,,,1,서양미술사,개념,중세,로마네스크;건축,서브노트/서양8_건축
1867,팀버 루프,timber roof,"목재 트러스로 짠 평평한 천장. 초기 기독교와 이탈리아 로마네스크 바실리카에 남았고, 석조 궁륭으로 바뀌며 로마네스크·고딕 구조가 발달했다",,,,,,3,서양미술사,개념,중세,건축;바실리카,서브노트/서양8_건축
1868,시카고파와 마천루,Chicago School,"1871년 대화재 뒤 철골 구조와 엘리베이터로 고층 건물을 세운 건축가들. 설리번의 '형태는 기능을 따른다'와 시카고 창, 게런티 빌딩의 3단 구성",,"의의: 철골 구조와 엘리베이터로 고층 건물의 실용적 미학(형태는 기능을 따른다)을 확립, 20세기 상업 건축의 토대를 놓음",배경: 1871년 시카고 대화재 이후 도심 재건과 지가 상승에 따른 고층화 수요를 배경으로 대두,,,1,서양미술사,사조,근대,건축;설리번,서브노트/서양8_건축
1869,시그램 빌딩,Seagram Building,미스 반 데어 로에가 1958년 뉴욕에 세운 청동빛 유리 마천루. '적을수록 좋다'의 절제로 국제주의 양식 사무소 건축의 표본이 되었다,,의의: 철골·유리 구조와 장식 없는 절제미로 국제주의 양식 사무소 건축의 표준을 확립,배경: 전후 미국 기업 문화와 미스의 '적을수록 좋다' 신조를 배경으로 1958년 뉴욕에 건립,"미스 반 데어 로에, 〈시그램 빌딩〉, 1958",https://commons.wikimedia.org/wiki/Special:FilePath/Seagram%20Building-NewYork-3.jpg?width=900,1,서양미술사,작품,현대,건축;미스,서브노트/서양8_건축
1870,마타클락의 건물 자르기,building cuts / 반건축,고든 마타클락이 철거 예정 건물을 톱으로 잘라 내부를 드러낸 작업. 짓지 않는 건축이자 장소 특정적 개입으로 사진과 필름만 남았다,,,,,,1,서양미술사,개념,현대,장소특정;마타클락,서브노트/서양8_건축
1871,구마도리,隈取,"일본 회화에서 윤곽 안쪽을 바림하여 입체감을 내는 음영법. 호류지 금당벽화에 철선묘와 함께 쓰였고, 가부키의 얼굴 분장을 가리키는 말이기도 하다",,,,,,2,동양미술사,기법,,일본;음영,서브노트/동양3_인도
1872,호류지 금당벽화,法隆寺 金堂壁畵,7세기 말 나라 호류지 금당의 아미타정토도 등 벽화. 철선묘와 구마도리 음영법으로 당·서역 양식을 보여 주며 고구려 담징이 그렸다는 전승이 있다. 1949년 화재로 손상,,의의: 현존하는 가장 오래된 일본 불교회화로 삼국·수당 불교미술의 국제적 교류를 보여줌,배경: 쇼토쿠 태자의 불교 진흥 정책과 고구려 담징 도래 전승 속에 조성됨(1949년 화재로 손상),"호류지 금당벽화(모사본), 7세기",https://commons.wikimedia.org/wiki/Special:FilePath/Copy%20of%20the%20Horyuji%20Kondo%20Murals%20by%20Wada%20Eisaku%20%28Tokyo%20National%20Museum%29.jpg?width=900,1,동양미술사,작품,,일본;불교회화,서브노트/동양3_인도
1873,일목조와 기목조,一木造·寄木造,"한 그루 통나무에서 상을 깎아 내는 법과 여러 부재를 짜 맞춰 만드는 법. 일본 헤이안 전기는 전자, 후기 조초 이후 후자가 발달해 대형 불상 제작이 쉬워졌다",,,,,,2,동양미술사,기법,,일본;목조불,서브노트/동양3_인도
1874,신덴즈쿠리,寢殿造,"헤이안 귀족 저택 양식. 본채인 침전을 중심으로 부속 건물을 복도로 잇고 앞에 연못 정원을 두며, 실내는 야마토에 병풍과 마키에 기물로 꾸몄다",,,,,,2,동양미술사,개념,,일본;건축,서브노트/동양3_인도
1875,쇼인즈쿠리,書院造,무로마치·모모야마의 무가 주택 양식. 서재와 접객 공간을 살려 도코노마·선반·장지문을 갖췄으며 오늘날 일본 주택의 원형,,,,,,2,동양미술사,개념,,일본;건축,서브노트/동양3_인도
1876,마키에,蒔絵,옻칠 위에 금·은 가루를 뿌려 무늬를 내는 일본 칠공예. 자개를 박는 우리 나전과 달리 가루 장식이 중심,,,,갈대와 배 무늬 마키에 문갑,https://commons.wikimedia.org/wiki/Special:FilePath/Writing%20Box%2C%20Reed%20and%20boat%20design%20in%20%22maki-e%22%20lacquer%2001.jpg?width=700,2,동양미술사,기법,,일본;칠공예,서브노트/한국6_공예
1877,수분 목판화,水分木版 / 수성 인쇄,점성 있는 수성 안료를 붓으로 판에 칠해 찍는 동양의 다색 목판법. 청의 십죽재 화보가 일본에 전해져 우키요에의 판법을 발전시켰다,,,,,,2,동양미술사,기법,,목판화;우키요에,서브노트/동양3_인도;서브노트/표현3_판화
1878,아리타 자기,有田燒,임진왜란 때 끌려간 이삼평 등 조선 도공이 규슈 아리타에서 시작한 일본 최초의 백자. 이마리 항에서 수출되어 유럽 도자기에 영향을 주었다,,,,,,1,동양미술사,개념,,일본;도자;조선도공,서브노트/동양3_인도
1879,피에트라 두라,pietra dura,돌에 홈을 파고 색돌·보석을 끼워 무늬를 만드는 상감 모자이크. 무굴 타지마할의 백대리석 벽면 꽃문양이 대표,,,,타지마할 내부 피에트라 두라 장식,https://commons.wikimedia.org/wiki/Special:FilePath/Art%20Work%20inside%20Taj%20Mahal%2001.JPG?width=700,2,동양미술사,기법,,이슬람;상감;타지마할,서브노트/동양3_인도
1880,타지마할,Taj Mahal,"1632~53년 무굴 황제 샤자한이 왕비를 위해 세운 백대리석 묘당. 사방 대칭의 돔과 미나레트, 피에트라 두라 꽃문양과 아라베스크가 이슬람 건축의 정수",,의의: 이슬람·페르시아·인도 건축 요소를 융합한 무굴 건축의 정점으로 대칭·비례의 극치를 보여줌,"배경: 샤자한이 죽은 왕비 뭄타즈 마할을 위해 세운 묘당으로, 무굴 제국의 국력과 이슬람 내세관이 결합해 등장","샤자한, 〈타지마할〉, 1632~53",https://commons.wikimedia.org/wiki/Special:FilePath/Taj%20Mahal%2C%20Agra%2C%20India%20edit2.jpg?width=900,1,동양미술사,작품,,이슬람;무굴;건축,서브노트/동양3_인도
1881,계화,界畵,"자와 같은 도구로 누각과 건물을 정밀하게 그리는 화법. 송 화원에서 발달했고 원 왕진붕, 청 원파가 이었으며 정선도 북종화법의 하나로 썼다",,,,,,2,동양미술사,기법,,건축화;화원,서브노트/동양2_중국후기
1882,낭세녕,郎世寧 / 카스틸리오네,청 궁정에 봉직한 이탈리아 선교사 화가. 투시도법과 음영을 중국 화법에 결합해 백준도 등 중서 절충 화풍을 열었다,,,,,,2,동양미술사,인물,,청;서양화법,서브노트/동양2_중국후기
1883,채도와 흑도,彩陶·黑陶,"중국 신석기 앙소 문화의 붉은 바탕에 채색 무늬를 그린 토기와, 용산 문화의 환원염으로 검게 광택을 낸 얇은 토기. 산화와 환원 소성의 차이가 색을 갈랐다",,,,,,2,동양미술사,개념,,중국;신석기;토기,서브노트/동양2_중국후기
1884,옥종,玉琮,속은 둥근 통이고 겉은 네모진 신석기 양저 문화의 옥기. 천원지방의 우주관을 담아 제사에 썼다고 본다,,,,,,2,동양미술사,개념,,중국;신석기;옥기,서브노트/동양2_중국후기
1885,태토,胎土,"도자기의 몸을 이루는 흙. 철분이 많으면 붉거나 회색을 띠고, 자기는 고령토를 써서 희고 단단하다",,,,,,1,표현기법,개념,,도자;재료,서브노트/동양2_중국후기;서브노트/한국6_공예
1886,낙동법,烙桐法,오동나무 판재를 뜨거운 인두로 지지고 볏짚으로 문질러 무른 부분을 떨어내고 단단한 나뭇결만 남기는 기법. 조선 목가구 문판의 자연스러운 결 무늬,,,,,,1,한국미술사,기법,조선,목공예;조선가구,서브노트/한국6_공예
1887,목심저피칠기,木心苧被漆器,나무 바탕에 삼베를 바르고 옻칠을 거듭한 뒤 자개를 붙이는 나전칠기의 기본 구조. 삼베가 나무의 뒤틀림을 막는다,,,,,,2,한국미술사,기법,고려,나전칠기;옻칠,서브노트/한국6_공예
1888,대모복채법,玳瑁伏彩法,바다거북 등딱지를 얇게 갈아 투명하게 만들고 뒷면에 붉은색·노란색을 칠해 앞으로 비치게 붙이는 기법. 고려 나전칠기만의 은은한 채색 장식,,,,,,1,한국미술사,기법,고려,나전칠기;고려,서브노트/한국6_공예
1889,평탈,平脫,옻칠한 기물에 얇은 금·은판을 오려 붙이고 다시 칠한 뒤 갈아 내어 무늬를 드러내는 기법. 당에서 유행했고 무령왕릉 두침의 금박 귀갑문에 보인다,,,,,,2,한국미술사,기법,,칠공예;금속,서브노트/한국6_공예;서브노트/동양2_중국후기
1890,압날법,押捺法 / 눌러찍기,무늬를 새긴 틀을 눌러 찍어 장식하는 기법. 백제 산경문전 등 무늬 벽돌과 분청사기 인화문이 이 방식,,,,,,2,한국미술사,기법,,도자;벽돌;백제,서브노트/한국6_공예
1891,화염문,火焰紋,불꽃 모양 무늬. 불상 광배의 가장자리를 두르며 부처의 빛을 나타낸다. 연가7년명 금동여래입상의 광배가 대표,,,,,,2,한국미술사,개념,,불상;광배;문양,서브노트/한국4_불상
1892,일광삼존불,一光三尊佛,하나의 큰 광배 안에 본존과 좌우 협시보살을 함께 새긴 형식. 고구려 계미명·신묘명 금동삼존불과 백제 금동삼존불에 보이는 삼국 시대 소형 불상 형식,,,,,,1,한국미술사,개념,삼국,불상;형식,서브노트/한국4_불상
1893,수은 아말감 도금,水銀 amalgam,"금가루를 수은에 녹여 구리 표면에 바르고 가열해 수은을 날려 금만 남기는 전통 도금법. 금동불과 금동관의 도금이 이 방식으로, 부착력이 크고 색이 선명하다",,,,,,1,한국미술사,기법,,금속공예;도금,서브노트/한국6_공예;서브노트/한국4_불상
1894,외축내탁,外築內托,성벽 바깥쪽만 돌로 쌓고 안쪽은 지형을 이용해 흙으로 메우는 축성법. 수원 화성이 대표로 안에서는 자연스럽고 밖으로는 방어에 유리하다,,,,수원 화성 성벽,https://commons.wikimedia.org/wiki/Special:FilePath/Wall%20of%20Hwaseong%20Fortress%20in%20Suwon%2C%20South%20Korea.jpg?width=700,1,한국미술사,기법,조선,성곽;수원화성,서브노트/한국7_건축
1895,전석교축,甎石交築,성벽을 쌓을 때 화강석과 벽돌을 번갈아 쓰는 축성법. 수원 화성에서 공심돈·포루 등에 벽돌을 써 시간을 줄이고 내구성을 높였다,,,,수원 화성 성벽,https://commons.wikimedia.org/wiki/Special:FilePath/Wall%20of%20Hwaseong%20Fortress%20in%20Suwon%2C%20South%20Korea.jpg?width=700,2,한국미술사,기법,조선,성곽;수원화성;벽돌,서브노트/한국7_건축
1896,전학후묘,前學後廟,"앞에 강학 공간, 뒤에 사당을 두는 서원 배치. 옥산서원·도산서원이 전형이며 중심축을 따라 문루·강당·사당이 질서 있게 놓인다",,,,,,1,한국미술사,개념,조선,서원;배치,서브노트/한국7_건축
1897,석탑의 부재 이름,옥개석·탑신석·우주·탱주,"지붕돌인 옥개석과 그 아래 층단인 옥개받침, 몸돌인 탑신석과 그 모서리 기둥 우주·가운데 기둥 탱주, 상륜부가 시작되는 네모난 노반",,,,,,1,한국미술사,개념,,석탑;용어,서브노트/한국5_탑
1898,결구식과 조적식 석탑,結構式·組積式,"여러 개의 작은 돌을 짜 맞춰 세운 탑과, 한 덩어리 돌에 기둥을 모각해 쌓은 탑. 미륵사지 석탑은 전자로 목탑을 옮긴 모습이고, 통일신라 전형 석탑은 후자로 정형화되었다",,,,,,1,한국미술사,개념,,석탑;구조,서브노트/한국5_탑
1899,고분벽화의 바탕 처리,조벽지법·화장지법,"돌 벽면에 직접 그리는 법과, 벽에 회를 바르고 그 위에 그리는 법. 고구려 벽화는 초기 회벽에서 후기 강서대묘처럼 잘 다듬은 돌면에 직접 그리는 쪽으로 바뀐다",,,,,,2,한국미술사,기법,삼국,고구려;고분벽화,서브노트/한국1_회화전기
1900,고려 불화의 원권무늬와 권운문,圓圈紋·卷雲紋,옷자락에 둥글게 말아 그린 원 무늬와 새털 같은 구름 무늬. 상감청자와 나전에도 보이는 고려 특유의 장식 문양으로 불화 옷 무늬의 시대 판별 기준,,,,,,2,한국미술사,개념,고려,고려불화;문양,서브노트/한국1_회화전기
1901,잠두안미,蠶頭雁尾,예서의 가로획 필법. 붓을 거슬러 넣어 누에머리처럼 둥글게 시작하고 끝을 기러기 꼬리처럼 눌러 뻗는 파책,,,,,,1,표현기법,기법,,서예;예서,서브노트/표현5_서예
1902,마제잠두,馬蹄蠶頭,해서 가로획의 형상. 시작은 말발굽처럼 눌러 넣고 끝은 누에머리처럼 둥글게 거두어 안정감을 준다,,,,,,2,표현기법,기법,,서예;해서,서브노트/표현5_서예
1903,역입과 회봉,逆入·回鋒,"획을 시작할 때 진행 방향과 반대로 붓을 넣는 것과, 끝에서 붓끝을 되돌려 거두는 것. 붓끝을 감추는 장봉의 기본으로 힘 있고 둥근 획을 만든다",,,,,,1,표현기법,기법,,서예;운필,서브노트/표현5_서예
1904,장봉과 노봉,藏鋒·露鋒,"붓끝의 자취를 획 속에 감추는 것과 드러내는 것. 전서·예서는 감추어 둥글고 온화하며, 행서·초서는 드러내어 예리하고 빠르다",,,,,,1,표현기법,개념,,서예;운필,서브노트/표현5_서예
1905,금문과 석고문,金文·石鼓文,"청동 종·솥에 새긴 은주 시대 글자와, 북 모양 돌에 새긴 진의 대전. 갑골문에서 소전으로 가는 전서의 계보를 이루며 오창석이 석고문 임서로 유명하다",,,,,,2,표현기법,개념,,서예;전서;서체사,서브노트/표현5_서예;서브노트/동양2_중국후기
1906,방락,旁落 / 격파,전각에서 인면의 모서리를 일부러 두드려 흠집을 내고 깨뜨리는 것. 고박한 멋과 전체의 조화를 얻고 위조를 막는다,,,,,,2,표현기법,기법,,전각,서브노트/표현5_서예
1907,측관,側款 / 변관,인장의 옆면에 새긴 글. 새긴 사람·때·내력을 적으며 그 자체가 감상 대상이 된다,,,,,,2,표현기법,개념,,전각,서브노트/표현5_서예
1908,샤블로네,Schablone,두꺼운 종이나 금속판을 오려 만든 형지에 솔로 물감을 칠해 같은 형태를 반복해 찍는 공판. 등사판과 스텐실이 이에 속한다,,,,,,3,표현기법,기법,,판화;공판;스텐실,서브노트/표현3_판화
1909,리덕션 판화,reduction print / 소멸 판법,한 장의 판을 파내고 찍기를 되풀이하며 색을 겹치는 다색 판화. 밝은색부터 찍고 판이 점점 줄어들어 같은 판을 다시 쓸 수 없다. 피카소 리노컷,,,,,,1,표현기법,기법,,판화;다색,서브노트/표현3_판화
1910,공방 마크와 블라인드 스탬핑,chop mark,오리지널 판화임을 증명하려 서명 곁에 찍는 공방·작가의 표지. 색 없이 눌러 새기거나 젖은 종이에 넣어 찍는다,,,,,,3,표현기법,개념,,판화;에디션,서브노트/표현3_판화
1911,포인팅 기법,pointing,점 이동기로 원형의 기준점을 재어 돌에 그대로 옮기는 석조 확대·복제법. 정확하지만 시간이 들고 감수성이 무뎌진다는 지적이 있다,,,,,,2,표현기법,기법,,조소;석조,서브노트/표현4_조소
1912,판토그래프,pantograph,평행사변형 링크로 도면이나 형태를 일정 비율로 확대·축소해 옮기는 기구. 조각의 확대와 도안 복제에 쓴다,,,,,,3,표현기법,개념,,조소;도구,서브노트/표현4_조소
1913,철조와 금속조,鐵彫·金屬彫,"철근·철판을 자르고 용접해 만드는 조각과, 철·스테인리스·알루미늄을 접합하는 조각. 곤잘레스 이후 20세기 조각의 주요 매체",,,,,,2,표현기법,개념,,조소;재료,서브노트/표현4_조소
1914,발포 석고,發泡石膏,거품을 넣어 가볍고 무르게 굳힌 석고 덩어리. 깎기 쉬워 양감 있는 형태를 빠르게 만들 수 있으나 습기에 약하다,,,,,,3,표현기법,개념,,조소;재료,서브노트/표현4_조소
1915,안티앨리어싱,anti-aliasing,"래스터 이미지에서 사선과 곡선이 계단처럼 보이는 앨리어싱을, 경계에 중간색 픽셀을 넣어 부드럽게 보이게 하는 처리",,,,,,1,표현기법,개념,,디지털;래스터,서브노트/표현6_디자인
1916,다이캐스팅,die casting,녹인 알루미늄·아연을 강철 금형에 압력으로 밀어 넣어 굳히는 정밀 주조. 정밀한 금속 부품을 대량 생산한다,,,,,,2,표현기법,기법,,산업디자인;주조,서브노트/표현7_디자인사1
1917,사출 성형,injection molding,가열해 녹인 열가소성 플라스틱을 금형에 쏘아 넣어 굳히는 성형법. 일체형 플라스틱 의자처럼 같은 형태를 빠르게 대량 생산한다,,,,,,1,표현기법,기법,,산업디자인;플라스틱,서브노트/표현7_디자인사1
1918,곡목 기술,bentwood / 벤트우드,나무를 수증기로 쪄서 무르게 한 뒤 금형에 넣어 구부리는 기술. 토넷이 1859년 14번 의자로 부품 표준화·분업 조립과 함께 근대 가구 대량 생산을 열었다,,,,,,1,표현기법,기법,,가구;토넷,서브노트/표현7_디자인사1;서브노트/표현8_디자인사2
1919,3차원 성형 합판,molded plywood,합판을 틀에 넣고 눌러 두 방향으로 굽힌 곡면을 얻는 기술. 알토가 2차원 곡목에서 시작했고 임스 부부가 완성해 인체공학적 좌판을 대량 생산했다,,,,,,1,표현기법,기법,,가구;임스;알토,서브노트/표현7_디자인사1;서브노트/표현8_디자인사2
1920,캔틸레버 의자,cantilever chair,"뒷다리 없이 강철관이 앞에서만 받쳐 좌판이 허공에 떠 있는 의자. 슈탐이 먼저 만들고 미스 반 데어 로에의 MR 의자, 브로이어의 B32가 세련되게 다듬었다",,,,,,1,표현기법,개념,,가구;바우하우스;강철관,서브노트/표현8_디자인사2
1921,구심 반동 의자,centripetal spring chair,"1849년 토머스 워런이 만든 최초의 사무 의자. 회전 좌석, 바퀴, C자 스프링의 완충과 모든 방향으로 기울어지는 틸팅 기능을 갖췄다",,,,,,3,표현기법,개념,,가구;사무의자,서브노트/표현8_디자인사2
1922,공기 주입식 의자,Blow chair,"1967년 데 파스·두르비노·로마치가 투명 PVC를 고주파 용접해 만든, 바람을 넣어 부풀리는 의자. 가볍고 값싼 1960년대 일회용 문화의 상징",,,,,,2,표현기법,개념,,가구;팝디자인;플라스틱,서브노트/표현8_디자인사2
1923,사코,Sacco / 빈백,1968년 가티·파올리니·테오도로가 천 주머니에 폴리스티렌 알갱이를 채워 만든 형태 없는 의자. 앉는 사람에 따라 모양이 변하는 반문화적 가구,,,,,,2,표현기법,개념,,가구;팝디자인,서브노트/표현8_디자인사2
1924,임스 라운지 체어와 오토만,Eames Lounge Chair,1956년 임스 부부가 세 장의 성형 합판 셸에 가죽 쿠션을 얹어 만든 안락의자와 발 받침 스툴. 20세기 안락의자의 대표,,,,,,2,표현기법,작품,,가구;임스,서브노트/표현8_디자인사2
1925,토넷 14번 의자,Thonet No.14,1859년 토넷이 곡목 부품 여섯 개와 나사 열 개로 만든 카페 의자. 분해해 운송하고 현지에서 조립해 수천만 개가 팔린 최초의 대량 생산 가구,,"의의: 곡목 기술과 부품 표준화·분업 조립으로 최초의 대량생산 가구를 실현, 근대 산업 디자인의 상징이 됨",배경: 19세기 유럽 카페 문화 확산에 따른 저렴하고 튼튼한 대량 좌석 수요를 배경으로 1859년 제작,"토넷, 〈14번 의자〉, 1859",https://commons.wikimedia.org/wiki/Special:FilePath/Thonet%20Chair%20No.%2014.JPG?width=900,1,표현기법,작품,,가구;토넷;대량생산,서브노트/표현8_디자인사2
1926,리디자인·리스타일링·리사이클링,re-design,"기존 제품의 재료·기능·형태를 개선하는 것, 이미지만 시대감각에 맞게 바꾸는 것, 수명이 다한 것을 다른 제품으로 재생하는 것. 친환경 디자인의 방법들",,,,,,2,표현기법,개념,,친환경디자인;용어,서브노트/표현6_디자인
1927,다품종 소량 생산,,"다양한 종류를 적은 수량씩 만드는 방식. 표준화된 대량 생산에 대한 반성으로 포스트모던 디자인과 주문 제작, 개인화의 흐름을 낳았다",,,,,,2,표현기법,개념,,디자인;생산방식,서브노트/표현6_디자인;서브노트/표현7_디자인사1
1928,인포메셔널 드로잉,informational drawing,크리스토가 대형 포장 프로젝트에 앞서 도면·사진·콜라주로 결과를 정확히 그려 낸 계획 드로잉. 이것을 팔아 다음 작업 비용을 마련했다,,,,,,2,서양미술사,개념,현대,크리스토;대지미술,서브노트/서양6_현대2
1929,카세타주,cachetage,"아르망이 1950년대에 도장과 잡동사니를 화면에 찍어 전사한 초기 작업. '도장 찍다·봉인하다'에서 온 말로, 뒤샹의 제시와 달리 오브제를 능동적 표현 매체로 썼다",,,,,,2,서양미술사,기법,현대,누보레알리즘;아르망,서브노트/표현1_회화
1930,푸마주,fumage,촛불이나 등불의 그을음을 종이 밑에서 움직여 형상을 얻는 자동기술. 볼프강 팔렌이 도입한 초현실주의 기법,,,,,,2,서양미술사,기법,현대,초현실주의;자동기술,서브노트/표현1_회화
1931,박서보의 묘법,描法,유백색 바탕이 마르기 전에 연필로 선을 긋고 지우기를 반복해 만든 연작. 한지와 물감의 물질성을 살린 한국 단색화의 대표,,,,,,1,한국미술사,개념,근현대,단색화;박서보,서브노트/한국8_근현대
1932,김환기의 점화,點畵,1970년대 뉴욕 시기에 김환기가 캔버스 전면에 점을 찍어 나간 그림. '어디서 무엇이 되어 다시 만나랴'가 대표로 한국 추상의 서정을 우주적 화면으로 열었다,,,,,,1,한국미술사,개념,근현대,추상;김환기,서브노트/한국8_근현대
1933,선전의 외광 묘사,外光描寫,"조선미술전람회 초기 서양화를 지배한, 구로다 세이키 계열 일본 아카데미즘의 밝은 야외 빛 묘사. 인상파에서 출발했으나 감미롭고 평면적인 향토색 화풍으로 굳었다",,,,,,2,한국미술사,개념,근현대,근대;조선미술전람회,서브노트/한국8_근현대
